<annotation>
  <folder>VOC2007</folder>
  <filename>000044.jpg</filename>
  <source>
    <database>The VOC2007 Database</database>
    <annotation>PASCAL VOC2007</annotation>
    <image>flickr</image>
    <flickrid>340274411</flickrid>
  </source>
  <owner>
    <flickrid>Urban Echo</flickrid>
    <name>?</name>
  </owner>
  <size>
    <width>500</width>
    <height>333</height>
    <depth>3</depth>
  </size>
  <segmented>0</segmented>
  <object>
    <name>chair</name>
    <pose>Unspecified</pose>
    <truncated>1</truncated>
    <difficult>0</difficult>
    <bndbox>
      <xmin>1</xmin>
      <ymin>1</ymin>
      <xmax>370</xmax>
      <ymax>330</ymax>
    </bndbox>
  </object>
  <object>
    <name>cat</name>
    <pose>Right</pose>
    <truncated>0</truncated>
    <difficult>0</difficult>
    <bndbox>
      <xmin>99</xmin>
      <ymin>101</ymin>
      <xmax>312</xmax>
      <ymax>213</ymax>
    </bndbox>
  </object>
  <object>
    <name>cow</name>
    <pose>Unspecified</pose>
    <truncated>0</truncated>
    <difficult>0</difficult>
    <bndbox>
      <xmin>173</xmin>
      <ymin>204</ymin>
      <xmax>320</xmax>
      <ymax>286</ymax>
    </bndbox>
  </object>
</annotation>
