<annotation>
	<folder>VOC2007</folder>
	<filename>000107.jpg</filename>
	<source>
		<database>The VOC2007 Database</database>
		<annotation>PASCAL VOC2007</annotation>
		<image>flickr</image>
		<flickrid>325992389</flickrid>
	</source>
	<owner>
		<flickrid>anne logie</flickrid>
		<name>?</name>
	</owner>
	<size>
		<width>500</width>
		<height>375</height>
		<depth>3</depth>
	</size>
	<segmented>0</segmented>
	<object>
		<name>sheep</name>
		<pose>Unspecified</pose>
		<truncated>1</truncated>
		<difficult>0</difficult>
		<bndbox>
			<xmin>471</xmin>
			<ymin>174</ymin>
			<xmax>500</xmax>
			<ymax>227</ymax>
		</bndbox>
	</object>
	<object>
		<name>cow</name>
		<pose>Unspecified</pose>
		<truncated>0</truncated>
		<difficult>1</difficult>
		<bndbox>
			<xmin>296</xmin>
			<ymin>149</ymin>
			<xmax>334</xmax>
			<ymax>178</ymax>
		</bndbox>
	</object>
	<object>
		<name>sheep</name>
		<pose>Unspecified</pose>
		<truncated>0</truncated>
		<difficult>1</difficult>
		<bndbox>
			<xmin>242</xmin>
			<ymin>146</ymin>
			<xmax>259</xmax>
			<ymax>169</ymax>
		</bndbox>
	</object>
</annotation>
