<annotation>
	<folder>VOC2007</folder>
	<filename>000101.jpg</filename>
	<source>
		<database>The VOC2007 Database</database>
		<annotation>PASCAL VOC2007</annotation>
		<image>flickr</image>
		<flickrid>338260209</flickrid>
	</source>
	<owner>
		<flickrid>boyonabike</flickrid>
		<name>Young Tran</name>
	</owner>
	<size>
		<width>500</width>
		<height>333</height>
		<depth>3</depth>
	</size>
	<segmented>0</segmented>
	<object>
		<name>chair</name>
		<pose>Unspecified</pose>
		<truncated>1</truncated>
		<difficult>1</difficult>
		<bndbox>
			<xmin>185</xmin>
			<ymin>58</ymin>
			<xmax>348</xmax>
			<ymax>186</ymax>
		</bndbox>
	</object>
	<object>
		<name>person</name>
		<pose>Frontal</pose>
		<truncated>1</truncated>
		<difficult>0</difficult>
		<bndbox>
			<xmin>40</xmin>
			<ymin>64</ymin>
			<xmax>400</xmax>
			<ymax>333</ymax>
		</bndbox>
	</object>
</annotation>
