<annotation>
  <folder>VOC2007</folder>
  <filename>000232.jpg</filename>
  <source>
    <database>The VOC2007 Database</database>
    <annotation>PASCAL VOC2007</annotation>
    <image>flickr</image>
    <flickrid>326192798</flickrid>
  </source>
  <owner>
    <flickrid>emma_rosling</flickrid>
    <name>?</name>
  </owner>
  <size>
    <width>500</width>
    <height>375</height>
    <depth>3</depth>
  </size>
  <segmented>0</segmented>
  <object>
    <name>cow</name>
    <pose>Unspecified</pose>
    <truncated>0</truncated>
    <difficult>0</difficult>
    <bndbox>
      <xmin>47</xmin>
      <ymin>92</ymin>
      <xmax>376</xmax>
      <ymax>334</ymax>
    </bndbox>
  </object>
  <object>
    <name>person</name>
    <pose>Unspecified</pose>
    <truncated>1</truncated>
    <difficult>0</difficult>
    <bndbox>
      <xmin>230</xmin>
      <ymin>32</ymin>
      <xmax>252</xmax>
      <ymax>93</ymax>
    </bndbox>
  </object>
  <object>
    <name>boat</name>
    <pose>Rear</pose>
    <truncated>1</truncated>
    <difficult>0</difficult>
    <bndbox>
      <xmin>404</xmin>
      <ymin>71</ymin>
      <xmax>500</xmax>
      <ymax>119</ymax>
    </bndbox>
  </object>
  <object>
    <name>boat</name>
    <pose>Unspecified</pose>
    <truncated>1</truncated>
    <difficult>1</difficult>
    <bndbox>
      <xmin>1</xmin>
      <ymin>49</ymin>
      <xmax>88</xmax>
      <ymax>92</ymax>
    </bndbox>
  </object>
  <object>
    <name>boat</name>
    <pose>Unspecified</pose>
    <truncated>1</truncated>
    <difficult>1</difficult>
    <bndbox>
      <xmin>55</xmin>
      <ymin>68</ymin>
      <xmax>126</xmax>
      <ymax>90</ymax>
    </bndbox>
  </object>
  <object>
    <name>cow</name>
    <pose>Unspecified</pose>
    <truncated>0</truncated>
    <difficult>0</difficult>
    <bndbox>
      <xmin>170</xmin>
      <ymin>21</ymin>
      <xmax>317</xmax>
      <ymax>103</ymax>
    </bndbox>
  </object>
</annotation>
