<annotation>
  <folder>VOC2007</folder>
  <filename>000203.jpg</filename>
  <source>
    <database>The VOC2007 Database</database>
    <annotation>PASCAL VOC2007</annotation>
    <image>flickr</image>
    <flickrid>320686966</flickrid>
  </source>
  <owner>
    <flickrid>yourFAVORITEmartian</flickrid>
    <name>Marvin</name>
  </owner>
  <size>
    <width>500</width>
    <height>333</height>
    <depth>3</depth>
  </size>
  <segmented>0</segmented>
  <object>
    <name>chair</name>
    <pose>Unspecified</pose>
    <truncated>1</truncated>
    <difficult>0</difficult>
    <bndbox>
      <xmin>52</xmin>
      <ymin>166</ymin>
      <xmax>167</xmax>
      <ymax>332</ymax>
    </bndbox>
  </object>
  <object>
    <name>cow</name>
    <pose>Unspecified</pose>
    <truncated>0</truncated>
    <difficult>0</difficult>
    <bndbox>
      <xmin>147</xmin>
      <ymin>169</ymin>
      <xmax>294</xmax>
      <ymax>251</ymax>
    </bndbox>
  </object>
</annotation>
