<annotation>
	<folder>VOC2007</folder>
	<filename>000359.jpg</filename>
	<source>
		<database>The VOC2007 Database</database>
		<annotation>PASCAL VOC2007</annotation>
		<image>flickr</image>
		<flickrid>338798535</flickrid>
	</source>
	<owner>
		<flickrid>Murmurmel</flickrid>
		<name>Melanie Magilton</name>
	</owner>
	<size>
		<width>432</width>
		<height>500</height>
		<depth>3</depth>
	</size>
	<segmented>0</segmented>
	<object>
		<name>dog</name>
		<pose>Left</pose>
		<truncated>0</truncated>
		<difficult>0</difficult>
		<bndbox>
			<xmin>263</xmin>
			<ymin>266</ymin>
			<xmax>388</xmax>
			<ymax>479</ymax>
		</bndbox>
	</object>
	<object>
		<name>person</name>
		<pose>Unspecified</pose>
		<truncated>0</truncated>
		<difficult>0</difficult>
		<bndbox>
			<xmin>25</xmin>
			<ymin>13</ymin>
			<xmax>288</xmax>
			<ymax>481</ymax>
		</bndbox>
	</object>
	<object>
		<name>chair</name>
		<pose>Unspecified</pose>
		<truncated>0</truncated>
		<difficult>0</difficult>
		<bndbox>
			<xmin>39</xmin>
			<ymin>84</ymin>
			<xmax>420</xmax>
			<ymax>426</ymax>
		</bndbox>
	</object>
</annotation>
