<annotation>
  <folder>VOC2007</folder>
  <filename>000464.jpg</filename>
  <source>
    <database>The VOC2007 Database</database>
    <annotation>PASCAL VOC2007</annotation>
    <image>flickr</image>
    <flickrid>325345072</flickrid>
  </source>
  <owner>
    <flickrid>Chris And Sharon in NZ</flickrid>
    <name>?</name>
  </owner>
  <size>
    <width>375</width>
    <height>500</height>
    <depth>3</depth>
  </size>
  <segmented>1</segmented>
  <object>
    <name>cow</name>
    <pose>Left</pose>
    <truncated>0</truncated>
    <difficult>0</difficult>
    <bndbox>
      <xmin>71</xmin>
      <ymin>252</ymin>
      <xmax>216</xmax>
      <ymax>314</ymax>
    </bndbox>
  </object>
  <object>
    <name>cow</name>
    <pose>Left</pose>
    <truncated>0</truncated>
    <difficult>0</difficult>
    <bndbox>
      <xmin>58</xmin>
      <ymin>202</ymin>
      <xmax>241</xmax>
      <ymax>295</ymax>
    </bndbox>
  </object>
  <object>
    <name>cow</name>
    <pose>Unspecified</pose>
    <truncated>0</truncated>
    <difficult>0</difficult>
    <bndbox>
      <xmin>137</xmin>
      <ymin>228</ymin>
      <xmax>284</xmax>
      <ymax>310</ymax>
    </bndbox>
  </object>
</annotation>
