<annotation>
  <folder>VOC2007</folder>
  <filename>000555.jpg</filename>
  <source>
    <database>The VOC2007 Database</database>
    <annotation>PASCAL VOC2007</annotation>
    <image>flickr</image>
    <flickrid>333546931</flickrid>
  </source>
  <owner>
    <flickrid>sarah.waldie1</flickrid>
    <name>?</name>
  </owner>
  <size>
    <width>500</width>
    <height>375</height>
    <depth>3</depth>
  </size>
  <segmented>0</segmented>
  <object>
    <name>sofa</name>
    <pose>Unspecified</pose>
    <truncated>1</truncated>
    <difficult>0</difficult>
    <bndbox>
      <xmin>2</xmin>
      <ymin>111</ymin>
      <xmax>262</xmax>
      <ymax>299</ymax>
    </bndbox>
  </object>
  <object>
    <name>person</name>
    <pose>Frontal</pose>
    <truncated>1</truncated>
    <difficult>0</difficult>
    <bndbox>
      <xmin>266</xmin>
      <ymin>63</ymin>
      <xmax>332</xmax>
      <ymax>181</ymax>
    </bndbox>
  </object>
  <object>
    <name>person</name>
    <pose>Rear</pose>
    <truncated>1</truncated>
    <difficult>0</difficult>
    <bndbox>
      <xmin>160</xmin>
      <ymin>179</ymin>
      <xmax>422</xmax>
      <ymax>374</ymax>
    </bndbox>
  </object>
  <object>
    <name>person</name>
    <pose>Unspecified</pose>
    <truncated>1</truncated>
    <difficult>0</difficult>
    <bndbox>
      <xmin>1</xmin>
      <ymin>174</ymin>
      <xmax>186</xmax>
      <ymax>374</ymax>
    </bndbox>
  </object>
  <object>
    <name>person</name>
    <pose>Unspecified</pose>
    <truncated>0</truncated>
    <difficult>0</difficult>
    <bndbox>
      <xmin>61</xmin>
      <ymin>90</ymin>
      <xmax>213</xmax>
      <ymax>255</ymax>
    </bndbox>
  </object>
  <object>
    <name>person</name>
    <pose>Unspecified</pose>
    <truncated>1</truncated>
    <difficult>0</difficult>
    <bndbox>
      <xmin>157</xmin>
      <ymin>79</ymin>
      <xmax>261</xmax>
      <ymax>217</ymax>
    </bndbox>
  </object>
  <object>
    <name>chair</name>
    <pose>Frontal</pose>
    <truncated>0</truncated>
    <difficult>0</difficult>
    <bndbox>
      <xmin>270</xmin>
      <ymin>98</ymin>
      <xmax>339</xmax>
      <ymax>188</ymax>
    </bndbox>
  </object>
  <object>
    <name>chair</name>
    <pose>Left</pose>
    <truncated>1</truncated>
    <difficult>0</difficult>
    <bndbox>
      <xmin>422</xmin>
      <ymin>116</ymin>
      <xmax>500</xmax>
      <ymax>224</ymax>
    </bndbox>
  </object>
  <object>
    <name>person</name>
    <pose>Unspecified</pose>
    <truncated>1</truncated>
    <difficult>0</difficult>
    <bndbox>
      <xmin>380</xmin>
      <ymin>92</ymin>
      <xmax>499</xmax>
      <ymax>217</ymax>
    </bndbox>
  </object>
  <object>
    <name>cow</name>
    <pose>Unspecified</pose>
    <truncated>0</truncated>
    <difficult>0</difficult>
    <bndbox>
      <xmin>49</xmin>
      <ymin>66</ymin>
      <xmax>196</xmax>
      <ymax>148</ymax>
    </bndbox>
  </object>
</annotation>
