<annotation>
	<folder>VOC2007</folder>
	<filename>000559.jpg</filename>
	<source>
		<database>The VOC2007 Database</database>
		<annotation>PASCAL VOC2007</annotation>
		<image>flickr</image>
		<flickrid>21505383</flickrid>
	</source>
	<owner>
		<flickrid>Wes Is Rad</flickrid>
		<name>Wes</name>
	</owner>
	<size>
		<width>500</width>
		<height>370</height>
		<depth>3</depth>
	</size>
	<segmented>1</segmented>
	<object>
		<name>bottle</name>
		<pose>Unspecified</pose>
		<truncated>0</truncated>
		<difficult>0</difficult>
		<bndbox>
			<xmin>36</xmin>
			<ymin>250</ymin>
			<xmax>79</xmax>
			<ymax>354</ymax>
		</bndbox>
	</object>
	<object>
		<name>tvmonitor</name>
		<pose>Frontal</pose>
		<truncated>0</truncated>
		<difficult>0</difficult>
		<bndbox>
			<xmin>160</xmin>
			<ymin>26</ymin>
			<xmax>371</xmax>
			<ymax>241</ymax>
		</bndbox>
	</object>
</annotation>
