<annotation>
	<folder>VOC2007</folder>
	<filename>000598.jpg</filename>
	<source>
		<database>The VOC2007 Database</database>
		<annotation>PASCAL VOC2007</annotation>
		<image>flickr</image>
		<flickrid>306053996</flickrid>
	</source>
	<owner>
		<flickrid>bostonlinuxandunix</flickrid>
		<name>?</name>
	</owner>
	<size>
		<width>500</width>
		<height>344</height>
		<depth>3</depth>
	</size>
	<segmented>0</segmented>
	<object>
		<name>tvmonitor</name>
		<pose>Frontal</pose>
		<truncated>0</truncated>
		<difficult>0</difficult>
		<bndbox>
			<xmin>291</xmin>
			<ymin>230</ymin>
			<xmax>419</xmax>
			<ymax>344</ymax>
		</bndbox>
	</object>
	<object>
		<name>chair</name>
		<pose>Left</pose>
		<truncated>0</truncated>
		<difficult>0</difficult>
		<bndbox>
			<xmin>173</xmin>
			<ymin>201</ymin>
			<xmax>259</xmax>
			<ymax>315</ymax>
		</bndbox>
	</object>
	<object>
		<name>tvmonitor</name>
		<pose>Right</pose>
		<truncated>0</truncated>
		<difficult>0</difficult>
		<bndbox>
			<xmin>87</xmin>
			<ymin>146</ymin>
			<xmax>154</xmax>
			<ymax>193</ymax>
		</bndbox>
	</object>
</annotation>
