<annotation>
  <folder>VOC2007</folder>
  <filename>000767.jpg</filename>
  <source>
    <database>The VOC2007 Database</database>
    <annotation>PASCAL VOC2007</annotation>
    <image>flickr</image>
    <flickrid>325312755</flickrid>
  </source>
  <owner>
    <flickrid>Christine.Baker</flickrid>
    <name>Christine</name>
  </owner>
  <size>
    <width>500</width>
    <height>375</height>
    <depth>3</depth>
  </size>
  <segmented>0</segmented>
  <object>
    <name>cow</name>
    <pose>Right</pose>
    <truncated>1</truncated>
    <difficult>0</difficult>
    <bndbox>
      <xmin>32</xmin>
      <ymin>1</ymin>
      <xmax>470</xmax>
      <ymax>318</ymax>
    </bndbox>
  </object>
  <object>
    <name>cow</name>
    <pose>Unspecified</pose>
    <truncated>0</truncated>
    <difficult>0</difficult>
    <bndbox>
      <xmin>249</xmin>
      <ymin>114</ymin>
      <xmax>396</xmax>
      <ymax>196</ymax>
    </bndbox>
  </object>
</annotation>
