<annotation>
  <folder>VOC2007</folder>
  <filename>000903.jpg</filename>
  <source>
    <database>The VOC2007 Database</database>
    <annotation>PASCAL VOC2007</annotation>
    <image>flickr</image>
    <flickrid>324796258</flickrid>
  </source>
  <owner>
    <flickrid>bee lira</flickrid>
    <name>Bee Lira</name>
  </owner>
  <size>
    <width>416</width>
    <height>500</height>
    <depth>3</depth>
  </size>
  <segmented>0</segmented>
  <object>
    <name>person</name>
    <pose>Unspecified</pose>
    <truncated>0</truncated>
    <difficult>0</difficult>
    <bndbox>
      <xmin>41</xmin>
      <ymin>25</ymin>
      <xmax>407</xmax>
      <ymax>366</ymax>
    </bndbox>
  </object>
  <object>
    <name>chair</name>
    <pose>Right</pose>
    <truncated>1</truncated>
    <difficult>0</difficult>
    <bndbox>
      <xmin>30</xmin>
      <ymin>117</ymin>
      <xmax>323</xmax>
      <ymax>500</ymax>
    </bndbox>
  </object>
  <object>
    <name>cow</name>
    <pose>Unspecified</pose>
    <truncated>0</truncated>
    <difficult>0</difficult>
    <bndbox>
      <xmin>207</xmin>
      <ymin>127</ymin>
      <xmax>354</xmax>
      <ymax>209</ymax>
    </bndbox>
  </object>
</annotation>
