<annotation>
  <folder>VOC2007</folder>
  <filename>001204.jpg</filename>
  <source>
    <database>The VOC2007 Database</database>
    <annotation>PASCAL VOC2007</annotation>
    <image>flickr</image>
    <flickrid>299794561</flickrid>
  </source>
  <owner>
    <flickrid>theholidaygirl928</flickrid>
    <name>holly</name>
  </owner>
  <size>
    <width>500</width>
    <height>375</height>
    <depth>3</depth>
  </size>
  <segmented>0</segmented>
  <object>
    <name>sofa</name>
    <pose>Unspecified</pose>
    <truncated>0</truncated>
    <difficult>0</difficult>
    <bndbox>
      <xmin>81</xmin>
      <ymin>192</ymin>
      <xmax>475</xmax>
      <ymax>373</ymax>
    </bndbox>
  </object>
  <object>
    <name>tvmonitor</name>
    <pose>Unspecified</pose>
    <truncated>1</truncated>
    <difficult>1</difficult>
    <bndbox>
      <xmin>486</xmin>
      <ymin>143</ymin>
      <xmax>500</xmax>
      <ymax>201</ymax>
    </bndbox>
  </object>
  <object>
    <name>chair</name>
    <pose>Unspecified</pose>
    <truncated>1</truncated>
    <difficult>1</difficult>
    <bndbox>
      <xmin>456</xmin>
      <ymin>192</ymin>
      <xmax>500</xmax>
      <ymax>266</ymax>
    </bndbox>
  </object>
  <object>
    <name>cow</name>
    <pose>Unspecified</pose>
    <truncated>0</truncated>
    <difficult>0</difficult>
    <bndbox>
      <xmin>29</xmin>
      <ymin>132</ymin>
      <xmax>176</xmax>
      <ymax>214</ymax>
    </bndbox>
  </object>
</annotation>
