<annotation>
  <folder>VOC2007</folder>
  <filename>001292.jpg</filename>
  <source>
    <database>The VOC2007 Database</database>
    <annotation>PASCAL VOC2007</annotation>
    <image>flickr</image>
    <flickrid>322788361</flickrid>
  </source>
  <owner>
    <flickrid>rita banerji</flickrid>
    <name>rita Banerji</name>
  </owner>
  <size>
    <width>500</width>
    <height>375</height>
    <depth>3</depth>
  </size>
  <segmented>0</segmented>
  <object>
    <name>bottle</name>
    <pose>Unspecified</pose>
    <truncated>0</truncated>
    <difficult>0</difficult>
    <bndbox>
      <xmin>363</xmin>
      <ymin>180</ymin>
      <xmax>412</xmax>
      <ymax>344</ymax>
    </bndbox>
  </object>
  <object>
    <name>person</name>
    <pose>Rear</pose>
    <truncated>1</truncated>
    <difficult>0</difficult>
    <bndbox>
      <xmin>61</xmin>
      <ymin>63</ymin>
      <xmax>308</xmax>
      <ymax>338</ymax>
    </bndbox>
  </object>
  <object>
    <name>person</name>
    <pose>Unspecified</pose>
    <truncated>1</truncated>
    <difficult>1</difficult>
    <bndbox>
      <xmin>242</xmin>
      <ymin>45</ymin>
      <xmax>266</xmax>
      <ymax>103</ymax>
    </bndbox>
  </object>
  <object>
    <name>person</name>
    <pose>Unspecified</pose>
    <truncated>1</truncated>
    <difficult>1</difficult>
    <bndbox>
      <xmin>186</xmin>
      <ymin>69</ymin>
      <xmax>215</xmax>
      <ymax>89</ymax>
    </bndbox>
  </object>
  <object>
    <name>car</name>
    <pose>Unspecified</pose>
    <truncated>1</truncated>
    <difficult>1</difficult>
    <bndbox>
      <xmin>154</xmin>
      <ymin>62</ymin>
      <xmax>225</xmax>
      <ymax>97</ymax>
    </bndbox>
  </object>
  <object>
    <name>cow</name>
    <pose>Unspecified</pose>
    <truncated>0</truncated>
    <difficult>0</difficult>
    <bndbox>
      <xmin>207</xmin>
      <ymin>191</ymin>
      <xmax>354</xmax>
      <ymax>273</ymax>
    </bndbox>
  </object>
</annotation>
