<annotation>
	<folder>VOC2007</folder>
	<filename>001263.jpg</filename>
	<source>
		<database>The VOC2007 Database</database>
		<annotation>PASCAL VOC2007</annotation>
		<image>flickr</image>
		<flickrid>322629625</flickrid>
	</source>
	<owner>
		<flickrid>saidanything</flickrid>
		<name>Arielle Castro</name>
	</owner>
	<size>
		<width>500</width>
		<height>375</height>
		<depth>3</depth>
	</size>
	<segmented>0</segmented>
	<object>
		<name>chair</name>
		<pose>Right</pose>
		<truncated>0</truncated>
		<difficult>0</difficult>
		<bndbox>
			<xmin>107</xmin>
			<ymin>170</ymin>
			<xmax>199</xmax>
			<ymax>288</ymax>
		</bndbox>
	</object>
	<object>
		<name>chair</name>
		<pose>Unspecified</pose>
		<truncated>1</truncated>
		<difficult>0</difficult>
		<bndbox>
			<xmin>210</xmin>
			<ymin>156</ymin>
			<xmax>287</xmax>
			<ymax>274</ymax>
		</bndbox>
	</object>
	<object>
		<name>sofa</name>
		<pose>Unspecified</pose>
		<truncated>1</truncated>
		<difficult>1</difficult>
		<bndbox>
			<xmin>417</xmin>
			<ymin>222</ymin>
			<xmax>500</xmax>
			<ymax>354</ymax>
		</bndbox>
	</object>
	<object>
		<name>diningtable</name>
		<pose>Unspecified</pose>
		<truncated>0</truncated>
		<difficult>0</difficult>
		<bndbox>
			<xmin>157</xmin>
			<ymin>159</ymin>
			<xmax>266</xmax>
			<ymax>275</ymax>
		</bndbox>
	</object>
</annotation>
