<annotation>
  <folder>VOC2007</folder>
  <filename>001299.jpg</filename>
  <source>
    <database>The VOC2007 Database</database>
    <annotation>PASCAL VOC2007</annotation>
    <image>flickr</image>
    <flickrid>334719368</flickrid>
  </source>
  <owner>
    <flickrid>artour_a</flickrid>
    <name>Artem Jakorev</name>
  </owner>
  <size>
    <width>429</width>
    <height>500</height>
    <depth>3</depth>
  </size>
  <segmented>1</segmented>
  <object>
    <name>cow</name>
    <pose>Frontal</pose>
    <truncated>0</truncated>
    <difficult>0</difficult>
    <bndbox>
      <xmin>39</xmin>
      <ymin>26</ymin>
      <xmax>229</xmax>
      <ymax>412</ymax>
    </bndbox>
  </object>
  <object>
    <name>cow</name>
    <pose>Frontal</pose>
    <truncated>0</truncated>
    <difficult>0</difficult>
    <bndbox>
      <xmin>211</xmin>
      <ymin>240</ymin>
      <xmax>319</xmax>
      <ymax>408</ymax>
    </bndbox>
  </object>
  <object>
    <name>cow</name>
    <pose>Frontal</pose>
    <truncated>0</truncated>
    <difficult>0</difficult>
    <bndbox>
      <xmin>318</xmin>
      <ymin>221</ymin>
      <xmax>408</xmax>
      <ymax>435</ymax>
    </bndbox>
  </object>
  <object>
    <name>cow</name>
    <pose>Unspecified</pose>
    <truncated>0</truncated>
    <difficult>0</difficult>
    <bndbox>
      <xmin>128</xmin>
      <ymin>16</ymin>
      <xmax>275</xmax>
      <ymax>98</ymax>
    </bndbox>
  </object>
</annotation>
