<annotation>
  <folder>VOC2007</folder>
  <filename>001272.jpg</filename>
  <source>
    <database>The VOC2007 Database</database>
    <annotation>PASCAL VOC2007</annotation>
    <image>flickr</image>
    <flickrid>314131065</flickrid>
  </source>
  <owner>
    <flickrid>Misswynne</flickrid>
    <name>?</name>
  </owner>
  <size>
    <width>500</width>
    <height>414</height>
    <depth>3</depth>
  </size>
  <segmented>0</segmented>
  <object>
    <name>bottle</name>
    <pose>Unspecified</pose>
    <truncated>1</truncated>
    <difficult>0</difficult>
    <bndbox>
      <xmin>182</xmin>
      <ymin>87</ymin>
      <xmax>242</xmax>
      <ymax>202</ymax>
    </bndbox>
  </object>
  <object>
    <name>bottle</name>
    <pose>Unspecified</pose>
    <truncated>1</truncated>
    <difficult>0</difficult>
    <bndbox>
      <xmin>181</xmin>
      <ymin>154</ymin>
      <xmax>300</xmax>
      <ymax>264</ymax>
    </bndbox>
  </object>
  <object>
    <name>person</name>
    <pose>Unspecified</pose>
    <truncated>1</truncated>
    <difficult>0</difficult>
    <bndbox>
      <xmin>103</xmin>
      <ymin>22</ymin>
      <xmax>469</xmax>
      <ymax>414</ymax>
    </bndbox>
  </object>
  <object>
    <name>cow</name>
    <pose>Unspecified</pose>
    <truncated>0</truncated>
    <difficult>0</difficult>
    <bndbox>
      <xmin>315</xmin>
      <ymin>329</ymin>
      <xmax>462</xmax>
      <ymax>411</ymax>
    </bndbox>
  </object>
</annotation>
