<annotation>
  <folder>VOC2007</folder>
  <filename>001231.jpg</filename>
  <source>
    <database>The VOC2007 Database</database>
    <annotation>PASCAL VOC2007</annotation>
    <image>flickr</image>
    <flickrid>337082916</flickrid>
  </source>
  <owner>
    <flickrid>leexine</flickrid>
    <name>Christine</name>
  </owner>
  <size>
    <width>500</width>
    <height>375</height>
    <depth>3</depth>
  </size>
  <segmented>0</segmented>
  <object>
    <name>chair</name>
    <pose>Frontal</pose>
    <truncated>1</truncated>
    <difficult>0</difficult>
    <bndbox>
      <xmin>223</xmin>
      <ymin>127</ymin>
      <xmax>307</xmax>
      <ymax>213</ymax>
    </bndbox>
  </object>
  <object>
    <name>chair</name>
    <pose>Right</pose>
    <truncated>1</truncated>
    <difficult>0</difficult>
    <bndbox>
      <xmin>54</xmin>
      <ymin>142</ymin>
      <xmax>181</xmax>
      <ymax>263</ymax>
    </bndbox>
  </object>
  <object>
    <name>sofa</name>
    <pose>Left</pose>
    <truncated>1</truncated>
    <difficult>0</difficult>
    <bndbox>
      <xmin>295</xmin>
      <ymin>177</ymin>
      <xmax>500</xmax>
      <ymax>375</ymax>
    </bndbox>
  </object>
  <object>
    <name>cow</name>
    <pose>Unspecified</pose>
    <truncated>0</truncated>
    <difficult>0</difficult>
    <bndbox>
      <xmin>327</xmin>
      <ymin>248</ymin>
      <xmax>474</xmax>
      <ymax>330</ymax>
    </bndbox>
  </object>
</annotation>
