<annotation>
	<folder>VOC2007</folder>
	<filename>001580.jpg</filename>
	<source>
		<database>The VOC2007 Database</database>
		<annotation>PASCAL VOC2007</annotation>
		<image>flickr</image>
		<flickrid>316510175</flickrid>
	</source>
	<owner>
		<flickrid>ProFhainerin</flickrid>
		<name>Elisa</name>
	</owner>
	<size>
		<width>500</width>
		<height>375</height>
		<depth>3</depth>
	</size>
	<segmented>0</segmented>
	<object>
		<name>person</name>
		<pose>Frontal</pose>
		<truncated>1</truncated>
		<difficult>0</difficult>
		<part>
			<name>head</name>
			<bndbox>
				<xmin>286</xmin>
				<ymin>68</ymin>
				<xmax>376</xmax>
				<ymax>175</ymax>
			</bndbox>
		</part>
		<part>
			<name>hand</name>
			<bndbox>
				<xmin>261</xmin>
				<ymin>166</ymin>
				<xmax>303</xmax>
				<ymax>207</ymax>
			</bndbox>
		</part>
		<part>
			<name>hand</name>
			<bndbox>
				<xmin>304</xmin>
				<ymin>178</ymin>
				<xmax>368</xmax>
				<ymax>246</ymax>
			</bndbox>
		</part>
		<bndbox>
			<xmin>209</xmin>
			<ymin>67</ymin>
			<xmax>433</xmax>
			<ymax>341</ymax>
		</bndbox>
	</object>
	<object>
		<name>person</name>
		<pose>Frontal</pose>
		<truncated>1</truncated>
		<difficult>0</difficult>
		<part>
			<name>hand</name>
			<bndbox>
				<xmin>85</xmin>
				<ymin>275</ymin>
				<xmax>119</xmax>
				<ymax>311</ymax>
			</bndbox>
		</part>
		<part>
			<name>hand</name>
			<bndbox>
				<xmin>97</xmin>
				<ymin>268</ymin>
				<xmax>120</xmax>
				<ymax>311</ymax>
			</bndbox>
		</part>
		<part>
			<name>head</name>
			<bndbox>
				<xmin>93</xmin>
				<ymin>97</ymin>
				<xmax>154</xmax>
				<ymax>171</ymax>
			</bndbox>
		</part>
		<bndbox>
			<xmin>3</xmin>
			<ymin>96</ymin>
			<xmax>189</xmax>
			<ymax>337</ymax>
		</bndbox>
	</object>
	<object>
		<name>sofa</name>
		<pose>Unspecified</pose>
		<truncated>1</truncated>
		<difficult>1</difficult>
		<bndbox>
			<xmin>3</xmin>
			<ymin>156</ymin>
			<xmax>483</xmax>
			<ymax>368</ymax>
		</bndbox>
	</object>
	<object>
		<name>pottedplant</name>
		<pose>Unspecified</pose>
		<truncated>1</truncated>
		<difficult>1</difficult>
		<bndbox>
			<xmin>1</xmin>
			<ymin>82</ymin>
			<xmax>43</xmax>
			<ymax>273</ymax>
		</bndbox>
	</object>
	<object>
		<name>bottle</name>
		<pose>Unspecified</pose>
		<truncated>1</truncated>
		<difficult>0</difficult>
		<bndbox>
			<xmin>167</xmin>
			<ymin>224</ymin>
			<xmax>210</xmax>
			<ymax>375</ymax>
		</bndbox>
	</object>
	<object>
		<name>bottle</name>
		<pose>Unspecified</pose>
		<truncated>1</truncated>
		<difficult>0</difficult>
		<bndbox>
			<xmin>138</xmin>
			<ymin>252</ymin>
			<xmax>195</xmax>
			<ymax>375</ymax>
		</bndbox>
	</object>
</annotation>
