<annotation>
	<folder>VOC2007</folder>
	<filename>001529.jpg</filename>
	<source>
		<database>The VOC2007 Database</database>
		<annotation>PASCAL VOC2007</annotation>
		<image>flickr</image>
		<flickrid>298850998</flickrid>
	</source>
	<owner>
		<flickrid>JoeBehrDenver</flickrid>
		<name>Joe Wolf</name>
	</owner>
	<size>
		<width>500</width>
		<height>375</height>
		<depth>3</depth>
	</size>
	<segmented>0</segmented>
	<object>
		<name>tvmonitor</name>
		<pose>Rear</pose>
		<truncated>1</truncated>
		<difficult>0</difficult>
		<bndbox>
			<xmin>36</xmin>
			<ymin>170</ymin>
			<xmax>111</xmax>
			<ymax>277</ymax>
		</bndbox>
	</object>
	<object>
		<name>sofa</name>
		<pose>Unspecified</pose>
		<truncated>1</truncated>
		<difficult>0</difficult>
		<bndbox>
			<xmin>160</xmin>
			<ymin>157</ymin>
			<xmax>450</xmax>
			<ymax>317</ymax>
		</bndbox>
	</object>
	<object>
		<name>chair</name>
		<pose>Left</pose>
		<truncated>1</truncated>
		<difficult>0</difficult>
		<bndbox>
			<xmin>354</xmin>
			<ymin>273</ymin>
			<xmax>475</xmax>
			<ymax>375</ymax>
		</bndbox>
	</object>
</annotation>
