<annotation>
  <folder>VOC2007</folder>
  <filename>001531.jpg</filename>
  <source>
    <database>The VOC2007 Database</database>
    <annotation>PASCAL VOC2007</annotation>
    <image>flickr</image>
    <flickrid>326554025</flickrid>
  </source>
  <owner>
    <flickrid>greg.gorman</flickrid>
    <name>?</name>
  </owner>
  <size>
    <width>500</width>
    <height>375</height>
    <depth>3</depth>
  </size>
  <segmented>0</segmented>
  <object>
    <name>chair</name>
    <pose>Frontal</pose>
    <truncated>1</truncated>
    <difficult>0</difficult>
    <bndbox>
      <xmin>48</xmin>
      <ymin>131</ymin>
      <xmax>226</xmax>
      <ymax>375</ymax>
    </bndbox>
  </object>
  <object>
    <name>chair</name>
    <pose>Unspecified</pose>
    <truncated>1</truncated>
    <difficult>1</difficult>
    <bndbox>
      <xmin>273</xmin>
      <ymin>139</ymin>
      <xmax>469</xmax>
      <ymax>375</ymax>
    </bndbox>
  </object>
  <object>
    <name>person</name>
    <pose>Frontal</pose>
    <truncated>1</truncated>
    <difficult>0</difficult>
    <bndbox>
      <xmin>279</xmin>
      <ymin>63</ymin>
      <xmax>463</xmax>
      <ymax>375</ymax>
    </bndbox>
    <part>
      <name>head</name>
      <bndbox>
        <xmin>322</xmin>
        <ymin>63</ymin>
        <xmax>376</xmax>
        <ymax>140</ymax>
      </bndbox>
    </part>
    <part>
      <name>hand</name>
      <bndbox>
        <xmin>345</xmin>
        <ymin>272</ymin>
        <xmax>400</xmax>
        <ymax>314</ymax>
      </bndbox>
    </part>
    <part>
      <name>hand</name>
      <bndbox>
        <xmin>330</xmin>
        <ymin>271</ymin>
        <xmax>387</xmax>
        <ymax>314</ymax>
      </bndbox>
    </part>
  </object>
  <object>
    <name>person</name>
    <pose>Unspecified</pose>
    <truncated>1</truncated>
    <difficult>0</difficult>
    <bndbox>
      <xmin>103</xmin>
      <ymin>60</ymin>
      <xmax>225</xmax>
      <ymax>375</ymax>
    </bndbox>
    <part>
      <name>head</name>
      <bndbox>
        <xmin>165</xmin>
        <ymin>61</ymin>
        <xmax>216</xmax>
        <ymax>130</ymax>
      </bndbox>
    </part>
    <part>
      <name>hand</name>
      <bndbox>
        <xmin>170</xmin>
        <ymin>243</ymin>
        <xmax>204</xmax>
        <ymax>289</ymax>
      </bndbox>
    </part>
    <part>
      <name>hand</name>
      <bndbox>
        <xmin>173</xmin>
        <ymin>265</ymin>
        <xmax>209</xmax>
        <ymax>296</ymax>
      </bndbox>
    </part>
  </object>
  <object>
    <name>cow</name>
    <pose>Unspecified</pose>
    <truncated>0</truncated>
    <difficult>0</difficult>
    <bndbox>
      <xmin>320</xmin>
      <ymin>29</ymin>
      <xmax>467</xmax>
      <ymax>111</ymax>
    </bndbox>
  </object>
</annotation>
