<annotation>
  <folder>VOC2007</folder>
  <filename>001673.jpg</filename>
  <source>
    <database>The VOC2007 Database</database>
    <annotation>PASCAL VOC2007</annotation>
    <image>flickr</image>
    <flickrid>341712998</flickrid>
  </source>
  <owner>
    <flickrid>casear</flickrid>
    <name>Casear Chu</name>
  </owner>
  <size>
    <width>500</width>
    <height>375</height>
    <depth>3</depth>
  </size>
  <segmented>0</segmented>
  <object>
    <name>cat</name>
    <pose>Unspecified</pose>
    <truncated>0</truncated>
    <difficult>0</difficult>
    <bndbox>
      <xmin>36</xmin>
      <ymin>110</ymin>
      <xmax>440</xmax>
      <ymax>319</ymax>
    </bndbox>
  </object>
  <object>
    <name>bottle</name>
    <pose>Unspecified</pose>
    <truncated>1</truncated>
    <difficult>0</difficult>
    <bndbox>
      <xmin>418</xmin>
      <ymin>1</ymin>
      <xmax>482</xmax>
      <ymax>131</ymax>
    </bndbox>
  </object>
  <object>
    <name>cow</name>
    <pose>Unspecified</pose>
    <truncated>0</truncated>
    <difficult>0</difficult>
    <bndbox>
      <xmin>118</xmin>
      <ymin>256</ymin>
      <xmax>265</xmax>
      <ymax>338</ymax>
    </bndbox>
  </object>
</annotation>
