<annotation>
  <folder>VOC2007</folder>
  <filename>001678.jpg</filename>
  <source>
    <database>The VOC2007 Database</database>
    <annotation>PASCAL VOC2007</annotation>
    <image>flickr</image>
    <flickrid>145085442</flickrid>
  </source>
  <owner>
    <flickrid>brandon king</flickrid>
    <name>brandon king</name>
  </owner>
  <size>
    <width>500</width>
    <height>333</height>
    <depth>3</depth>
  </size>
  <segmented>1</segmented>
  <object>
    <name>tvmonitor</name>
    <pose>Unspecified</pose>
    <truncated>1</truncated>
    <difficult>0</difficult>
    <bndbox>
      <xmin>373</xmin>
      <ymin>102</ymin>
      <xmax>500</xmax>
      <ymax>228</ymax>
    </bndbox>
  </object>
  <object>
    <name>tvmonitor</name>
    <pose>Frontal</pose>
    <truncated>0</truncated>
    <difficult>0</difficult>
    <bndbox>
      <xmin>252</xmin>
      <ymin>109</ymin>
      <xmax>349</xmax>
      <ymax>200</ymax>
    </bndbox>
  </object>
  <object>
    <name>person</name>
    <pose>Unspecified</pose>
    <truncated>1</truncated>
    <difficult>0</difficult>
    <bndbox>
      <xmin>107</xmin>
      <ymin>192</ymin>
      <xmax>256</xmax>
      <ymax>333</ymax>
    </bndbox>
  </object>
  <object>
    <name>person</name>
    <pose>Unspecified</pose>
    <truncated>1</truncated>
    <difficult>1</difficult>
    <bndbox>
      <xmin>119</xmin>
      <ymin>62</ymin>
      <xmax>157</xmax>
      <ymax>110</ymax>
    </bndbox>
  </object>
  <object>
    <name>chair</name>
    <pose>Unspecified</pose>
    <truncated>1</truncated>
    <difficult>1</difficult>
    <bndbox>
      <xmin>111</xmin>
      <ymin>82</ymin>
      <xmax>145</xmax>
      <ymax>113</ymax>
    </bndbox>
  </object>
  <object>
    <name>tvmonitor</name>
    <pose>Unspecified</pose>
    <truncated>0</truncated>
    <difficult>1</difficult>
    <bndbox>
      <xmin>164</xmin>
      <ymin>60</ymin>
      <xmax>195</xmax>
      <ymax>84</ymax>
    </bndbox>
  </object>
  <object>
    <name>cow</name>
    <pose>Unspecified</pose>
    <truncated>0</truncated>
    <difficult>0</difficult>
    <bndbox>
      <xmin>93</xmin>
      <ymin>51</ymin>
      <xmax>240</xmax>
      <ymax>133</ymax>
    </bndbox>
  </object>
</annotation>
