<annotation>
	<folder>VOC2007</folder>
	<filename>001771.jpg</filename>
	<source>
		<database>The VOC2007 Database</database>
		<annotation>PASCAL VOC2007</annotation>
		<image>flickr</image>
		<flickrid>290423004</flickrid>
	</source>
	<owner>
		<flickrid>Robbie Coffey</flickrid>
		<name>Robert Coffey</name>
	</owner>
	<size>
		<width>500</width>
		<height>375</height>
		<depth>3</depth>
	</size>
	<segmented>0</segmented>
	<object>
		<name>chair</name>
		<pose>Right</pose>
		<truncated>0</truncated>
		<difficult>0</difficult>
		<bndbox>
			<xmin>61</xmin>
			<ymin>53</ymin>
			<xmax>188</xmax>
			<ymax>218</ymax>
		</bndbox>
	</object>
	<object>
		<name>chair</name>
		<pose>Frontal</pose>
		<truncated>0</truncated>
		<difficult>0</difficult>
		<bndbox>
			<xmin>228</xmin>
			<ymin>2</ymin>
			<xmax>336</xmax>
			<ymax>120</ymax>
		</bndbox>
	</object>
	<object>
		<name>chair</name>
		<pose>Left</pose>
		<truncated>0</truncated>
		<difficult>0</difficult>
		<bndbox>
			<xmin>355</xmin>
			<ymin>67</ymin>
			<xmax>496</xmax>
			<ymax>218</ymax>
		</bndbox>
	</object>
</annotation>
