<annotation>
  <folder>VOC2007</folder>
  <filename>002088.jpg</filename>
  <source>
    <database>The VOC2007 Database</database>
    <annotation>PASCAL VOC2007</annotation>
    <image>flickr</image>
    <flickrid>311580946</flickrid>
  </source>
  <owner>
    <flickrid>xcalakattack</flickrid>
    <name>?</name>
  </owner>
  <size>
    <width>500</width>
    <height>332</height>
    <depth>3</depth>
  </size>
  <segmented>1</segmented>
  <object>
    <name>cow</name>
    <pose>Right</pose>
    <truncated>1</truncated>
    <difficult>0</difficult>
    <bndbox>
      <xmin>1</xmin>
      <ymin>30</ymin>
      <xmax>470</xmax>
      <ymax>332</ymax>
    </bndbox>
  </object>
  <object>
    <name>cow</name>
    <pose>Unspecified</pose>
    <truncated>0</truncated>
    <difficult>0</difficult>
    <bndbox>
      <xmin>200</xmin>
      <ymin>122</ymin>
      <xmax>347</xmax>
      <ymax>204</ymax>
    </bndbox>
  </object>
</annotation>
