<annotation>
	<folder>VOC2007</folder>
	<filename>002098.jpg</filename>
	<source>
		<database>The VOC2007 Database</database>
		<annotation>PASCAL VOC2007</annotation>
		<image>flickr</image>
		<flickrid>337219125</flickrid>
	</source>
	<owner>
		<flickrid>Nienke in OZ &amp; JP</flickrid>
		<name>Nienke Krook</name>
	</owner>
	<size>
		<width>500</width>
		<height>375</height>
		<depth>3</depth>
	</size>
	<segmented>0</segmented>
	<object>
		<name>bottle</name>
		<pose>Unspecified</pose>
		<truncated>0</truncated>
		<difficult>0</difficult>
		<bndbox>
			<xmin>383</xmin>
			<ymin>22</ymin>
			<xmax>468</xmax>
			<ymax>209</ymax>
		</bndbox>
	</object>
	<object>
		<name>bottle</name>
		<pose>Unspecified</pose>
		<truncated>0</truncated>
		<difficult>0</difficult>
		<bndbox>
			<xmin>174</xmin>
			<ymin>5</ymin>
			<xmax>239</xmax>
			<ymax>205</ymax>
		</bndbox>
	</object>
</annotation>
