<annotation>
	<folder>VOC2007</folder>
	<filename>002090.jpg</filename>
	<source>
		<database>The VOC2007 Database</database>
		<annotation>PASCAL VOC2007</annotation>
		<image>flickr</image>
		<flickrid>338536415</flickrid>
	</source>
	<owner>
		<flickrid>The Big Drop</flickrid>
		<name>Shawn Abnoxious</name>
	</owner>
	<size>
		<width>400</width>
		<height>300</height>
		<depth>3</depth>
	</size>
	<segmented>0</segmented>
	<object>
		<name>person</name>
		<pose>Unspecified</pose>
		<truncated>1</truncated>
		<difficult>0</difficult>
		<bndbox>
			<xmin>110</xmin>
			<ymin>44</ymin>
			<xmax>312</xmax>
			<ymax>300</ymax>
		</bndbox>
	</object>
	<object>
		<name>chair</name>
		<pose>Unspecified</pose>
		<truncated>1</truncated>
		<difficult>0</difficult>
		<bndbox>
			<xmin>181</xmin>
			<ymin>165</ymin>
			<xmax>265</xmax>
			<ymax>300</ymax>
		</bndbox>
	</object>
</annotation>
