<annotation>
  <folder>VOC2007</folder>
  <filename>002002.jpg</filename>
  <source>
    <database>The VOC2007 Database</database>
    <annotation>PASCAL VOC2007</annotation>
    <image>flickr</image>
    <flickrid>329709432</flickrid>
  </source>
  <owner>
    <flickrid>smhfour</flickrid>
    <name>Zen Master Steve</name>
  </owner>
  <size>
    <width>500</width>
    <height>375</height>
    <depth>3</depth>
  </size>
  <segmented>0</segmented>
  <object>
    <name>chair</name>
    <pose>Unspecified</pose>
    <truncated>0</truncated>
    <difficult>0</difficult>
    <bndbox>
      <xmin>24</xmin>
      <ymin>163</ymin>
      <xmax>97</xmax>
      <ymax>265</ymax>
    </bndbox>
  </object>
  <object>
    <name>cow</name>
    <pose>Unspecified</pose>
    <truncated>0</truncated>
    <difficult>0</difficult>
    <bndbox>
      <xmin>115</xmin>
      <ymin>242</ymin>
      <xmax>262</xmax>
      <ymax>324</ymax>
    </bndbox>
  </object>
</annotation>
