<annotation>
  <folder>VOC2007</folder>
  <filename>002152.jpg</filename>
  <source>
    <database>The VOC2007 Database</database>
    <annotation>PASCAL VOC2007</annotation>
    <image>flickr</image>
    <flickrid>323447158</flickrid>
  </source>
  <owner>
    <flickrid>Mr. Propaganda</flickrid>
    <name>?</name>
  </owner>
  <size>
    <width>500</width>
    <height>500</height>
    <depth>3</depth>
  </size>
  <segmented>0</segmented>
  <object>
    <name>cow</name>
    <pose>Left</pose>
    <truncated>0</truncated>
    <difficult>0</difficult>
    <bndbox>
      <xmin>284</xmin>
      <ymin>196</ymin>
      <xmax>400</xmax>
      <ymax>284</ymax>
    </bndbox>
  </object>
  <object>
    <name>cow</name>
    <pose>Unspecified</pose>
    <truncated>0</truncated>
    <difficult>0</difficult>
    <bndbox>
      <xmin>326</xmin>
      <ymin>263</ymin>
      <xmax>473</xmax>
      <ymax>345</ymax>
    </bndbox>
  </object>
</annotation>
