<annotation>
  <folder>VOC2007</folder>
  <filename>002124.jpg</filename>
  <source>
    <database>The VOC2007 Database</database>
    <annotation>PASCAL VOC2007</annotation>
    <image>flickr</image>
    <flickrid>328443308</flickrid>
  </source>
  <owner>
    <flickrid>goldexp</flickrid>
    <name>?</name>
  </owner>
  <size>
    <width>500</width>
    <height>333</height>
    <depth>3</depth>
  </size>
  <segmented>0</segmented>
  <object>
    <name>sofa</name>
    <pose>Left</pose>
    <truncated>1</truncated>
    <difficult>0</difficult>
    <bndbox>
      <xmin>333</xmin>
      <ymin>217</ymin>
      <xmax>476</xmax>
      <ymax>333</ymax>
    </bndbox>
  </object>
  <object>
    <name>chair</name>
    <pose>Unspecified</pose>
    <truncated>0</truncated>
    <difficult>0</difficult>
    <bndbox>
      <xmin>266</xmin>
      <ymin>174</ymin>
      <xmax>355</xmax>
      <ymax>277</ymax>
    </bndbox>
  </object>
  <object>
    <name>tvmonitor</name>
    <pose>Right</pose>
    <truncated>0</truncated>
    <difficult>0</difficult>
    <bndbox>
      <xmin>80</xmin>
      <ymin>171</ymin>
      <xmax>139</xmax>
      <ymax>223</ymax>
    </bndbox>
  </object>
  <object>
    <name>cow</name>
    <pose>Unspecified</pose>
    <truncated>0</truncated>
    <difficult>0</difficult>
    <bndbox>
      <xmin>207</xmin>
      <ymin>154</ymin>
      <xmax>354</xmax>
      <ymax>236</ymax>
    </bndbox>
  </object>
</annotation>
