<annotation>
  <folder>VOC2007</folder>
  <filename>002369.jpg</filename>
  <source>
    <database>The VOC2007 Database</database>
    <annotation>PASCAL VOC2007</annotation>
    <image>flickr</image>
    <flickrid>311317369</flickrid>
  </source>
  <owner>
    <flickrid>RacheLeigh</flickrid>
    <name>?</name>
  </owner>
  <size>
    <width>500</width>
    <height>375</height>
    <depth>3</depth>
  </size>
  <segmented>0</segmented>
  <object>
    <name>cow</name>
    <pose>Frontal</pose>
    <truncated>0</truncated>
    <difficult>0</difficult>
    <bndbox>
      <xmin>138</xmin>
      <ymin>135</ymin>
      <xmax>215</xmax>
      <ymax>232</ymax>
    </bndbox>
  </object>
  <object>
    <name>cow</name>
    <pose>Unspecified</pose>
    <truncated>0</truncated>
    <difficult>0</difficult>
    <bndbox>
      <xmin>68</xmin>
      <ymin>196</ymin>
      <xmax>215</xmax>
      <ymax>278</ymax>
    </bndbox>
  </object>
</annotation>
