<annotation>
  <folder>VOC2007</folder>
  <filename>002417.jpg</filename>
  <source>
    <database>The VOC2007 Database</database>
    <annotation>PASCAL VOC2007</annotation>
    <image>flickr</image>
    <flickrid>335715094</flickrid>
  </source>
  <owner>
    <flickrid>Sam Lamb</flickrid>
    <name>Samantha Lamb</name>
  </owner>
  <size>
    <width>500</width>
    <height>500</height>
    <depth>3</depth>
  </size>
  <segmented>0</segmented>
  <object>
    <name>chair</name>
    <pose>Frontal</pose>
    <truncated>0</truncated>
    <difficult>0</difficult>
    <bndbox>
      <xmin>213</xmin>
      <ymin>274</ymin>
      <xmax>301</xmax>
      <ymax>440</ymax>
    </bndbox>
  </object>
  <object>
    <name>cow</name>
    <pose>Unspecified</pose>
    <truncated>0</truncated>
    <difficult>0</difficult>
    <bndbox>
      <xmin>11</xmin>
      <ymin>282</ymin>
      <xmax>158</xmax>
      <ymax>364</ymax>
    </bndbox>
  </object>
</annotation>
