<annotation>
  <folder>VOC2007</folder>
  <filename>002444.jpg</filename>
  <source>
    <database>The VOC2007 Database</database>
    <annotation>PASCAL VOC2007</annotation>
    <image>flickr</image>
    <flickrid>320263236</flickrid>
  </source>
  <owner>
    <flickrid>Donna_K</flickrid>
    <name>?</name>
  </owner>
  <size>
    <width>500</width>
    <height>375</height>
    <depth>3</depth>
  </size>
  <segmented>0</segmented>
  <object>
    <name>person</name>
    <pose>Unspecified</pose>
    <truncated>1</truncated>
    <difficult>0</difficult>
    <part>
      <name>head</name>
      <bndbox>
        <xmin>305</xmin>
        <ymin>98</ymin>
        <xmax>372</xmax>
        <ymax>174</ymax>
      </bndbox>
    </part>
    <part>
      <name>hand</name>
      <bndbox>
        <xmin>290</xmin>
        <ymin>165</ymin>
        <xmax>320</xmax>
        <ymax>196</ymax>
      </bndbox>
    </part>
    <bndbox>
      <xmin>288</xmin>
      <ymin>96</ymin>
      <xmax>415</xmax>
      <ymax>369</ymax>
    </bndbox>
  </object>
  <object>
    <name>person</name>
    <pose>Unspecified</pose>
    <truncated>1</truncated>
    <difficult>0</difficult>
    <part>
      <name>head</name>
      <bndbox>
        <xmin>249</xmin>
        <ymin>123</ymin>
        <xmax>286</xmax>
        <ymax>169</ymax>
      </bndbox>
    </part>
    <part>
      <name>hand</name>
      <bndbox>
        <xmin>214</xmin>
        <ymin>217</ymin>
        <xmax>229</xmax>
        <ymax>242</ymax>
      </bndbox>
    </part>
    <part>
      <name>hand</name>
      <bndbox>
        <xmin>255</xmin>
        <ymin>210</ymin>
        <xmax>283</xmax>
        <ymax>236</ymax>
      </bndbox>
    </part>
    <bndbox>
      <xmin>213</xmin>
      <ymin>120</ymin>
      <xmax>330</xmax>
      <ymax>285</ymax>
    </bndbox>
  </object>
  <object>
    <name>bottle</name>
    <pose>Unspecified</pose>
    <truncated>1</truncated>
    <difficult>0</difficult>
    <bndbox>
      <xmin>123</xmin>
      <ymin>272</ymin>
      <xmax>164</xmax>
      <ymax>375</ymax>
    </bndbox>
  </object>
  <object>
    <name>bottle</name>
    <pose>Unspecified</pose>
    <truncated>1</truncated>
    <difficult>0</difficult>
    <bndbox>
      <xmin>2</xmin>
      <ymin>274</ymin>
      <xmax>31</xmax>
      <ymax>372</ymax>
    </bndbox>
  </object>
  <object>
    <name>cow</name>
    <pose>Unspecified</pose>
    <truncated>0</truncated>
    <difficult>0</difficult>
    <bndbox>
      <xmin>66</xmin>
      <ymin>24</ymin>
      <xmax>213</xmax>
      <ymax>106</ymax>
    </bndbox>
  </object>
</annotation>
