<annotation>
	<folder>VOC2007</folder>
	<filename>002794.jpg</filename>
	<source>
		<database>The VOC2007 Database</database>
		<annotation>PASCAL VOC2007</annotation>
		<image>flickr</image>
		<flickrid>333867848</flickrid>
	</source>
	<owner>
		<flickrid>love in the time of science</flickrid>
		<name>Digvijoy Sodhi</name>
	</owner>
	<size>
		<width>500</width>
		<height>375</height>
		<depth>3</depth>
	</size>
	<segmented>0</segmented>
	<object>
		<name>cow</name>
		<pose>Unspecified</pose>
		<truncated>0</truncated>
		<difficult>0</difficult>
		<bndbox>
			<xmin>114</xmin>
			<ymin>21</ymin>
			<xmax>425</xmax>
			<ymax>360</ymax>
		</bndbox>
	</object>
</annotation>
