<annotation>
	<folder>VOC2007</folder>
	<filename>002763.jpg</filename>
	<source>
		<database>The VOC2007 Database</database>
		<annotation>PASCAL VOC2007</annotation>
		<image>flickr</image>
		<flickrid>316481720</flickrid>
	</source>
	<owner>
		<flickrid>k r y s t a l</flickrid>
		<name>?</name>
	</owner>
	<size>
		<width>500</width>
		<height>375</height>
		<depth>3</depth>
	</size>
	<segmented>0</segmented>
	<object>
		<name>cow</name>
		<pose>Right</pose>
		<truncated>0</truncated>
		<difficult>0</difficult>
		<bndbox>
			<xmin>65</xmin>
			<ymin>117</ymin>
			<xmax>411</xmax>
			<ymax>347</ymax>
		</bndbox>
	</object>
</annotation>
