<annotation>
  <folder>VOC2007</folder>
  <filename>002881.jpg</filename>
  <source>
    <database>The VOC2007 Database</database>
    <annotation>PASCAL VOC2007</annotation>
    <image>flickr</image>
    <flickrid>331592488</flickrid>
  </source>
  <owner>
    <flickrid>~JB~</flickrid>
    <name>~JB~</name>
  </owner>
  <size>
    <width>500</width>
    <height>500</height>
    <depth>3</depth>
  </size>
  <segmented>0</segmented>
  <object>
    <name>bottle</name>
    <pose>Unspecified</pose>
    <truncated>0</truncated>
    <difficult>0</difficult>
    <bndbox>
      <xmin>394</xmin>
      <ymin>341</ymin>
      <xmax>426</xmax>
      <ymax>425</ymax>
    </bndbox>
  </object>
  <object>
    <name>person</name>
    <pose>Unspecified</pose>
    <truncated>0</truncated>
    <difficult>0</difficult>
    <bndbox>
      <xmin>85</xmin>
      <ymin>43</ymin>
      <xmax>323</xmax>
      <ymax>470</ymax>
    </bndbox>
    <part>
      <name>head</name>
      <bndbox>
        <xmin>143</xmin>
        <ymin>59</ymin>
        <xmax>232</xmax>
        <ymax>165</ymax>
      </bndbox>
    </part>
    <part>
      <name>hand</name>
      <bndbox>
        <xmin>134</xmin>
        <ymin>256</ymin>
        <xmax>195</xmax>
        <ymax>326</ymax>
      </bndbox>
    </part>
    <part>
      <name>hand</name>
      <bndbox>
        <xmin>132</xmin>
        <ymin>273</ymin>
        <xmax>172</xmax>
        <ymax>326</ymax>
      </bndbox>
    </part>
    <part>
      <name>foot</name>
      <bndbox>
        <xmin>108</xmin>
        <ymin>388</ymin>
        <xmax>183</xmax>
        <ymax>438</ymax>
      </bndbox>
    </part>
    <part>
      <name>foot</name>
      <bndbox>
        <xmin>209</xmin>
        <ymin>409</ymin>
        <xmax>276</xmax>
        <ymax>470</ymax>
      </bndbox>
    </part>
  </object>
  <object>
    <name>cow</name>
    <pose>Unspecified</pose>
    <truncated>0</truncated>
    <difficult>0</difficult>
    <bndbox>
      <xmin>27</xmin>
      <ymin>408</ymin>
      <xmax>174</xmax>
      <ymax>490</ymax>
    </bndbox>
  </object>
</annotation>
