<annotation>
	<folder>VOC2007</folder>
	<filename>002953.jpg</filename>
	<source>
		<database>The VOC2007 Database</database>
		<annotation>PASCAL VOC2007</annotation>
		<image>flickr</image>
		<flickrid>150560686</flickrid>
	</source>
	<owner>
		<flickrid>GenkiGenki</flickrid>
		<name>Christopher Vu</name>
	</owner>
	<size>
		<width>500</width>
		<height>370</height>
		<depth>3</depth>
	</size>
	<segmented>1</segmented>
	<object>
		<name>bottle</name>
		<pose>Unspecified</pose>
		<truncated>0</truncated>
		<difficult>0</difficult>
		<bndbox>
			<xmin>25</xmin>
			<ymin>102</ymin>
			<xmax>93</xmax>
			<ymax>325</ymax>
		</bndbox>
	</object>
	<object>
		<name>bottle</name>
		<pose>Unspecified</pose>
		<truncated>0</truncated>
		<difficult>0</difficult>
		<bndbox>
			<xmin>94</xmin>
			<ymin>104</ymin>
			<xmax>166</xmax>
			<ymax>337</ymax>
		</bndbox>
	</object>
	<object>
		<name>bottle</name>
		<pose>Unspecified</pose>
		<truncated>0</truncated>
		<difficult>0</difficult>
		<bndbox>
			<xmin>165</xmin>
			<ymin>103</ymin>
			<xmax>247</xmax>
			<ymax>347</ymax>
		</bndbox>
	</object>
	<object>
		<name>tvmonitor</name>
		<pose>Unspecified</pose>
		<truncated>0</truncated>
		<difficult>0</difficult>
		<bndbox>
			<xmin>216</xmin>
			<ymin>52</ymin>
			<xmax>416</xmax>
			<ymax>304</ymax>
		</bndbox>
	</object>
	<object>
		<name>tvmonitor</name>
		<pose>Unspecified</pose>
		<truncated>0</truncated>
		<difficult>1</difficult>
		<bndbox>
			<xmin>89</xmin>
			<ymin>61</ymin>
			<xmax>162</xmax>
			<ymax>141</ymax>
		</bndbox>
	</object>
</annotation>
