<annotation>
	<folder>VOC2007</folder>
	<filename>003284.jpg</filename>
	<source>
		<database>The VOC2007 Database</database>
		<annotation>PASCAL VOC2007</annotation>
		<image>flickr</image>
		<flickrid>301448089</flickrid>
	</source>
	<owner>
		<flickrid>David and Sun Joo</flickrid>
		<name>?</name>
	</owner>
	<size>
		<width>500</width>
		<height>375</height>
		<depth>3</depth>
	</size>
	<segmented>0</segmented>
	<object>
		<name>boat</name>
		<pose>Unspecified</pose>
		<truncated>1</truncated>
		<difficult>1</difficult>
		<bndbox>
			<xmin>324</xmin>
			<ymin>221</ymin>
			<xmax>445</xmax>
			<ymax>314</ymax>
		</bndbox>
	</object>
	<object>
		<name>pottedplant</name>
		<pose>Unspecified</pose>
		<truncated>0</truncated>
		<difficult>0</difficult>
		<bndbox>
			<xmin>336</xmin>
			<ymin>186</ymin>
			<xmax>441</xmax>
			<ymax>227</ymax>
		</bndbox>
	</object>
	<object>
		<name>chair</name>
		<pose>Unspecified</pose>
		<truncated>1</truncated>
		<difficult>1</difficult>
		<bndbox>
			<xmin>61</xmin>
			<ymin>255</ymin>
			<xmax>176</xmax>
			<ymax>375</ymax>
		</bndbox>
	</object>
	<object>
		<name>diningtable</name>
		<pose>Unspecified</pose>
		<truncated>1</truncated>
		<difficult>1</difficult>
		<bndbox>
			<xmin>1</xmin>
			<ymin>278</ymin>
			<xmax>117</xmax>
			<ymax>375</ymax>
		</bndbox>
	</object>
	<object>
		<name>person</name>
		<pose>Unspecified</pose>
		<truncated>1</truncated>
		<difficult>0</difficult>
		<bndbox>
			<xmin>61</xmin>
			<ymin>172</ymin>
			<xmax>233</xmax>
			<ymax>372</ymax>
		</bndbox>
		<part>
			<name>head</name>
			<bndbox>
				<xmin>104.1534</xmin>
				<ymin>174.1422</ymin>
				<xmax>148.2464</xmax>
				<ymax>232.0929</ymax>
			</bndbox>
		</part>
		<part>
			<name>hand</name>
			<bndbox>
				<xmin>180.5812</xmin>
				<ymin>328.2576</ymin>
				<xmax>210.8163</xmax>
				<ymax>356.3931</ymax>
			</bndbox>
		</part>
		<part>
			<name>hand</name>
			<bndbox>
				<xmin>61.3203</xmin>
				<ymin>269.047</ymin>
				<xmax>86.5162</xmax>
				<ymax>287.1041</ymax>
			</bndbox>
		</part>
	</object>
	<object>
		<name>sofa</name>
		<pose>Unspecified</pose>
		<truncated>1</truncated>
		<difficult>1</difficult>
		<bndbox>
			<xmin>443</xmin>
			<ymin>262</ymin>
			<xmax>500</xmax>
			<ymax>375</ymax>
		</bndbox>
	</object>
	<object>
		<name>dog</name>
		<pose>Frontal</pose>
		<truncated>1</truncated>
		<difficult>0</difficult>
		<bndbox>
			<xmin>345</xmin>
			<ymin>303</ymin>
			<xmax>443</xmax>
			<ymax>375</ymax>
		</bndbox>
	</object>
</annotation>
