<annotation>
	<folder>VOC2007</folder>
	<filename>003239.jpg</filename>
	<source>
		<database>The VOC2007 Database</database>
		<annotation>PASCAL VOC2007</annotation>
		<image>flickr</image>
		<flickrid>331121999</flickrid>
	</source>
	<owner>
		<flickrid>birdy93</flickrid>
		<name>He's so mainit.</name>
	</owner>
	<size>
		<width>500</width>
		<height>375</height>
		<depth>3</depth>
	</size>
	<segmented>0</segmented>
	<object>
		<name>chair</name>
		<pose>Unspecified</pose>
		<truncated>0</truncated>
		<difficult>0</difficult>
		<bndbox>
			<xmin>316</xmin>
			<ymin>160</ymin>
			<xmax>448</xmax>
			<ymax>288</ymax>
		</bndbox>
	</object>
	<object>
		<name>pottedplant</name>
		<pose>Unspecified</pose>
		<truncated>0</truncated>
		<difficult>0</difficult>
		<bndbox>
			<xmin>83</xmin>
			<ymin>241</ymin>
			<xmax>135</xmax>
			<ymax>328</ymax>
		</bndbox>
	</object>
</annotation>
