<annotation>
	<folder>VOC2007</folder>
	<filename>003216.jpg</filename>
	<source>
		<database>The VOC2007 Database</database>
		<annotation>PASCAL VOC2007</annotation>
		<image>flickr</image>
		<flickrid>340119676</flickrid>
	</source>
	<owner>
		<flickrid>mavra_chang</flickrid>
		<name>Mavra Chang</name>
	</owner>
	<size>
		<width>500</width>
		<height>333</height>
		<depth>3</depth>
	</size>
	<segmented>0</segmented>
	<object>
		<name>dog</name>
		<pose>Unspecified</pose>
		<truncated>0</truncated>
		<difficult>0</difficult>
		<bndbox>
			<xmin>135</xmin>
			<ymin>74</ymin>
			<xmax>380</xmax>
			<ymax>285</ymax>
		</bndbox>
	</object>
	<object>
		<name>chair</name>
		<pose>Unspecified</pose>
		<truncated>1</truncated>
		<difficult>1</difficult>
		<bndbox>
			<xmin>1</xmin>
			<ymin>1</ymin>
			<xmax>295</xmax>
			<ymax>85</ymax>
		</bndbox>
	</object>
</annotation>
