<annotation>
  <folder>VOC2007</folder>
  <filename>003360.jpg</filename>
  <source>
    <database>The VOC2007 Database</database>
    <annotation>PASCAL VOC2007</annotation>
    <image>flickr</image>
    <flickrid>339373909</flickrid>
  </source>
  <owner>
    <flickrid>Corgi_T</flickrid>
    <name>Tricia Lewis</name>
  </owner>
  <size>
    <width>333</width>
    <height>500</height>
    <depth>3</depth>
  </size>
  <segmented>0</segmented>
  <object>
    <name>chair</name>
    <pose>Unspecified</pose>
    <truncated>1</truncated>
    <difficult>1</difficult>
    <bndbox>
      <xmin>1</xmin>
      <ymin>154</ymin>
      <xmax>43</xmax>
      <ymax>331</ymax>
    </bndbox>
  </object>
  <object>
    <name>person</name>
    <pose>Frontal</pose>
    <truncated>0</truncated>
    <difficult>0</difficult>
    <bndbox>
      <xmin>40</xmin>
      <ymin>4</ymin>
      <xmax>312</xmax>
      <ymax>408</ymax>
    </bndbox>
  </object>
  <object>
    <name>dog</name>
    <pose>Rear</pose>
    <truncated>0</truncated>
    <difficult>0</difficult>
    <bndbox>
      <xmin>99</xmin>
      <ymin>254</ymin>
      <xmax>220</xmax>
      <ymax>481</ymax>
    </bndbox>
  </object>
  <object>
    <name>cow</name>
    <pose>Unspecified</pose>
    <truncated>0</truncated>
    <difficult>0</difficult>
    <bndbox>
      <xmin>123</xmin>
      <ymin>353</ymin>
      <xmax>270</xmax>
      <ymax>435</ymax>
    </bndbox>
  </object>
</annotation>
