<annotation>
	<folder>VOC2007</folder>
	<filename>003301.jpg</filename>
	<source>
		<database>The VOC2007 Database</database>
		<annotation>PASCAL VOC2007</annotation>
		<image>flickr</image>
		<flickrid>341169418</flickrid>
	</source>
	<owner>
		<flickrid>mgewalden</flickrid>
		<name>Matthew Walden</name>
	</owner>
	<size>
		<width>500</width>
		<height>333</height>
		<depth>3</depth>
	</size>
	<segmented>0</segmented>
	<object>
		<name>person</name>
		<pose>Frontal</pose>
		<truncated>1</truncated>
		<difficult>0</difficult>
		<part>
			<name>hand</name>
			<bndbox>
				<xmin>129</xmin>
				<ymin>174</ymin>
				<xmax>184</xmax>
				<ymax>208</ymax>
			</bndbox>
		</part>
		<part>
			<name>hand</name>
			<bndbox>
				<xmin>151</xmin>
				<ymin>227</ymin>
				<xmax>202</xmax>
				<ymax>278</ymax>
			</bndbox>
		</part>
		<part>
			<name>head</name>
			<bndbox>
				<xmin>111</xmin>
				<ymin>44</ymin>
				<xmax>188</xmax>
				<ymax>128</ymax>
			</bndbox>
		</part>
		<bndbox>
			<xmin>97</xmin>
			<ymin>41</ymin>
			<xmax>271</xmax>
			<ymax>333</ymax>
		</bndbox>
	</object>
	<object>
		<name>dog</name>
		<pose>Unspecified</pose>
		<truncated>1</truncated>
		<difficult>0</difficult>
		<bndbox>
			<xmin>104</xmin>
			<ymin>196</ymin>
			<xmax>236</xmax>
			<ymax>294</ymax>
		</bndbox>
	</object>
	<object>
		<name>chair</name>
		<pose>Unspecified</pose>
		<truncated>1</truncated>
		<difficult>1</difficult>
		<bndbox>
			<xmin>96</xmin>
			<ymin>190</ymin>
			<xmax>291</xmax>
			<ymax>333</ymax>
		</bndbox>
	</object>
	<object>
		<name>pottedplant</name>
		<pose>Unspecified</pose>
		<truncated>1</truncated>
		<difficult>0</difficult>
		<bndbox>
			<xmin>4</xmin>
			<ymin>110</ymin>
			<xmax>109</xmax>
			<ymax>309</ymax>
		</bndbox>
	</object>
</annotation>
