<annotation>
	<folder>VOC2007</folder>
	<filename>003401.jpg</filename>
	<source>
		<database>The VOC2007 Database</database>
		<annotation>PASCAL VOC2007</annotation>
		<image>flickr</image>
		<flickrid>333896191</flickrid>
	</source>
	<owner>
		<flickrid>gloriawaite</flickrid>
		<name>?</name>
	</owner>
	<size>
		<width>500</width>
		<height>281</height>
		<depth>3</depth>
	</size>
	<segmented>0</segmented>
	<object>
		<name>tvmonitor</name>
		<pose>Unspecified</pose>
		<truncated>0</truncated>
		<difficult>0</difficult>
		<bndbox>
			<xmin>246</xmin>
			<ymin>106</ymin>
			<xmax>301</xmax>
			<ymax>183</ymax>
		</bndbox>
	</object>
	<object>
		<name>chair</name>
		<pose>Rear</pose>
		<truncated>1</truncated>
		<difficult>0</difficult>
		<bndbox>
			<xmin>19</xmin>
			<ymin>141</ymin>
			<xmax>191</xmax>
			<ymax>281</ymax>
		</bndbox>
	</object>
</annotation>
