<annotation>
  <folder>VOC2007</folder>
  <filename>003477.jpg</filename>
  <source>
    <database>The VOC2007 Database</database>
    <annotation>PASCAL VOC2007</annotation>
    <image>flickr</image>
    <flickrid>335586893</flickrid>
  </source>
  <owner>
    <flickrid>kaiwhaiwera</flickrid>
    <name>Ame</name>
  </owner>
  <size>
    <width>500</width>
    <height>375</height>
    <depth>3</depth>
  </size>
  <segmented>0</segmented>
  <object>
    <name>chair</name>
    <pose>Unspecified</pose>
    <truncated>0</truncated>
    <difficult>0</difficult>
    <bndbox>
      <xmin>98</xmin>
      <ymin>115</ymin>
      <xmax>259</xmax>
      <ymax>351</ymax>
    </bndbox>
  </object>
  <object>
    <name>cow</name>
    <pose>Unspecified</pose>
    <truncated>0</truncated>
    <difficult>0</difficult>
    <bndbox>
      <xmin>96</xmin>
      <ymin>92</ymin>
      <xmax>243</xmax>
      <ymax>174</ymax>
    </bndbox>
  </object>
</annotation>
