<annotation>
	<folder>VOC2007</folder>
	<filename>003451.jpg</filename>
	<source>
		<database>The VOC2007 Database</database>
		<annotation>PASCAL VOC2007</annotation>
		<image>flickr</image>
		<flickrid>336667500</flickrid>
	</source>
	<owner>
		<flickrid>brianpirwin</flickrid>
		<name>Brian IRwin</name>
	</owner>
	<size>
		<width>500</width>
		<height>333</height>
		<depth>3</depth>
	</size>
	<segmented>1</segmented>
	<object>
		<name>sofa</name>
		<pose>Frontal</pose>
		<truncated>0</truncated>
		<difficult>0</difficult>
		<bndbox>
			<xmin>235</xmin>
			<ymin>154</ymin>
			<xmax>408</xmax>
			<ymax>225</ymax>
		</bndbox>
	</object>
	<object>
		<name>chair</name>
		<pose>Right</pose>
		<truncated>0</truncated>
		<difficult>0</difficult>
		<bndbox>
			<xmin>212</xmin>
			<ymin>167</ymin>
			<xmax>260</xmax>
			<ymax>246</ymax>
		</bndbox>
	</object>
	<object>
		<name>tvmonitor</name>
		<pose>Rear</pose>
		<truncated>0</truncated>
		<difficult>0</difficult>
		<bndbox>
			<xmin>390</xmin>
			<ymin>202</ymin>
			<xmax>466</xmax>
			<ymax>277</ymax>
		</bndbox>
	</object>
	<object>
		<name>bottle</name>
		<pose>Unspecified</pose>
		<truncated>0</truncated>
		<difficult>0</difficult>
		<bndbox>
			<xmin>7</xmin>
			<ymin>217</ymin>
			<xmax>25</xmax>
			<ymax>260</ymax>
		</bndbox>
	</object>
</annotation>
