<annotation>
  <folder>VOC2007</folder>
  <filename>003510.jpg</filename>
  <source>
    <database>The VOC2007 Database</database>
    <annotation>PASCAL VOC2007</annotation>
    <image>flickr</image>
    <flickrid>330037087</flickrid>
  </source>
  <owner>
    <flickrid>.:kemal:.</flickrid>
    <name>KEMAL YAYLALI</name>
  </owner>
  <size>
    <width>500</width>
    <height>375</height>
    <depth>3</depth>
  </size>
  <segmented>0</segmented>
  <object>
    <name>chair</name>
    <pose>Left</pose>
    <truncated>0</truncated>
    <difficult>0</difficult>
    <bndbox>
      <xmin>410</xmin>
      <ymin>244</ymin>
      <xmax>463</xmax>
      <ymax>347</ymax>
    </bndbox>
  </object>
  <object>
    <name>chair</name>
    <pose>Unspecified</pose>
    <truncated>1</truncated>
    <difficult>1</difficult>
    <bndbox>
      <xmin>369</xmin>
      <ymin>241</ymin>
      <xmax>404</xmax>
      <ymax>291</ymax>
    </bndbox>
  </object>
  <object>
    <name>chair</name>
    <pose>Unspecified</pose>
    <truncated>1</truncated>
    <difficult>1</difficult>
    <bndbox>
      <xmin>251</xmin>
      <ymin>269</ymin>
      <xmax>372</xmax>
      <ymax>375</ymax>
    </bndbox>
  </object>
  <object>
    <name>person</name>
    <pose>Unspecified</pose>
    <truncated>1</truncated>
    <difficult>1</difficult>
    <bndbox>
      <xmin>232</xmin>
      <ymin>195</ymin>
      <xmax>310</xmax>
      <ymax>279</ymax>
    </bndbox>
  </object>
  <object>
    <name>cow</name>
    <pose>Unspecified</pose>
    <truncated>0</truncated>
    <difficult>0</difficult>
    <bndbox>
      <xmin>44</xmin>
      <ymin>169</ymin>
      <xmax>191</xmax>
      <ymax>251</ymax>
    </bndbox>
  </object>
</annotation>
