<annotation>
  <folder>VOC2007</folder>
  <filename>003516.jpg</filename>
  <source>
    <database>The VOC2007 Database</database>
    <annotation>PASCAL VOC2007</annotation>
    <image>flickr</image>
    <flickrid>339072197</flickrid>
  </source>
  <owner>
    <flickrid>senseless_</flickrid>
    <name>Mike Engel</name>
  </owner>
  <size>
    <width>500</width>
    <height>333</height>
    <depth>3</depth>
  </size>
  <segmented>0</segmented>
  <object>
    <name>diningtable</name>
    <pose>Unspecified</pose>
    <truncated>0</truncated>
    <difficult>0</difficult>
    <bndbox>
      <xmin>61</xmin>
      <ymin>154</ymin>
      <xmax>439</xmax>
      <ymax>291</ymax>
    </bndbox>
  </object>
  <object>
    <name>chair</name>
    <pose>Unspecified</pose>
    <truncated>1</truncated>
    <difficult>1</difficult>
    <bndbox>
      <xmin>135</xmin>
      <ymin>123</ymin>
      <xmax>198</xmax>
      <ymax>154</ymax>
    </bndbox>
  </object>
  <object>
    <name>chair</name>
    <pose>Unspecified</pose>
    <truncated>1</truncated>
    <difficult>1</difficult>
    <bndbox>
      <xmin>202</xmin>
      <ymin>125</ymin>
      <xmax>267</xmax>
      <ymax>152</ymax>
    </bndbox>
  </object>
  <object>
    <name>chair</name>
    <pose>Unspecified</pose>
    <truncated>1</truncated>
    <difficult>1</difficult>
    <bndbox>
      <xmin>280</xmin>
      <ymin>125</ymin>
      <xmax>346</xmax>
      <ymax>151</ymax>
    </bndbox>
  </object>
  <object>
    <name>chair</name>
    <pose>Left</pose>
    <truncated>0</truncated>
    <difficult>0</difficult>
    <bndbox>
      <xmin>367</xmin>
      <ymin>132</ymin>
      <xmax>478</xmax>
      <ymax>287</ymax>
    </bndbox>
  </object>
  <object>
    <name>chair</name>
    <pose>Right</pose>
    <truncated>0</truncated>
    <difficult>0</difficult>
    <bndbox>
      <xmin>2</xmin>
      <ymin>132</ymin>
      <xmax>111</xmax>
      <ymax>284</ymax>
    </bndbox>
  </object>
  <object>
    <name>chair</name>
    <pose>Rear</pose>
    <truncated>0</truncated>
    <difficult>0</difficult>
    <bndbox>
      <xmin>270</xmin>
      <ymin>154</ymin>
      <xmax>363</xmax>
      <ymax>315</ymax>
    </bndbox>
  </object>
  <object>
    <name>chair</name>
    <pose>Rear</pose>
    <truncated>0</truncated>
    <difficult>0</difficult>
    <bndbox>
      <xmin>177</xmin>
      <ymin>155</ymin>
      <xmax>262</xmax>
      <ymax>308</ymax>
    </bndbox>
  </object>
  <object>
    <name>chair</name>
    <pose>Rear</pose>
    <truncated>0</truncated>
    <difficult>0</difficult>
    <bndbox>
      <xmin>71</xmin>
      <ymin>153</ymin>
      <xmax>181</xmax>
      <ymax>312</ymax>
    </bndbox>
  </object>
  <object>
    <name>cow</name>
    <pose>Unspecified</pose>
    <truncated>0</truncated>
    <difficult>0</difficult>
    <bndbox>
      <xmin>345</xmin>
      <ymin>52</ymin>
      <xmax>492</xmax>
      <ymax>134</ymax>
    </bndbox>
  </object>
</annotation>
