<annotation>
  <folder>VOC2007</folder>
  <filename>003609.jpg</filename>
  <source>
    <database>The VOC2007 Database</database>
    <annotation>PASCAL VOC2007</annotation>
    <image>flickr</image>
    <flickrid>332888571</flickrid>
  </source>
  <owner>
    <flickrid>lainstar</flickrid>
    <name>Lainie Epstein</name>
  </owner>
  <size>
    <width>360</width>
    <height>270</height>
    <depth>3</depth>
  </size>
  <segmented>0</segmented>
  <object>
    <name>sofa</name>
    <pose>Frontal</pose>
    <truncated>0</truncated>
    <difficult>0</difficult>
    <bndbox>
      <xmin>56</xmin>
      <ymin>103</ymin>
      <xmax>277</xmax>
      <ymax>197</ymax>
    </bndbox>
  </object>
  <object>
    <name>chair</name>
    <pose>Unspecified</pose>
    <truncated>0</truncated>
    <difficult>0</difficult>
    <bndbox>
      <xmin>270</xmin>
      <ymin>104</ymin>
      <xmax>360</xmax>
      <ymax>213</ymax>
    </bndbox>
  </object>
  <object>
    <name>chair</name>
    <pose>Unspecified</pose>
    <truncated>1</truncated>
    <difficult>0</difficult>
    <bndbox>
      <xmin>6</xmin>
      <ymin>135</ymin>
      <xmax>186</xmax>
      <ymax>270</ymax>
    </bndbox>
  </object>
  <object>
    <name>cow</name>
    <pose>Unspecified</pose>
    <truncated>0</truncated>
    <difficult>0</difficult>
    <bndbox>
      <xmin>151</xmin>
      <ymin>180</ymin>
      <xmax>298</xmax>
      <ymax>262</ymax>
    </bndbox>
  </object>
</annotation>
