<annotation>
	<folder>VOC2007</folder>
	<filename>003662.jpg</filename>
	<source>
		<database>The VOC2007 Database</database>
		<annotation>PASCAL VOC2007</annotation>
		<image>flickr</image>
		<flickrid>316109275</flickrid>
	</source>
	<owner>
		<flickrid>maddjj21</flickrid>
		<name>?</name>
	</owner>
	<size>
		<width>333</width>
		<height>500</height>
		<depth>3</depth>
	</size>
	<segmented>0</segmented>
	<object>
		<name>tvmonitor</name>
		<pose>Unspecified</pose>
		<truncated>0</truncated>
		<difficult>0</difficult>
		<bndbox>
			<xmin>104</xmin>
			<ymin>8</ymin>
			<xmax>216</xmax>
			<ymax>121</ymax>
		</bndbox>
	</object>
	<object>
		<name>chair</name>
		<pose>Left</pose>
		<truncated>1</truncated>
		<difficult>0</difficult>
		<bndbox>
			<xmin>175</xmin>
			<ymin>147</ymin>
			<xmax>333</xmax>
			<ymax>500</ymax>
		</bndbox>
	</object>
	<object>
		<name>person</name>
		<pose>Rear</pose>
		<truncated>0</truncated>
		<difficult>0</difficult>
		<bndbox>
			<xmin>89</xmin>
			<ymin>130</ymin>
			<xmax>217</xmax>
			<ymax>450</ymax>
		</bndbox>
		<part>
			<name>head</name>
			<bndbox>
				<xmin>112.9686</xmin>
				<ymin>134.0386</ymin>
				<xmax>184.0773</xmax>
				<ymax>210.1865</ymax>
			</bndbox>
		</part>
		<part>
			<name>foot</name>
			<bndbox>
				<xmin>148.243</xmin>
				<ymin>421.2727</ymin>
				<xmax>187.9966</xmax>
				<ymax>447.0286</ymax>
			</bndbox>
		</part>
		<part>
			<name>foot</name>
			<bndbox>
				<xmin>103.4502</xmin>
				<ymin>417.3533</ymin>
				<xmax>127.5263</xmax>
				<ymax>435.2704</ymax>
			</bndbox>
		</part>
	</object>
</annotation>
