<annotation>
	<folder>VOC2007</folder>
	<filename>003640.jpg</filename>
	<source>
		<database>The VOC2007 Database</database>
		<annotation>PASCAL VOC2007</annotation>
		<image>flickr</image>
		<flickrid>323509345</flickrid>
	</source>
	<owner>
		<flickrid>integralimpressions</flickrid>
		<name>Matt Browne</name>
	</owner>
	<size>
		<width>500</width>
		<height>375</height>
		<depth>3</depth>
	</size>
	<segmented>0</segmented>
	<object>
		<name>cow</name>
		<pose>Right</pose>
		<truncated>0</truncated>
		<difficult>0</difficult>
		<bndbox>
			<xmin>274</xmin>
			<ymin>184</ymin>
			<xmax>444</xmax>
			<ymax>287</ymax>
		</bndbox>
	</object>
</annotation>
