<annotation>
  <folder>VOC2007</folder>
  <filename>003708.jpg</filename>
  <source>
    <database>The VOC2007 Database</database>
    <annotation>PASCAL VOC2007</annotation>
    <image>flickr</image>
    <flickrid>317398446</flickrid>
  </source>
  <owner>
    <flickrid>aprilwinerocks</flickrid>
    <name>Darcy</name>
  </owner>
  <size>
    <width>375</width>
    <height>500</height>
    <depth>3</depth>
  </size>
  <segmented>0</segmented>
  <object>
    <name>person</name>
    <pose>Unspecified</pose>
    <truncated>1</truncated>
    <difficult>0</difficult>
    <part>
      <name>head</name>
      <bndbox>
        <xmin>115</xmin>
        <ymin>119</ymin>
        <xmax>252</xmax>
        <ymax>307</ymax>
      </bndbox>
    </part>
    <part>
      <name>hand</name>
      <bndbox>
        <xmin>64</xmin>
        <ymin>155</ymin>
        <xmax>154</xmax>
        <ymax>273</ymax>
      </bndbox>
    </part>
    <part>
      <name>hand</name>
      <bndbox>
        <xmin>237</xmin>
        <ymin>152</ymin>
        <xmax>307</xmax>
        <ymax>252</ymax>
      </bndbox>
    </part>
    <bndbox>
      <xmin>1</xmin>
      <ymin>89</ymin>
      <xmax>351</xmax>
      <ymax>500</ymax>
    </bndbox>
  </object>
  <object>
    <name>chair</name>
    <pose>Unspecified</pose>
    <truncated>1</truncated>
    <difficult>0</difficult>
    <bndbox>
      <xmin>239</xmin>
      <ymin>153</ymin>
      <xmax>365</xmax>
      <ymax>468</ymax>
    </bndbox>
  </object>
  <object>
    <name>diningtable</name>
    <pose>Unspecified</pose>
    <truncated>1</truncated>
    <difficult>1</difficult>
    <bndbox>
      <xmin>4</xmin>
      <ymin>156</ymin>
      <xmax>101</xmax>
      <ymax>187</ymax>
    </bndbox>
  </object>
  <object>
    <name>cow</name>
    <pose>Unspecified</pose>
    <truncated>0</truncated>
    <difficult>0</difficult>
    <bndbox>
      <xmin>226</xmin>
      <ymin>148</ymin>
      <xmax>373</xmax>
      <ymax>230</ymax>
    </bndbox>
  </object>
</annotation>
