<annotation>
	<folder>VOC2007</folder>
	<filename>003889.jpg</filename>
	<source>
		<database>The VOC2007 Database</database>
		<annotation>PASCAL VOC2007</annotation>
		<image>flickr</image>
		<flickrid>227178794</flickrid>
	</source>
	<owner>
		<flickrid>genewolf</flickrid>
		<name>whiskey kitten</name>
	</owner>
	<size>
		<width>480</width>
		<height>318</height>
		<depth>3</depth>
	</size>
	<segmented>1</segmented>
	<object>
		<name>horse</name>
		<pose>Frontal</pose>
		<truncated>0</truncated>
		<difficult>0</difficult>
		<bndbox>
			<xmin>345</xmin>
			<ymin>75</ymin>
			<xmax>427</xmax>
			<ymax>295</ymax>
		</bndbox>
	</object>
	<object>
		<name>horse</name>
		<pose>Unspecified</pose>
		<truncated>0</truncated>
		<difficult>0</difficult>
		<bndbox>
			<xmin>157</xmin>
			<ymin>79</ymin>
			<xmax>282</xmax>
			<ymax>294</ymax>
		</bndbox>
	</object>
	<object>
		<name>horse</name>
		<pose>Frontal</pose>
		<truncated>0</truncated>
		<difficult>0</difficult>
		<bndbox>
			<xmin>52</xmin>
			<ymin>105</ymin>
			<xmax>138</xmax>
			<ymax>297</ymax>
		</bndbox>
	</object>
	<object>
		<name>person</name>
		<pose>Unspecified</pose>
		<truncated>1</truncated>
		<difficult>0</difficult>
		<bndbox>
			<xmin>337</xmin>
			<ymin>32</ymin>
			<xmax>439</xmax>
			<ymax>193</ymax>
		</bndbox>
	</object>
	<object>
		<name>person</name>
		<pose>Unspecified</pose>
		<truncated>1</truncated>
		<difficult>0</difficult>
		<bndbox>
			<xmin>122</xmin>
			<ymin>35</ymin>
			<xmax>239</xmax>
			<ymax>188</ymax>
		</bndbox>
	</object>
	<object>
		<name>person</name>
		<pose>Rear</pose>
		<truncated>1</truncated>
		<difficult>0</difficult>
		<bndbox>
			<xmin>1</xmin>
			<ymin>58</ymin>
			<xmax>102</xmax>
			<ymax>308</ymax>
		</bndbox>
	</object>
	<object>
		<name>person</name>
		<pose>Unspecified</pose>
		<truncated>1</truncated>
		<difficult>0</difficult>
		<bndbox>
			<xmin>51</xmin>
			<ymin>48</ymin>
			<xmax>123</xmax>
			<ymax>196</ymax>
		</bndbox>
	</object>
	<object>
		<name>chair</name>
		<pose>Unspecified</pose>
		<truncated>0</truncated>
		<difficult>0</difficult>
		<bndbox>
			<xmin>431</xmin>
			<ymin>119</ymin>
			<xmax>472</xmax>
			<ymax>166</ymax>
		</bndbox>
	</object>
</annotation>
