<annotation>
  <folder>VOC2007</folder>
  <filename>003887.jpg</filename>
  <source>
    <database>The VOC2007 Database</database>
    <annotation>PASCAL VOC2007</annotation>
    <image>flickr</image>
    <flickrid>323387436</flickrid>
  </source>
  <owner>
    <flickrid>DHJ.V</flickrid>
    <name>DHJV</name>
  </owner>
  <size>
    <width>361</width>
    <height>500</height>
    <depth>3</depth>
  </size>
  <segmented>0</segmented>
  <object>
    <name>cow</name>
    <pose>Unspecified</pose>
    <truncated>0</truncated>
    <difficult>0</difficult>
    <bndbox>
      <xmin>175</xmin>
      <ymin>443</ymin>
      <xmax>212</xmax>
      <ymax>472</ymax>
    </bndbox>
  </object>
  <object>
    <name>cow</name>
    <pose>Unspecified</pose>
    <truncated>0</truncated>
    <difficult>1</difficult>
    <bndbox>
      <xmin>215</xmin>
      <ymin>434</ymin>
      <xmax>236</xmax>
      <ymax>459</ymax>
    </bndbox>
  </object>
  <object>
    <name>cow</name>
    <pose>Unspecified</pose>
    <truncated>0</truncated>
    <difficult>1</difficult>
    <bndbox>
      <xmin>269</xmin>
      <ymin>426</ymin>
      <xmax>283</xmax>
      <ymax>454</ymax>
    </bndbox>
  </object>
  <object>
    <name>cow</name>
    <pose>Unspecified</pose>
    <truncated>0</truncated>
    <difficult>1</difficult>
    <bndbox>
      <xmin>223</xmin>
      <ymin>441</ymin>
      <xmax>258</xmax>
      <ymax>468</ymax>
    </bndbox>
  </object>
  <object>
    <name>cow</name>
    <pose>Unspecified</pose>
    <truncated>0</truncated>
    <difficult>1</difficult>
    <bndbox>
      <xmin>238</xmin>
      <ymin>446</ymin>
      <xmax>265</xmax>
      <ymax>477</ymax>
    </bndbox>
  </object>
  <object>
    <name>cow</name>
    <pose>Unspecified</pose>
    <truncated>0</truncated>
    <difficult>0</difficult>
    <bndbox>
      <xmin>64</xmin>
      <ymin>77</ymin>
      <xmax>211</xmax>
      <ymax>159</ymax>
    </bndbox>
  </object>
</annotation>
