<annotation>
	<folder>VOC2007</folder>
	<filename>003988.jpg</filename>
	<source>
		<database>The VOC2007 Database</database>
		<annotation>PASCAL VOC2007</annotation>
		<image>flickr</image>
		<flickrid>322409899</flickrid>
	</source>
	<owner>
		<flickrid>FrogMiller</flickrid>
		<name>?</name>
	</owner>
	<size>
		<width>448</width>
		<height>336</height>
		<depth>3</depth>
	</size>
	<segmented>0</segmented>
	<object>
		<name>chair</name>
		<pose>Unspecified</pose>
		<truncated>1</truncated>
		<difficult>0</difficult>
		<bndbox>
			<xmin>1</xmin>
			<ymin>222</ymin>
			<xmax>117</xmax>
			<ymax>336</ymax>
		</bndbox>
	</object>
	<object>
		<name>chair</name>
		<pose>Unspecified</pose>
		<truncated>1</truncated>
		<difficult>1</difficult>
		<bndbox>
			<xmin>429</xmin>
			<ymin>216</ymin>
			<xmax>448</xmax>
			<ymax>297</ymax>
		</bndbox>
	</object>
	<object>
		<name>chair</name>
		<pose>Unspecified</pose>
		<truncated>0</truncated>
		<difficult>1</difficult>
		<bndbox>
			<xmin>281</xmin>
			<ymin>149</ymin>
			<xmax>317</xmax>
			<ymax>211</ymax>
		</bndbox>
	</object>
</annotation>
