<annotation>
  <folder>VOC2007</folder>
  <filename>003932.jpg</filename>
  <source>
    <database>The VOC2007 Database</database>
    <annotation>PASCAL VOC2007</annotation>
    <image>flickr</image>
    <flickrid>335093670</flickrid>
  </source>
  <owner>
    <flickrid>Gare and Kitty</flickrid>
    <name>Garrett and Kitty Wilkin and Fromtling</name>
  </owner>
  <size>
    <width>375</width>
    <height>500</height>
    <depth>3</depth>
  </size>
  <segmented>0</segmented>
  <object>
    <name>bottle</name>
    <pose>Unspecified</pose>
    <truncated>0</truncated>
    <difficult>0</difficult>
    <bndbox>
      <xmin>207</xmin>
      <ymin>345</ymin>
      <xmax>247</xmax>
      <ymax>493</ymax>
    </bndbox>
  </object>
  <object>
    <name>person</name>
    <pose>Unspecified</pose>
    <truncated>1</truncated>
    <difficult>0</difficult>
    <bndbox>
      <xmin>62</xmin>
      <ymin>20</ymin>
      <xmax>283</xmax>
      <ymax>493</ymax>
    </bndbox>
    <part>
      <name>head</name>
      <bndbox>
        <xmin>193.3191</xmin>
        <ymin>21.4966</ymin>
        <xmax>281.785</xmax>
        <ymax>122.2805</ymax>
      </bndbox>
    </part>
    <part>
      <name>hand</name>
      <bndbox>
        <xmin>175.9619</xmin>
        <ymin>276.2559</ymin>
        <xmax>229.1534</xmax>
        <ymax>346.2447</ymax>
      </bndbox>
    </part>
    <part>
      <name>hand</name>
      <bndbox>
        <xmin>201.1579</xmin>
        <ymin>347.9244</ymin>
        <xmax>244.271</xmax>
        <ymax>396.6366</ymax>
      </bndbox>
    </part>
  </object>
  <object>
    <name>pottedplant</name>
    <pose>Unspecified</pose>
    <truncated>0</truncated>
    <difficult>0</difficult>
    <bndbox>
      <xmin>243</xmin>
      <ymin>273</ymin>
      <xmax>372</xmax>
      <ymax>412</ymax>
    </bndbox>
  </object>
  <object>
    <name>cow</name>
    <pose>Unspecified</pose>
    <truncated>0</truncated>
    <difficult>0</difficult>
    <bndbox>
      <xmin>68</xmin>
      <ymin>44</ymin>
      <xmax>215</xmax>
      <ymax>126</ymax>
    </bndbox>
  </object>
</annotation>
