<annotation>
  <folder>VOC2007</folder>
  <filename>004047.jpg</filename>
  <source>
    <database>The VOC2007 Database</database>
    <annotation>PASCAL VOC2007</annotation>
    <image>flickr</image>
    <flickrid>332978627</flickrid>
  </source>
  <owner>
    <flickrid>cbatesteach</flickrid>
    <name>Christy</name>
  </owner>
  <size>
    <width>500</width>
    <height>471</height>
    <depth>3</depth>
  </size>
  <segmented>0</segmented>
  <object>
    <name>chair</name>
    <pose>Left</pose>
    <truncated>1</truncated>
    <difficult>0</difficult>
    <bndbox>
      <xmin>2</xmin>
      <ymin>103</ymin>
      <xmax>122</xmax>
      <ymax>352</ymax>
    </bndbox>
  </object>
  <object>
    <name>chair</name>
    <pose>Unspecified</pose>
    <truncated>1</truncated>
    <difficult>0</difficult>
    <bndbox>
      <xmin>37</xmin>
      <ymin>83</ymin>
      <xmax>189</xmax>
      <ymax>373</ymax>
    </bndbox>
  </object>
  <object>
    <name>diningtable</name>
    <pose>Unspecified</pose>
    <truncated>1</truncated>
    <difficult>1</difficult>
    <bndbox>
      <xmin>1</xmin>
      <ymin>148</ymin>
      <xmax>169</xmax>
      <ymax>178</ymax>
    </bndbox>
  </object>
  <object>
    <name>cat</name>
    <pose>Unspecified</pose>
    <truncated>1</truncated>
    <difficult>1</difficult>
    <bndbox>
      <xmin>292</xmin>
      <ymin>301</ymin>
      <xmax>500</xmax>
      <ymax>453</ymax>
    </bndbox>
  </object>
  <object>
    <name>person</name>
    <pose>Right</pose>
    <truncated>1</truncated>
    <difficult>0</difficult>
    <bndbox>
      <xmin>151</xmin>
      <ymin>91</ymin>
      <xmax>398</xmax>
      <ymax>471</ymax>
    </bndbox>
  </object>
  <object>
    <name>cow</name>
    <pose>Unspecified</pose>
    <truncated>0</truncated>
    <difficult>0</difficult>
    <bndbox>
      <xmin>151</xmin>
      <ymin>370</ymin>
      <xmax>298</xmax>
      <ymax>452</ymax>
    </bndbox>
  </object>
</annotation>
