<annotation>
	<folder>VOC2007</folder>
	<filename>004164.jpg</filename>
	<source>
		<database>The VOC2007 Database</database>
		<annotation>PASCAL VOC2007</annotation>
		<image>flickr</image>
		<flickrid>336925491</flickrid>
	</source>
	<owner>
		<flickrid>kewlio</flickrid>
		<name>Daniel</name>
	</owner>
	<size>
		<width>500</width>
		<height>375</height>
		<depth>3</depth>
	</size>
	<segmented>0</segmented>
	<object>
		<name>chair</name>
		<pose>Frontal</pose>
		<truncated>0</truncated>
		<difficult>0</difficult>
		<bndbox>
			<xmin>176</xmin>
			<ymin>154</ymin>
			<xmax>233</xmax>
			<ymax>221</ymax>
		</bndbox>
	</object>
	<object>
		<name>tvmonitor</name>
		<pose>Unspecified</pose>
		<truncated>0</truncated>
		<difficult>0</difficult>
		<bndbox>
			<xmin>337</xmin>
			<ymin>135</ymin>
			<xmax>404</xmax>
			<ymax>206</ymax>
		</bndbox>
	</object>
	<object>
		<name>sofa</name>
		<pose>Rear</pose>
		<truncated>1</truncated>
		<difficult>0</difficult>
		<bndbox>
			<xmin>5</xmin>
			<ymin>235</ymin>
			<xmax>427</xmax>
			<ymax>366</ymax>
		</bndbox>
	</object>
</annotation>
