<annotation>
  <folder>VOC2007</folder>
  <filename>004105.jpg</filename>
  <source>
    <database>The VOC2007 Database</database>
    <annotation>PASCAL VOC2007</annotation>
    <image>flickr</image>
    <flickrid>334139920</flickrid>
  </source>
  <owner>
    <flickrid>I talk to squirrels</flickrid>
    <name>Liana</name>
  </owner>
  <size>
    <width>500</width>
    <height>375</height>
    <depth>3</depth>
  </size>
  <segmented>0</segmented>
  <object>
    <name>chair</name>
    <pose>Frontal</pose>
    <truncated>1</truncated>
    <difficult>0</difficult>
    <bndbox>
      <xmin>93</xmin>
      <ymin>271</ymin>
      <xmax>164</xmax>
      <ymax>375</ymax>
    </bndbox>
  </object>
  <object>
    <name>chair</name>
    <pose>Unspecified</pose>
    <truncated>0</truncated>
    <difficult>0</difficult>
    <bndbox>
      <xmin>2</xmin>
      <ymin>277</ymin>
      <xmax>93</xmax>
      <ymax>375</ymax>
    </bndbox>
  </object>
  <object>
    <name>chair</name>
    <pose>Unspecified</pose>
    <truncated>1</truncated>
    <difficult>0</difficult>
    <bndbox>
      <xmin>205</xmin>
      <ymin>271</ymin>
      <xmax>296</xmax>
      <ymax>375</ymax>
    </bndbox>
  </object>
  <object>
    <name>chair</name>
    <pose>Unspecified</pose>
    <truncated>1</truncated>
    <difficult>0</difficult>
    <bndbox>
      <xmin>164</xmin>
      <ymin>304</ymin>
      <xmax>281</xmax>
      <ymax>375</ymax>
    </bndbox>
  </object>
  <object>
    <name>chair</name>
    <pose>Frontal</pose>
    <truncated>0</truncated>
    <difficult>0</difficult>
    <bndbox>
      <xmin>316</xmin>
      <ymin>271</ymin>
      <xmax>401</xmax>
      <ymax>368</ymax>
    </bndbox>
  </object>
  <object>
    <name>chair</name>
    <pose>Unspecified</pose>
    <truncated>1</truncated>
    <difficult>0</difficult>
    <bndbox>
      <xmin>341</xmin>
      <ymin>312</ymin>
      <xmax>491</xmax>
      <ymax>374</ymax>
    </bndbox>
  </object>
  <object>
    <name>sofa</name>
    <pose>Frontal</pose>
    <truncated>1</truncated>
    <difficult>0</difficult>
    <bndbox>
      <xmin>192</xmin>
      <ymin>245</ymin>
      <xmax>313</xmax>
      <ymax>307</ymax>
    </bndbox>
  </object>
  <object>
    <name>pottedplant</name>
    <pose>Unspecified</pose>
    <truncated>1</truncated>
    <difficult>1</difficult>
    <bndbox>
      <xmin>121</xmin>
      <ymin>218</ymin>
      <xmax>185</xmax>
      <ymax>300</ymax>
    </bndbox>
  </object>
  <object>
    <name>cow</name>
    <pose>Unspecified</pose>
    <truncated>0</truncated>
    <difficult>0</difficult>
    <bndbox>
      <xmin>334</xmin>
      <ymin>78</ymin>
      <xmax>481</xmax>
      <ymax>160</ymax>
    </bndbox>
  </object>
</annotation>
