<annotation>
	<folder>VOC2007</folder>
	<filename>004111.jpg</filename>
	<source>
		<database>The VOC2007 Database</database>
		<annotation>PASCAL VOC2007</annotation>
		<image>flickr</image>
		<flickrid>334185015</flickrid>
	</source>
	<owner>
		<flickrid>chucky_sis</flickrid>
		<name>?</name>
	</owner>
	<size>
		<width>500</width>
		<height>375</height>
		<depth>3</depth>
	</size>
	<segmented>0</segmented>
	<object>
		<name>tvmonitor</name>
		<pose>Unspecified</pose>
		<truncated>1</truncated>
		<difficult>1</difficult>
		<bndbox>
			<xmin>1</xmin>
			<ymin>64</ymin>
			<xmax>17</xmax>
			<ymax>127</ymax>
		</bndbox>
	</object>
	<object>
		<name>person</name>
		<pose>Unspecified</pose>
		<truncated>0</truncated>
		<difficult>0</difficult>
		<bndbox>
			<xmin>128</xmin>
			<ymin>114</ymin>
			<xmax>375</xmax>
			<ymax>375</ymax>
		</bndbox>
		<part>
			<name>head</name>
			<bndbox>
				<xmin>189</xmin>
				<ymin>117</ymin>
				<xmax>228</xmax>
				<ymax>169</ymax>
			</bndbox>
		</part>
		<part>
			<name>hand</name>
			<bndbox>
				<xmin>225</xmin>
				<ymin>181</ymin>
				<xmax>253</xmax>
				<ymax>201</ymax>
			</bndbox>
		</part>
		<part>
			<name>hand</name>
			<bndbox>
				<xmin>190</xmin>
				<ymin>183</ymin>
				<xmax>205</xmax>
				<ymax>199</ymax>
			</bndbox>
		</part>
	</object>
	<object>
		<name>chair</name>
		<pose>Frontal</pose>
		<truncated>0</truncated>
		<difficult>0</difficult>
		<bndbox>
			<xmin>139</xmin>
			<ymin>108</ymin>
			<xmax>298</xmax>
			<ymax>367</ymax>
		</bndbox>
	</object>
</annotation>
