<annotation>
	<folder>VOC2007</folder>
	<filename>004200.jpg</filename>
	<source>
		<database>The VOC2007 Database</database>
		<annotation>PASCAL VOC2007</annotation>
		<image>flickr</image>
		<flickrid>311247836</flickrid>
	</source>
	<owner>
		<flickrid>amy-clare</flickrid>
		<name>?</name>
	</owner>
	<size>
		<width>375</width>
		<height>270</height>
		<depth>3</depth>
	</size>
	<segmented>0</segmented>
	<object>
		<name>cow</name>
		<pose>Frontal</pose>
		<truncated>0</truncated>
		<difficult>0</difficult>
		<bndbox>
			<xmin>18</xmin>
			<ymin>53</ymin>
			<xmax>151</xmax>
			<ymax>252</ymax>
		</bndbox>
	</object>
	<object>
		<name>cow</name>
		<pose>Frontal</pose>
		<truncated>0</truncated>
		<difficult>0</difficult>
		<bndbox>
			<xmin>160</xmin>
			<ymin>53</ymin>
			<xmax>266</xmax>
			<ymax>246</ymax>
		</bndbox>
	</object>
	<object>
		<name>cow</name>
		<pose>Frontal</pose>
		<truncated>0</truncated>
		<difficult>0</difficult>
		<bndbox>
			<xmin>258</xmin>
			<ymin>31</ymin>
			<xmax>373</xmax>
			<ymax>251</ymax>
		</bndbox>
	</object>
</annotation>
