<annotation>
  <folder>VOC2007</folder>
  <filename>004259.jpg</filename>
  <source>
    <database>The VOC2007 Database</database>
    <annotation>PASCAL VOC2007</annotation>
    <image>flickr</image>
    <flickrid>265306517</flickrid>
  </source>
  <owner>
    <flickrid>thayerf</flickrid>
    <name>Thayer</name>
  </owner>
  <size>
    <width>500</width>
    <height>375</height>
    <depth>3</depth>
  </size>
  <segmented>0</segmented>
  <object>
    <name>sofa</name>
    <pose>Frontal</pose>
    <truncated>0</truncated>
    <difficult>0</difficult>
    <bndbox>
      <xmin>125</xmin>
      <ymin>166</ymin>
      <xmax>350</xmax>
      <ymax>292</ymax>
    </bndbox>
  </object>
  <object>
    <name>chair</name>
    <pose>Unspecified</pose>
    <truncated>1</truncated>
    <difficult>0</difficult>
    <bndbox>
      <xmin>41</xmin>
      <ymin>228</ymin>
      <xmax>189</xmax>
      <ymax>372</ymax>
    </bndbox>
  </object>
  <object>
    <name>person</name>
    <pose>Frontal</pose>
    <truncated>0</truncated>
    <difficult>0</difficult>
    <bndbox>
      <xmin>172</xmin>
      <ymin>166</ymin>
      <xmax>252</xmax>
      <ymax>303</ymax>
    </bndbox>
    <part>
      <name>head</name>
      <bndbox>
        <xmin>192.3393</xmin>
        <ymin>167.8432</ymin>
        <xmax>212.0761</xmax>
        <ymax>193.0392</ymax>
      </bndbox>
    </part>
    <part>
      <name>hand</name>
      <bndbox>
        <xmin>196.9586</xmin>
        <ymin>232.0929</ymin>
        <xmax>213.7559</xmax>
        <ymax>243.0112</ymax>
      </bndbox>
    </part>
    <part>
      <name>hand</name>
      <bndbox>
        <xmin>210.3964</xmin>
        <ymin>229.9933</ymin>
        <xmax>219.6349</xmax>
        <ymax>240.4916</ymax>
      </bndbox>
    </part>
    <part>
      <name>foot</name>
      <bndbox>
        <xmin>207.8768</xmin>
        <ymin>278.7055</ymin>
        <xmax>229.2934</xmax>
        <ymax>292.5633</ymax>
      </bndbox>
    </part>
  </object>
  <object>
    <name>cow</name>
    <pose>Unspecified</pose>
    <truncated>0</truncated>
    <difficult>0</difficult>
    <bndbox>
      <xmin>212</xmin>
      <ymin>32</ymin>
      <xmax>359</xmax>
      <ymax>114</ymax>
    </bndbox>
  </object>
</annotation>
