<annotation>
	<folder>VOC2007</folder>
	<filename>004201.jpg</filename>
	<source>
		<database>The VOC2007 Database</database>
		<annotation>PASCAL VOC2007</annotation>
		<image>flickr</image>
		<flickrid>335681169</flickrid>
	</source>
	<owner>
		<flickrid>Plenno</flickrid>
		<name>John Doe</name>
	</owner>
	<size>
		<width>500</width>
		<height>375</height>
		<depth>3</depth>
	</size>
	<segmented>0</segmented>
	<object>
		<name>person</name>
		<pose>Unspecified</pose>
		<truncated>1</truncated>
		<difficult>0</difficult>
		<part>
			<name>head</name>
			<bndbox>
				<xmin>170</xmin>
				<ymin>133</ymin>
				<xmax>231</xmax>
				<ymax>195</ymax>
			</bndbox>
		</part>
		<part>
			<name>hand</name>
			<bndbox>
				<xmin>204</xmin>
				<ymin>224</ymin>
				<xmax>245</xmax>
				<ymax>254</ymax>
			</bndbox>
		</part>
		<part>
			<name>foot</name>
			<bndbox>
				<xmin>406</xmin>
				<ymin>310</ymin>
				<xmax>482</xmax>
				<ymax>360</ymax>
			</bndbox>
		</part>
		<bndbox>
			<xmin>138</xmin>
			<ymin>121</ymin>
			<xmax>487</xmax>
			<ymax>375</ymax>
		</bndbox>
	</object>
	<object>
		<name>person</name>
		<pose>Unspecified</pose>
		<truncated>1</truncated>
		<difficult>0</difficult>
		<part>
			<name>head</name>
			<bndbox>
				<xmin>222</xmin>
				<ymin>108</ymin>
				<xmax>279</xmax>
				<ymax>180</ymax>
			</bndbox>
		</part>
		<part>
			<name>hand</name>
			<bndbox>
				<xmin>118</xmin>
				<ymin>206</ymin>
				<xmax>160</xmax>
				<ymax>255</ymax>
			</bndbox>
		</part>
		<part>
			<name>foot</name>
			<bndbox>
				<xmin>416</xmin>
				<ymin>234</ymin>
				<xmax>484</xmax>
				<ymax>283</ymax>
			</bndbox>
		</part>
		<bndbox>
			<xmin>114</xmin>
			<ymin>100</ymin>
			<xmax>485</xmax>
			<ymax>375</ymax>
		</bndbox>
	</object>
	<object>
		<name>chair</name>
		<pose>Right</pose>
		<truncated>0</truncated>
		<difficult>0</difficult>
		<bndbox>
			<xmin>12</xmin>
			<ymin>190</ymin>
			<xmax>394</xmax>
			<ymax>375</ymax>
		</bndbox>
	</object>
</annotation>
