<annotation>
  <folder>VOC2007</folder>
  <filename>004368.jpg</filename>
  <source>
    <database>The VOC2007 Database</database>
    <annotation>PASCAL VOC2007</annotation>
    <image>flickr</image>
    <flickrid>342126323</flickrid>
  </source>
  <owner>
    <flickrid>amitaibu</flickrid>
    <name>Amitai Burstein</name>
  </owner>
  <size>
    <width>500</width>
    <height>374</height>
    <depth>3</depth>
  </size>
  <segmented>0</segmented>
  <object>
    <name>cow</name>
    <pose>Right</pose>
    <truncated>0</truncated>
    <difficult>0</difficult>
    <bndbox>
      <xmin>268</xmin>
      <ymin>147</ymin>
      <xmax>482</xmax>
      <ymax>252</ymax>
    </bndbox>
  </object>
  <object>
    <name>cow</name>
    <pose>Right</pose>
    <truncated>0</truncated>
    <difficult>0</difficult>
    <bndbox>
      <xmin>13</xmin>
      <ymin>146</ymin>
      <xmax>210</xmax>
      <ymax>240</ymax>
    </bndbox>
  </object>
  <object>
    <name>cow</name>
    <pose>Right</pose>
    <truncated>0</truncated>
    <difficult>0</difficult>
    <bndbox>
      <xmin>119</xmin>
      <ymin>155</ymin>
      <xmax>281</xmax>
      <ymax>258</ymax>
    </bndbox>
  </object>
  <object>
    <name>cow</name>
    <pose>Unspecified</pose>
    <truncated>0</truncated>
    <difficult>0</difficult>
    <bndbox>
      <xmin>138</xmin>
      <ymin>257</ymin>
      <xmax>285</xmax>
      <ymax>339</ymax>
    </bndbox>
  </object>
</annotation>
