<annotation>
	<folder>VOC2007</folder>
	<filename>004441.jpg</filename>
	<source>
		<database>The VOC2007 Database</database>
		<annotation>PASCAL VOC2007</annotation>
		<image>flickr</image>
		<flickrid>319978478</flickrid>
	</source>
	<owner>
		<flickrid>genbrennan</flickrid>
		<name>?</name>
	</owner>
	<size>
		<width>374</width>
		<height>500</height>
		<depth>3</depth>
	</size>
	<segmented>0</segmented>
	<object>
		<name>cow</name>
		<pose>Left</pose>
		<truncated>0</truncated>
		<difficult>0</difficult>
		<bndbox>
			<xmin>114</xmin>
			<ymin>155</ymin>
			<xmax>174</xmax>
			<ymax>199</ymax>
		</bndbox>
	</object>
</annotation>
