<annotation>
	<folder>VOC2007</folder>
	<filename>004474.jpg</filename>
	<source>
		<database>The VOC2007 Database</database>
		<annotation>PASCAL VOC2007</annotation>
		<image>flickr</image>
		<flickrid>323236323</flickrid>
	</source>
	<owner>
		<flickrid>plusgood</flickrid>
		<name>Benjamin Vander Steen</name>
	</owner>
	<size>
		<width>500</width>
		<height>375</height>
		<depth>3</depth>
	</size>
	<segmented>0</segmented>
	<object>
		<name>cow</name>
		<pose>Frontal</pose>
		<truncated>1</truncated>
		<difficult>0</difficult>
		<bndbox>
			<xmin>143</xmin>
			<ymin>30</ymin>
			<xmax>431</xmax>
			<ymax>375</ymax>
		</bndbox>
	</object>
	<object>
		<name>cow</name>
		<pose>Unspecified</pose>
		<truncated>1</truncated>
		<difficult>1</difficult>
		<bndbox>
			<xmin>84</xmin>
			<ymin>54</ymin>
			<xmax>160</xmax>
			<ymax>139</ymax>
		</bndbox>
	</object>
	<object>
		<name>cow</name>
		<pose>Rear</pose>
		<truncated>1</truncated>
		<difficult>0</difficult>
		<bndbox>
			<xmin>8</xmin>
			<ymin>50</ymin>
			<xmax>82</xmax>
			<ymax>143</ymax>
		</bndbox>
	</object>
</annotation>
