<annotation>
	<folder>VOC2007</folder>
	<filename>004585.jpg</filename>
	<source>
		<database>The VOC2007 Database</database>
		<annotation>PASCAL VOC2007</annotation>
		<image>flickr</image>
		<flickrid>331548510</flickrid>
	</source>
	<owner>
		<flickrid>lukeprog</flickrid>
		<name>Luke Muehlhauser</name>
	</owner>
	<size>
		<width>500</width>
		<height>375</height>
		<depth>3</depth>
	</size>
	<segmented>0</segmented>
	<object>
		<name>cow</name>
		<pose>Right</pose>
		<truncated>0</truncated>
		<difficult>0</difficult>
		<bndbox>
			<xmin>23</xmin>
			<ymin>238</ymin>
			<xmax>101</xmax>
			<ymax>314</ymax>
		</bndbox>
	</object>
	<object>
		<name>cow</name>
		<pose>Right</pose>
		<truncated>0</truncated>
		<difficult>0</difficult>
		<bndbox>
			<xmin>100</xmin>
			<ymin>207</ymin>
			<xmax>176</xmax>
			<ymax>267</ymax>
		</bndbox>
	</object>
	<object>
		<name>cow</name>
		<pose>Right</pose>
		<truncated>0</truncated>
		<difficult>0</difficult>
		<bndbox>
			<xmin>257</xmin>
			<ymin>243</ymin>
			<xmax>340</xmax>
			<ymax>302</ymax>
		</bndbox>
	</object>
	<object>
		<name>cow</name>
		<pose>Unspecified</pose>
		<truncated>1</truncated>
		<difficult>1</difficult>
		<bndbox>
			<xmin>317</xmin>
			<ymin>219</ymin>
			<xmax>372</xmax>
			<ymax>262</ymax>
		</bndbox>
	</object>
	<object>
		<name>cow</name>
		<pose>Unspecified</pose>
		<truncated>0</truncated>
		<difficult>0</difficult>
		<bndbox>
			<xmin>203</xmin>
			<ymin>188</ymin>
			<xmax>262</xmax>
			<ymax>242</ymax>
		</bndbox>
	</object>
	<object>
		<name>cow</name>
		<pose>Unspecified</pose>
		<truncated>0</truncated>
		<difficult>1</difficult>
		<bndbox>
			<xmin>137</xmin>
			<ymin>116</ymin>
			<xmax>186</xmax>
			<ymax>149</ymax>
		</bndbox>
	</object>
	<object>
		<name>cow</name>
		<pose>Unspecified</pose>
		<truncated>0</truncated>
		<difficult>1</difficult>
		<bndbox>
			<xmin>210</xmin>
			<ymin>107</ymin>
			<xmax>251</xmax>
			<ymax>125</ymax>
		</bndbox>
	</object>
	<object>
		<name>cow</name>
		<pose>Unspecified</pose>
		<truncated>0</truncated>
		<difficult>1</difficult>
		<bndbox>
			<xmin>267</xmin>
			<ymin>100</ymin>
			<xmax>288</xmax>
			<ymax>134</ymax>
		</bndbox>
	</object>
	<object>
		<name>cow</name>
		<pose>Unspecified</pose>
		<truncated>0</truncated>
		<difficult>1</difficult>
		<bndbox>
			<xmin>291</xmin>
			<ymin>111</ymin>
			<xmax>309</xmax>
			<ymax>151</ymax>
		</bndbox>
	</object>
	<object>
		<name>cow</name>
		<pose>Unspecified</pose>
		<truncated>0</truncated>
		<difficult>1</difficult>
		<bndbox>
			<xmin>362</xmin>
			<ymin>113</ymin>
			<xmax>386</xmax>
			<ymax>146</ymax>
		</bndbox>
	</object>
	<object>
		<name>cow</name>
		<pose>Unspecified</pose>
		<truncated>0</truncated>
		<difficult>1</difficult>
		<bndbox>
			<xmin>420</xmin>
			<ymin>148</ymin>
			<xmax>458</xmax>
			<ymax>167</ymax>
		</bndbox>
	</object>
	<object>
		<name>cow</name>
		<pose>Unspecified</pose>
		<truncated>0</truncated>
		<difficult>1</difficult>
		<bndbox>
			<xmin>196</xmin>
			<ymin>53</ymin>
			<xmax>235</xmax>
			<ymax>79</ymax>
		</bndbox>
	</object>
	<object>
		<name>cow</name>
		<pose>Unspecified</pose>
		<truncated>0</truncated>
		<difficult>1</difficult>
		<bndbox>
			<xmin>165</xmin>
			<ymin>49</ymin>
			<xmax>195</xmax>
			<ymax>67</ymax>
		</bndbox>
	</object>
</annotation>
