<annotation>
	<folder>VOC2007</folder>
	<filename>004631.jpg</filename>
	<source>
		<database>The VOC2007 Database</database>
		<annotation>PASCAL VOC2007</annotation>
		<image>flickr</image>
		<flickrid>328526916</flickrid>
	</source>
	<owner>
		<flickrid>BlueskyPol</flickrid>
		<name>Pieterjan Oomen</name>
	</owner>
	<size>
		<width>375</width>
		<height>500</height>
		<depth>3</depth>
	</size>
	<segmented>0</segmented>
	<object>
		<name>chair</name>
		<pose>Unspecified</pose>
		<truncated>1</truncated>
		<difficult>0</difficult>
		<bndbox>
			<xmin>221</xmin>
			<ymin>359</ymin>
			<xmax>362</xmax>
			<ymax>500</ymax>
		</bndbox>
	</object>
	<object>
		<name>chair</name>
		<pose>Unspecified</pose>
		<truncated>1</truncated>
		<difficult>1</difficult>
		<bndbox>
			<xmin>330</xmin>
			<ymin>466</ymin>
			<xmax>375</xmax>
			<ymax>500</ymax>
		</bndbox>
	</object>
	<object>
		<name>chair</name>
		<pose>Unspecified</pose>
		<truncated>1</truncated>
		<difficult>1</difficult>
		<bndbox>
			<xmin>96</xmin>
			<ymin>358</ymin>
			<xmax>124</xmax>
			<ymax>465</ymax>
		</bndbox>
	</object>
	<object>
		<name>person</name>
		<pose>Frontal</pose>
		<truncated>0</truncated>
		<difficult>0</difficult>
		<bndbox>
			<xmin>194</xmin>
			<ymin>153</ymin>
			<xmax>298</xmax>
			<ymax>414</ymax>
		</bndbox>
		<part>
			<name>head</name>
			<bndbox>
				<xmin>220.7548</xmin>
				<ymin>156.4351</ymin>
				<xmax>254.3494</xmax>
				<ymax>199.5482</ymax>
			</bndbox>
		</part>
		<part>
			<name>hand</name>
			<bndbox>
				<xmin>286.2643</xmin>
				<ymin>277.9356</ymin>
				<xmax>297.4625</xmax>
				<ymax>296.4127</ymax>
			</bndbox>
		</part>
	</object>
	<object>
		<name>person</name>
		<pose>Unspecified</pose>
		<truncated>0</truncated>
		<difficult>0</difficult>
		<bndbox>
			<xmin>89</xmin>
			<ymin>154</ymin>
			<xmax>251</xmax>
			<ymax>496</ymax>
		</bndbox>
		<part>
			<name>head</name>
			<bndbox>
				<xmin>128.9295</xmin>
				<ymin>153.0756</ymin>
				<xmax>181.0011</xmax>
				<ymax>203.4675</ymax>
			</bndbox>
		</part>
		<part>
			<name>hand</name>
			<bndbox>
				<xmin>204.5174</xmin>
				<ymin>248.8203</ymin>
				<xmax>233.6327</xmax>
				<ymax>270.0969</ymax>
			</bndbox>
		</part>
		<part>
			<name>hand</name>
			<bndbox>
				<xmin>142.3673</xmin>
				<ymin>295.8527</ymin>
				<xmax>173.7223</xmax>
				<ymax>319.9289</ymax>
			</bndbox>
		</part>
		<part>
			<name>foot</name>
			<bndbox>
				<xmin>191.6394</xmin>
				<ymin>444.229</ymin>
				<xmax>247.6305</xmax>
				<ymax>469.425</ymax>
			</bndbox>
		</part>
		<part>
			<name>foot</name>
			<bndbox>
				<xmin>121.6506</xmin>
				<ymin>478.9434</ymin>
				<xmax>174.8421</xmax>
				<ymax>496.3007</ymax>
			</bndbox>
		</part>
	</object>
	<object>
		<name>pottedplant</name>
		<pose>Unspecified</pose>
		<truncated>0</truncated>
		<difficult>0</difficult>
		<bndbox>
			<xmin>36</xmin>
			<ymin>156</ymin>
			<xmax>88</xmax>
			<ymax>231</ymax>
		</bndbox>
	</object>
</annotation>
