<annotation>
  <folder>VOC2007</folder>
  <filename>004671.jpg</filename>
  <source>
    <database>The VOC2007 Database</database>
    <annotation>PASCAL VOC2007</annotation>
    <image>flickr</image>
    <flickrid>340810831</flickrid>
  </source>
  <owner>
    <flickrid>noshowerfamily</flickrid>
    <name>www</name>
  </owner>
  <size>
    <width>317</width>
    <height>500</height>
    <depth>3</depth>
  </size>
  <segmented>0</segmented>
  <object>
    <name>bottle</name>
    <pose>Unspecified</pose>
    <truncated>0</truncated>
    <difficult>0</difficult>
    <bndbox>
      <xmin>49</xmin>
      <ymin>1</ymin>
      <xmax>283</xmax>
      <ymax>497</ymax>
    </bndbox>
  </object>
  <object>
    <name>cow</name>
    <pose>Unspecified</pose>
    <truncated>0</truncated>
    <difficult>0</difficult>
    <bndbox>
      <xmin>157</xmin>
      <ymin>230</ymin>
      <xmax>304</xmax>
      <ymax>312</ymax>
    </bndbox>
  </object>
</annotation>
