<annotation>
  <folder>VOC2007</folder>
  <filename>004785.jpg</filename>
  <source>
    <database>The VOC2007 Database</database>
    <annotation>PASCAL VOC2007</annotation>
    <image>flickr</image>
    <flickrid>338801005</flickrid>
  </source>
  <owner>
    <flickrid>mattcmu</flickrid>
    <name>Matthew</name>
  </owner>
  <size>
    <width>500</width>
    <height>331</height>
    <depth>3</depth>
  </size>
  <segmented>0</segmented>
  <object>
    <name>diningtable</name>
    <pose>Unspecified</pose>
    <truncated>1</truncated>
    <difficult>0</difficult>
    <bndbox>
      <xmin>56</xmin>
      <ymin>97</ymin>
      <xmax>475</xmax>
      <ymax>331</ymax>
    </bndbox>
  </object>
  <object>
    <name>chair</name>
    <pose>Unspecified</pose>
    <truncated>1</truncated>
    <difficult>1</difficult>
    <bndbox>
      <xmin>404</xmin>
      <ymin>143</ymin>
      <xmax>491</xmax>
      <ymax>300</ymax>
    </bndbox>
  </object>
  <object>
    <name>chair</name>
    <pose>Unspecified</pose>
    <truncated>1</truncated>
    <difficult>1</difficult>
    <bndbox>
      <xmin>355</xmin>
      <ymin>89</ymin>
      <xmax>418</xmax>
      <ymax>219</ymax>
    </bndbox>
  </object>
  <object>
    <name>chair</name>
    <pose>Unspecified</pose>
    <truncated>1</truncated>
    <difficult>1</difficult>
    <bndbox>
      <xmin>341</xmin>
      <ymin>76</ymin>
      <xmax>380</xmax>
      <ymax>170</ymax>
    </bndbox>
  </object>
  <object>
    <name>chair</name>
    <pose>Unspecified</pose>
    <truncated>1</truncated>
    <difficult>1</difficult>
    <bndbox>
      <xmin>316</xmin>
      <ymin>67</ymin>
      <xmax>348</xmax>
      <ymax>138</ymax>
    </bndbox>
  </object>
  <object>
    <name>chair</name>
    <pose>Unspecified</pose>
    <truncated>1</truncated>
    <difficult>1</difficult>
    <bndbox>
      <xmin>200</xmin>
      <ymin>56</ymin>
      <xmax>263</xmax>
      <ymax>99</ymax>
    </bndbox>
  </object>
  <object>
    <name>chair</name>
    <pose>Unspecified</pose>
    <truncated>1</truncated>
    <difficult>1</difficult>
    <bndbox>
      <xmin>117</xmin>
      <ymin>73</ymin>
      <xmax>143</xmax>
      <ymax>141</ymax>
    </bndbox>
  </object>
  <object>
    <name>chair</name>
    <pose>Unspecified</pose>
    <truncated>1</truncated>
    <difficult>1</difficult>
    <bndbox>
      <xmin>92</xmin>
      <ymin>81</ymin>
      <xmax>136</xmax>
      <ymax>176</ymax>
    </bndbox>
  </object>
  <object>
    <name>chair</name>
    <pose>Unspecified</pose>
    <truncated>1</truncated>
    <difficult>1</difficult>
    <bndbox>
      <xmin>68</xmin>
      <ymin>94</ymin>
      <xmax>126</xmax>
      <ymax>229</ymax>
    </bndbox>
  </object>
  <object>
    <name>chair</name>
    <pose>Unspecified</pose>
    <truncated>1</truncated>
    <difficult>1</difficult>
    <bndbox>
      <xmin>15</xmin>
      <ymin>150</ymin>
      <xmax>93</xmax>
      <ymax>321</ymax>
    </bndbox>
  </object>
  <object>
    <name>chair</name>
    <pose>Right</pose>
    <truncated>1</truncated>
    <difficult>0</difficult>
    <bndbox>
      <xmin>1</xmin>
      <ymin>81</ymin>
      <xmax>52</xmax>
      <ymax>159</ymax>
    </bndbox>
  </object>
  <object>
    <name>chair</name>
    <pose>Unspecified</pose>
    <truncated>1</truncated>
    <difficult>1</difficult>
    <bndbox>
      <xmin>128</xmin>
      <ymin>47</ymin>
      <xmax>181</xmax>
      <ymax>107</ymax>
    </bndbox>
  </object>
  <object>
    <name>cow</name>
    <pose>Unspecified</pose>
    <truncated>0</truncated>
    <difficult>0</difficult>
    <bndbox>
      <xmin>252</xmin>
      <ymin>26</ymin>
      <xmax>399</xmax>
      <ymax>108</ymax>
    </bndbox>
  </object>
</annotation>
