<annotation>
  <folder>VOC2007</folder>
  <filename>004837.jpg</filename>
  <source>
    <database>The VOC2007 Database</database>
    <annotation>PASCAL VOC2007</annotation>
    <image>flickr</image>
    <flickrid>314561043</flickrid>
  </source>
  <owner>
    <flickrid>AwenAnam</flickrid>
    <name>Lars Goldschlager</name>
  </owner>
  <size>
    <width>500</width>
    <height>375</height>
    <depth>3</depth>
  </size>
  <segmented>0</segmented>
  <object>
    <name>sofa</name>
    <pose>Frontal</pose>
    <truncated>1</truncated>
    <difficult>0</difficult>
    <bndbox>
      <xmin>273</xmin>
      <ymin>138</ymin>
      <xmax>500</xmax>
      <ymax>320</ymax>
    </bndbox>
  </object>
  <object>
    <name>chair</name>
    <pose>Right</pose>
    <truncated>0</truncated>
    <difficult>0</difficult>
    <bndbox>
      <xmin>67</xmin>
      <ymin>166</ymin>
      <xmax>253</xmax>
      <ymax>357</ymax>
    </bndbox>
  </object>
  <object>
    <name>cow</name>
    <pose>Unspecified</pose>
    <truncated>0</truncated>
    <difficult>0</difficult>
    <bndbox>
      <xmin>140</xmin>
      <ymin>135</ymin>
      <xmax>287</xmax>
      <ymax>217</ymax>
    </bndbox>
  </object>
</annotation>
