<annotation>
	<folder>VOC2007</folder>
	<filename>004984.jpg</filename>
	<source>
		<database>The VOC2007 Database</database>
		<annotation>PASCAL VOC2007</annotation>
		<image>flickr</image>
		<flickrid>320517023</flickrid>
	</source>
	<owner>
		<flickrid>pigpogm</flickrid>
		<name>Michael Randall</name>
	</owner>
	<size>
		<width>500</width>
		<height>375</height>
		<depth>3</depth>
	</size>
	<segmented>0</segmented>
	<object>
		<name>chair</name>
		<pose>Frontal</pose>
		<truncated>0</truncated>
		<difficult>0</difficult>
		<bndbox>
			<xmin>295</xmin>
			<ymin>34</ymin>
			<xmax>480</xmax>
			<ymax>213</ymax>
		</bndbox>
	</object>
</annotation>
