<annotation>
	<folder>VOC2007</folder>
	<filename>004986.jpg</filename>
	<source>
		<database>The VOC2007 Database</database>
		<annotation>PASCAL VOC2007</annotation>
		<image>flickr</image>
		<flickrid>309759045</flickrid>
	</source>
	<owner>
		<flickrid>LindaRowleyGarfinkel</flickrid>
		<name>Linda Garfinkel</name>
	</owner>
	<size>
		<width>375</width>
		<height>500</height>
		<depth>3</depth>
	</size>
	<segmented>0</segmented>
	<object>
		<name>chair</name>
		<pose>Unspecified</pose>
		<truncated>1</truncated>
		<difficult>1</difficult>
		<bndbox>
			<xmin>143</xmin>
			<ymin>291</ymin>
			<xmax>178</xmax>
			<ymax>308</ymax>
		</bndbox>
	</object>
	<object>
		<name>chair</name>
		<pose>Rear</pose>
		<truncated>0</truncated>
		<difficult>0</difficult>
		<bndbox>
			<xmin>140</xmin>
			<ymin>305</ymin>
			<xmax>185</xmax>
			<ymax>392</ymax>
		</bndbox>
	</object>
</annotation>
