<annotation>
	<folder>VOC2007</folder>
	<filename>004916.jpg</filename>
	<source>
		<database>The VOC2007 Database</database>
		<annotation>PASCAL VOC2007</annotation>
		<image>flickr</image>
		<flickrid>337993416</flickrid>
	</source>
	<owner>
		<flickrid>Mattp9</flickrid>
		<name>Matt Penning</name>
	</owner>
	<size>
		<width>500</width>
		<height>333</height>
		<depth>3</depth>
	</size>
	<segmented>0</segmented>
	<object>
		<name>person</name>
		<pose>Frontal</pose>
		<truncated>1</truncated>
		<difficult>0</difficult>
		<bndbox>
			<xmin>30</xmin>
			<ymin>34</ymin>
			<xmax>334</xmax>
			<ymax>333</ymax>
		</bndbox>
	</object>
	<object>
		<name>bottle</name>
		<pose>Unspecified</pose>
		<truncated>1</truncated>
		<difficult>0</difficult>
		<bndbox>
			<xmin>355</xmin>
			<ymin>244</ymin>
			<xmax>464</xmax>
			<ymax>333</ymax>
		</bndbox>
	</object>
	<object>
		<name>tvmonitor</name>
		<pose>Rear</pose>
		<truncated>1</truncated>
		<difficult>0</difficult>
		<bndbox>
			<xmin>119</xmin>
			<ymin>87</ymin>
			<xmax>169</xmax>
			<ymax>148</ymax>
		</bndbox>
	</object>
</annotation>
