<annotation>
	<folder>VOC2007</folder>
	<filename>005063.jpg</filename>
	<source>
		<database>The VOC2007 Database</database>
		<annotation>PASCAL VOC2007</annotation>
		<image>flickr</image>
		<flickrid>311413363</flickrid>
	</source>
	<owner>
		<flickrid>grzes0407</flickrid>
		<name>Gregory C.</name>
	</owner>
	<size>
		<width>375</width>
		<height>500</height>
		<depth>3</depth>
	</size>
	<segmented>0</segmented>
	<object>
		<name>cow</name>
		<pose>Frontal</pose>
		<truncated>0</truncated>
		<difficult>0</difficult>
		<bndbox>
			<xmin>114</xmin>
			<ymin>360</ymin>
			<xmax>192</xmax>
			<ymax>473</ymax>
		</bndbox>
	</object>
	<object>
		<name>person</name>
		<pose>Frontal</pose>
		<truncated>0</truncated>
		<difficult>0</difficult>
		<bndbox>
			<xmin>35</xmin>
			<ymin>345</ymin>
			<xmax>92</xmax>
			<ymax>489</ymax>
		</bndbox>
		<part>
			<name>head</name>
			<bndbox>
				<xmin>47.7424</xmin>
				<ymin>344.005</ymin>
				<xmax>66.2195</xmax>
				<ymax>366.4015</ymax>
			</bndbox>
		</part>
		<part>
			<name>hand</name>
			<bndbox>
				<xmin>37.1041</xmin>
				<ymin>424.6321</ymin>
				<xmax>46.0627</xmax>
				<ymax>435.2704</ymax>
			</bndbox>
		</part>
		<part>
			<name>hand</name>
			<bndbox>
				<xmin>84.1366</xmin>
				<ymin>417.9132</ymin>
				<xmax>94.215</xmax>
				<ymax>431.3511</ymax>
			</bndbox>
		</part>
		<part>
			<name>foot</name>
			<bndbox>
				<xmin>66.7794</xmin>
				<ymin>478.3835</ymin>
				<xmax>75.738</xmax>
				<ymax>485.6624</ymax>
			</bndbox>
		</part>
		<part>
			<name>foot</name>
			<bndbox>
				<xmin>58.9406</xmin>
				<ymin>484.5426</ymin>
				<xmax>67.3393</xmax>
				<ymax>489.5817</ymax>
			</bndbox>
		</part>
	</object>
</annotation>
