<annotation>
  <folder>VOC2007</folder>
  <filename>005153.jpg</filename>
  <source>
    <database>The VOC2007 Database</database>
    <annotation>PASCAL VOC2007</annotation>
    <image>flickr</image>
    <flickrid>299206652</flickrid>
  </source>
  <owner>
    <flickrid>richard_chisholm</flickrid>
    <name>Cheese</name>
  </owner>
  <size>
    <width>500</width>
    <height>375</height>
    <depth>3</depth>
  </size>
  <segmented>0</segmented>
  <object>
    <name>chair</name>
    <pose>Unspecified</pose>
    <truncated>1</truncated>
    <difficult>1</difficult>
    <bndbox>
      <xmin>1</xmin>
      <ymin>147</ymin>
      <xmax>39</xmax>
      <ymax>219</ymax>
    </bndbox>
  </object>
  <object>
    <name>chair</name>
    <pose>Frontal</pose>
    <truncated>0</truncated>
    <difficult>0</difficult>
    <bndbox>
      <xmin>44</xmin>
      <ymin>147</ymin>
      <xmax>94</xmax>
      <ymax>217</ymax>
    </bndbox>
  </object>
  <object>
    <name>chair</name>
    <pose>Right</pose>
    <truncated>1</truncated>
    <difficult>0</difficult>
    <bndbox>
      <xmin>104</xmin>
      <ymin>216</ymin>
      <xmax>288</xmax>
      <ymax>375</ymax>
    </bndbox>
  </object>
  <object>
    <name>chair</name>
    <pose>Right</pose>
    <truncated>0</truncated>
    <difficult>0</difficult>
    <bndbox>
      <xmin>94</xmin>
      <ymin>177</ymin>
      <xmax>234</xmax>
      <ymax>358</ymax>
    </bndbox>
  </object>
  <object>
    <name>tvmonitor</name>
    <pose>Left</pose>
    <truncated>1</truncated>
    <difficult>0</difficult>
    <bndbox>
      <xmin>157</xmin>
      <ymin>115</ymin>
      <xmax>200</xmax>
      <ymax>164</ymax>
    </bndbox>
  </object>
  <object>
    <name>tvmonitor</name>
    <pose>Left</pose>
    <truncated>1</truncated>
    <difficult>0</difficult>
    <bndbox>
      <xmin>182</xmin>
      <ymin>109</ymin>
      <xmax>235</xmax>
      <ymax>178</ymax>
    </bndbox>
  </object>
  <object>
    <name>tvmonitor</name>
    <pose>Left</pose>
    <truncated>0</truncated>
    <difficult>0</difficult>
    <bndbox>
      <xmin>210</xmin>
      <ymin>95</ymin>
      <xmax>340</xmax>
      <ymax>204</ymax>
    </bndbox>
  </object>
  <object>
    <name>tvmonitor</name>
    <pose>Left</pose>
    <truncated>1</truncated>
    <difficult>0</difficult>
    <bndbox>
      <xmin>309</xmin>
      <ymin>67</ymin>
      <xmax>500</xmax>
      <ymax>267</ymax>
    </bndbox>
  </object>
  <object>
    <name>cow</name>
    <pose>Unspecified</pose>
    <truncated>0</truncated>
    <difficult>0</difficult>
    <bndbox>
      <xmin>295</xmin>
      <ymin>236</ymin>
      <xmax>442</xmax>
      <ymax>318</ymax>
    </bndbox>
  </object>
</annotation>
