<annotation>
	<folder>VOC2007</folder>
	<filename>005129.jpg</filename>
	<source>
		<database>The VOC2007 Database</database>
		<annotation>PASCAL VOC2007</annotation>
		<image>flickr</image>
		<flickrid>333002934</flickrid>
	</source>
	<owner>
		<flickrid>runstave</flickrid>
		<name>?</name>
	</owner>
	<size>
		<width>500</width>
		<height>375</height>
		<depth>3</depth>
	</size>
	<segmented>0</segmented>
	<object>
		<name>chair</name>
		<pose>Unspecified</pose>
		<truncated>1</truncated>
		<difficult>0</difficult>
		<bndbox>
			<xmin>2</xmin>
			<ymin>163</ymin>
			<xmax>419</xmax>
			<ymax>375</ymax>
		</bndbox>
	</object>
	<object>
		<name>pottedplant</name>
		<pose>Unspecified</pose>
		<truncated>1</truncated>
		<difficult>1</difficult>
		<bndbox>
			<xmin>304</xmin>
			<ymin>95</ymin>
			<xmax>405</xmax>
			<ymax>190</ymax>
		</bndbox>
	</object>
	<object>
		<name>person</name>
		<pose>Unspecified</pose>
		<truncated>1</truncated>
		<difficult>0</difficult>
		<bndbox>
			<xmin>124</xmin>
			<ymin>126</ymin>
			<xmax>380</xmax>
			<ymax>375</ymax>
		</bndbox>
		<part>
			<name>head</name>
			<bndbox>
				<xmin>203.6775</xmin>
				<ymin>125.43</ymin>
				<xmax>298.1624</xmax>
				<ymax>241.7514</ymax>
			</bndbox>
		</part>
		<part>
			<name>hand</name>
			<bndbox>
				<xmin>299.0022</xmin>
				<ymin>285.4244</ymin>
				<xmax>366.1915</xmax>
				<ymax>346.7346</ymax>
			</bndbox>
		</part>
	</object>
	<object>
		<name>chair</name>
		<pose>Unspecified</pose>
		<truncated>0</truncated>
		<difficult>0</difficult>
		<bndbox>
			<xmin>266</xmin>
			<ymin>9</ymin>
			<xmax>337</xmax>
			<ymax>131</ymax>
		</bndbox>
	</object>
	<object>
		<name>chair</name>
		<pose>Unspecified</pose>
		<truncated>0</truncated>
		<difficult>0</difficult>
		<bndbox>
			<xmin>213</xmin>
			<ymin>25</ymin>
			<xmax>273</xmax>
			<ymax>113</ymax>
		</bndbox>
	</object>
	<object>
		<name>chair</name>
		<pose>Unspecified</pose>
		<truncated>1</truncated>
		<difficult>0</difficult>
		<bndbox>
			<xmin>189</xmin>
			<ymin>1</ymin>
			<xmax>223</xmax>
			<ymax>100</ymax>
		</bndbox>
	</object>
	<object>
		<name>chair</name>
		<pose>Unspecified</pose>
		<truncated>0</truncated>
		<difficult>1</difficult>
		<bndbox>
			<xmin>149</xmin>
			<ymin>5</ymin>
			<xmax>196</xmax>
			<ymax>89</ymax>
		</bndbox>
	</object>
</annotation>
