<annotation>
	<folder>VOC2007</folder>
	<filename>005349.jpg</filename>
	<source>
		<database>The VOC2007 Database</database>
		<annotation>PASCAL VOC2007</annotation>
		<image>flickr</image>
		<flickrid>111847508</flickrid>
	</source>
	<owner>
		<flickrid>chrismear</flickrid>
		<name>Chris Mear</name>
	</owner>
	<size>
		<width>500</width>
		<height>375</height>
		<depth>3</depth>
	</size>
	<segmented>0</segmented>
	<object>
		<name>tvmonitor</name>
		<pose>Frontal</pose>
		<truncated>1</truncated>
		<difficult>0</difficult>
		<bndbox>
			<xmin>400</xmin>
			<ymin>96</ymin>
			<xmax>500</xmax>
			<ymax>223</ymax>
		</bndbox>
	</object>
	<object>
		<name>tvmonitor</name>
		<pose>Frontal</pose>
		<truncated>1</truncated>
		<difficult>0</difficult>
		<bndbox>
			<xmin>1</xmin>
			<ymin>135</ymin>
			<xmax>104</xmax>
			<ymax>273</ymax>
		</bndbox>
	</object>
	<object>
		<name>chair</name>
		<pose>Rear</pose>
		<truncated>1</truncated>
		<difficult>0</difficult>
		<bndbox>
			<xmin>101</xmin>
			<ymin>234</ymin>
			<xmax>432</xmax>
			<ymax>375</ymax>
		</bndbox>
	</object>
</annotation>
