<annotation>
	<folder>VOC2007</folder>
	<filename>005367.jpg</filename>
	<source>
		<database>The VOC2007 Database</database>
		<annotation>PASCAL VOC2007</annotation>
		<image>flickr</image>
		<flickrid>313775741</flickrid>
	</source>
	<owner>
		<flickrid>MarkusFFM</flickrid>
		<name>Markus</name>
	</owner>
	<size>
		<width>500</width>
		<height>333</height>
		<depth>3</depth>
	</size>
	<segmented>0</segmented>
	<object>
		<name>bottle</name>
		<pose>Unspecified</pose>
		<truncated>0</truncated>
		<difficult>0</difficult>
		<bndbox>
			<xmin>112</xmin>
			<ymin>51</ymin>
			<xmax>217</xmax>
			<ymax>313</ymax>
		</bndbox>
	</object>
</annotation>
