<annotation>
  <folder>VOC2007</folder>
  <filename>005326.jpg</filename>
  <source>
    <database>The VOC2007 Database</database>
    <annotation>PASCAL VOC2007</annotation>
    <image>flickr</image>
    <flickrid>321242484</flickrid>
  </source>
  <owner>
    <flickrid>jeniq8</flickrid>
    <name>?</name>
  </owner>
  <size>
    <width>500</width>
    <height>376</height>
    <depth>3</depth>
  </size>
  <segmented>0</segmented>
  <object>
    <name>person</name>
    <pose>Unspecified</pose>
    <truncated>0</truncated>
    <difficult>0</difficult>
    <bndbox>
      <xmin>197</xmin>
      <ymin>197</ymin>
      <xmax>237</xmax>
      <ymax>269</ymax>
    </bndbox>
  </object>
  <object>
    <name>person</name>
    <pose>Unspecified</pose>
    <truncated>0</truncated>
    <difficult>0</difficult>
    <bndbox>
      <xmin>341</xmin>
      <ymin>176</ymin>
      <xmax>361</xmax>
      <ymax>235</ymax>
    </bndbox>
  </object>
  <object>
    <name>person</name>
    <pose>Unspecified</pose>
    <truncated>0</truncated>
    <difficult>1</difficult>
    <bndbox>
      <xmin>440</xmin>
      <ymin>183</ymin>
      <xmax>453</xmax>
      <ymax>210</ymax>
    </bndbox>
  </object>
  <object>
    <name>person</name>
    <pose>Unspecified</pose>
    <truncated>0</truncated>
    <difficult>1</difficult>
    <bndbox>
      <xmin>424</xmin>
      <ymin>184</ymin>
      <xmax>438</xmax>
      <ymax>216</ymax>
    </bndbox>
  </object>
  <object>
    <name>person</name>
    <pose>Unspecified</pose>
    <truncated>1</truncated>
    <difficult>1</difficult>
    <bndbox>
      <xmin>397</xmin>
      <ymin>185</ymin>
      <xmax>412</xmax>
      <ymax>200</ymax>
    </bndbox>
  </object>
  <object>
    <name>cow</name>
    <pose>Left</pose>
    <truncated>1</truncated>
    <difficult>0</difficult>
    <bndbox>
      <xmin>60</xmin>
      <ymin>223</ymin>
      <xmax>181</xmax>
      <ymax>283</ymax>
    </bndbox>
  </object>
  <object>
    <name>cow</name>
    <pose>Left</pose>
    <truncated>0</truncated>
    <difficult>0</difficult>
    <bndbox>
      <xmin>34</xmin>
      <ymin>225</ymin>
      <xmax>143</xmax>
      <ymax>277</ymax>
    </bndbox>
  </object>
  <object>
    <name>cow</name>
    <pose>Unspecified</pose>
    <truncated>0</truncated>
    <difficult>1</difficult>
    <bndbox>
      <xmin>257</xmin>
      <ymin>215</ymin>
      <xmax>337</xmax>
      <ymax>262</ymax>
    </bndbox>
  </object>
  <object>
    <name>cow</name>
    <pose>Unspecified</pose>
    <truncated>1</truncated>
    <difficult>1</difficult>
    <bndbox>
      <xmin>235</xmin>
      <ymin>220</ymin>
      <xmax>263</xmax>
      <ymax>248</ymax>
    </bndbox>
  </object>
  <object>
    <name>cow</name>
    <pose>Unspecified</pose>
    <truncated>0</truncated>
    <difficult>1</difficult>
    <bndbox>
      <xmin>379</xmin>
      <ymin>199</ymin>
      <xmax>412</xmax>
      <ymax>231</ymax>
    </bndbox>
  </object>
  <object>
    <name>cow</name>
    <pose>Unspecified</pose>
    <truncated>1</truncated>
    <difficult>1</difficult>
    <bndbox>
      <xmin>361</xmin>
      <ymin>197</ymin>
      <xmax>383</xmax>
      <ymax>229</ymax>
    </bndbox>
  </object>
  <object>
    <name>cow</name>
    <pose>Unspecified</pose>
    <truncated>1</truncated>
    <difficult>1</difficult>
    <bndbox>
      <xmin>413</xmin>
      <ymin>193</ymin>
      <xmax>427</xmax>
      <ymax>216</ymax>
    </bndbox>
  </object>
  <object>
    <name>cow</name>
    <pose>Unspecified</pose>
    <truncated>0</truncated>
    <difficult>0</difficult>
    <bndbox>
      <xmin>150</xmin>
      <ymin>205</ymin>
      <xmax>297</xmax>
      <ymax>287</ymax>
    </bndbox>
  </object>
</annotation>
