<annotation>
  <folder>VOC2007</folder>
  <filename>005471.jpg</filename>
  <source>
    <database>The VOC2007 Database</database>
    <annotation>PASCAL VOC2007</annotation>
    <image>flickr</image>
    <flickrid>320284081</flickrid>
  </source>
  <owner>
    <flickrid>jluxenberg</flickrid>
    <name>Jared Luxenberg</name>
  </owner>
  <size>
    <width>500</width>
    <height>333</height>
    <depth>3</depth>
  </size>
  <segmented>0</segmented>
  <object>
    <name>chair</name>
    <pose>Unspecified</pose>
    <truncated>1</truncated>
    <difficult>0</difficult>
    <bndbox>
      <xmin>303</xmin>
      <ymin>28</ymin>
      <xmax>455</xmax>
      <ymax>174</ymax>
    </bndbox>
  </object>
  <object>
    <name>person</name>
    <pose>Unspecified</pose>
    <truncated>1</truncated>
    <difficult>0</difficult>
    <bndbox>
      <xmin>19</xmin>
      <ymin>28</ymin>
      <xmax>274</xmax>
      <ymax>332</ymax>
    </bndbox>
    <part>
      <name>head</name>
      <bndbox>
        <xmin>207.9597</xmin>
        <ymin>26.2742</ymin>
        <xmax>272.0726</xmax>
        <ymax>106.5161</ymax>
      </bndbox>
    </part>
    <part>
      <name>foot</name>
      <bndbox>
        <xmin>12.7984</xmin>
        <ymin>293.2097</ymin>
        <xmax>57.1532</xmax>
        <ymax>333</ymax>
      </bndbox>
    </part>
    <part>
      <name>hand</name>
      <bndbox>
        <xmin>249.8952</xmin>
        <ymin>236.7581</ymin>
        <xmax>275.7016</xmax>
        <ymax>287.1613</ymax>
      </bndbox>
    </part>
  </object>
  <object>
    <name>person</name>
    <pose>Unspecified</pose>
    <truncated>1</truncated>
    <difficult>0</difficult>
    <bndbox>
      <xmin>274</xmin>
      <ymin>26</ymin>
      <xmax>497</xmax>
      <ymax>308</ymax>
    </bndbox>
    <part>
      <name>head</name>
      <bndbox>
        <xmin>271.2661</xmin>
        <ymin>31.9194</ymin>
        <xmax>335.7823</xmax>
        <ymax>96.0323</ymax>
      </bndbox>
    </part>
    <part>
      <name>hand</name>
      <bndbox>
        <xmin>271.6694</xmin>
        <ymin>233.129</ymin>
        <xmax>317.2339</xmax>
        <ymax>278.2903</ymax>
      </bndbox>
    </part>
    <part>
      <name>foot</name>
      <bndbox>
        <xmin>449.8952</xmin>
        <ymin>265.7903</ymin>
        <xmax>500</xmax>
        <ymax>293.2097</ymax>
      </bndbox>
    </part>
  </object>
  <object>
    <name>bottle</name>
    <pose>Unspecified</pose>
    <truncated>1</truncated>
    <difficult>0</difficult>
    <bndbox>
      <xmin>162</xmin>
      <ymin>238</ymin>
      <xmax>190</xmax>
      <ymax>305</ymax>
    </bndbox>
  </object>
  <object>
    <name>cow</name>
    <pose>Unspecified</pose>
    <truncated>0</truncated>
    <difficult>0</difficult>
    <bndbox>
      <xmin>294</xmin>
      <ymin>158</ymin>
      <xmax>441</xmax>
      <ymax>240</ymax>
    </bndbox>
  </object>
</annotation>
