<annotation>
	<folder>VOC2007</folder>
	<filename>005438.jpg</filename>
	<source>
		<database>The VOC2007 Database</database>
		<annotation>PASCAL VOC2007</annotation>
		<image>flickr</image>
		<flickrid>320812761</flickrid>
	</source>
	<owner>
		<flickrid>sigrid and associates</flickrid>
		<name>?</name>
	</owner>
	<size>
		<width>500</width>
		<height>342</height>
		<depth>3</depth>
	</size>
	<segmented>0</segmented>
	<object>
		<name>chair</name>
		<pose>Unspecified</pose>
		<truncated>0</truncated>
		<difficult>0</difficult>
		<bndbox>
			<xmin>35</xmin>
			<ymin>175</ymin>
			<xmax>157</xmax>
			<ymax>315</ymax>
		</bndbox>
	</object>
	<object>
		<name>sofa</name>
		<pose>Unspecified</pose>
		<truncated>1</truncated>
		<difficult>1</difficult>
		<bndbox>
			<xmin>409</xmin>
			<ymin>216</ymin>
			<xmax>489</xmax>
			<ymax>332</ymax>
		</bndbox>
	</object>
</annotation>
