<annotation>
	<folder>VOC2007</folder>
	<filename>005521.jpg</filename>
	<source>
		<database>The VOC2007 Database</database>
		<annotation>PASCAL VOC2007</annotation>
		<image>flickr</image>
		<flickrid>326949635</flickrid>
	</source>
	<owner>
		<flickrid>The Real Realm</flickrid>
		<name>Real Realm LLC</name>
	</owner>
	<size>
		<width>500</width>
		<height>375</height>
		<depth>3</depth>
	</size>
	<segmented>0</segmented>
	<object>
		<name>diningtable</name>
		<pose>Unspecified</pose>
		<truncated>1</truncated>
		<difficult>0</difficult>
		<bndbox>
			<xmin>69</xmin>
			<ymin>146</ymin>
			<xmax>458</xmax>
			<ymax>374</ymax>
		</bndbox>
	</object>
	<object>
		<name>diningtable</name>
		<pose>Unspecified</pose>
		<truncated>1</truncated>
		<difficult>1</difficult>
		<bndbox>
			<xmin>260</xmin>
			<ymin>45</ymin>
			<xmax>402</xmax>
			<ymax>141</ymax>
		</bndbox>
	</object>
</annotation>
