<annotation>
	<folder>VOC2007</folder>
	<filename>005629.jpg</filename>
	<source>
		<database>The VOC2007 Database</database>
		<annotation>PASCAL VOC2007</annotation>
		<image>flickr</image>
		<flickrid>330849689</flickrid>
	</source>
	<owner>
		<flickrid>tbug1</flickrid>
		<name>?</name>
	</owner>
	<size>
		<width>500</width>
		<height>333</height>
		<depth>3</depth>
	</size>
	<segmented>0</segmented>
	<object>
		<name>chair</name>
		<pose>Unspecified</pose>
		<truncated>0</truncated>
		<difficult>0</difficult>
		<bndbox>
			<xmin>250</xmin>
			<ymin>84</ymin>
			<xmax>415</xmax>
			<ymax>321</ymax>
		</bndbox>
	</object>
	<object>
		<name>chair</name>
		<pose>Unspecified</pose>
		<truncated>0</truncated>
		<difficult>0</difficult>
		<bndbox>
			<xmin>110</xmin>
			<ymin>70</ymin>
			<xmax>256</xmax>
			<ymax>275</ymax>
		</bndbox>
	</object>
	<object>
		<name>chair</name>
		<pose>Unspecified</pose>
		<truncated>1</truncated>
		<difficult>1</difficult>
		<bndbox>
			<xmin>117</xmin>
			<ymin>29</ymin>
			<xmax>183</xmax>
			<ymax>78</ymax>
		</bndbox>
	</object>
	<object>
		<name>chair</name>
		<pose>Unspecified</pose>
		<truncated>1</truncated>
		<difficult>1</difficult>
		<bndbox>
			<xmin>280</xmin>
			<ymin>31</ymin>
			<xmax>348</xmax>
			<ymax>91</ymax>
		</bndbox>
	</object>
	<object>
		<name>diningtable</name>
		<pose>Unspecified</pose>
		<truncated>0</truncated>
		<difficult>0</difficult>
		<bndbox>
			<xmin>94</xmin>
			<ymin>56</ymin>
			<xmax>424</xmax>
			<ymax>325</ymax>
		</bndbox>
	</object>
</annotation>
