<annotation>
  <folder>VOC2007</folder>
  <filename>005728.jpg</filename>
  <source>
    <database>The VOC2007 Database</database>
    <annotation>PASCAL VOC2007</annotation>
    <image>flickr</image>
    <flickrid>329943127</flickrid>
  </source>
  <owner>
    <flickrid>Lothar Lenz</flickrid>
    <name>Lothar Lenz</name>
  </owner>
  <size>
    <width>500</width>
    <height>322</height>
    <depth>3</depth>
  </size>
  <segmented>0</segmented>
  <object>
    <name>person</name>
    <pose>Unspecified</pose>
    <truncated>1</truncated>
    <difficult>0</difficult>
    <bndbox>
      <xmin>132</xmin>
      <ymin>61</ymin>
      <xmax>194</xmax>
      <ymax>192</ymax>
    </bndbox>
  </object>
  <object>
    <name>cow</name>
    <pose>Left</pose>
    <truncated>0</truncated>
    <difficult>0</difficult>
    <bndbox>
      <xmin>280</xmin>
      <ymin>142</ymin>
      <xmax>406</xmax>
      <ymax>248</ymax>
    </bndbox>
  </object>
  <object>
    <name>horse</name>
    <pose>Unspecified</pose>
    <truncated>0</truncated>
    <difficult>0</difficult>
    <bndbox>
      <xmin>149</xmin>
      <ymin>114</ymin>
      <xmax>231</xmax>
      <ymax>250</ymax>
    </bndbox>
  </object>
  <object>
    <name>cow</name>
    <pose>Unspecified</pose>
    <truncated>0</truncated>
    <difficult>0</difficult>
    <bndbox>
      <xmin>195</xmin>
      <ymin>19</ymin>
      <xmax>342</xmax>
      <ymax>101</ymax>
    </bndbox>
  </object>
</annotation>
