<annotation>
  <folder>VOC2007</folder>
  <filename>005841.jpg</filename>
  <source>
    <database>The VOC2007 Database</database>
    <annotation>PASCAL VOC2007</annotation>
    <image>flickr</image>
    <flickrid>311427757</flickrid>
  </source>
  <owner>
    <flickrid>the owls go</flickrid>
    <name>Nolan Pelletier</name>
  </owner>
  <size>
    <width>301</width>
    <height>500</height>
    <depth>3</depth>
  </size>
  <segmented>0</segmented>
  <object>
    <name>cow</name>
    <pose>Unspecified</pose>
    <truncated>0</truncated>
    <difficult>0</difficult>
    <bndbox>
      <xmin>23</xmin>
      <ymin>219</ymin>
      <xmax>212</xmax>
      <ymax>461</ymax>
    </bndbox>
  </object>
  <object>
    <name>cow</name>
    <pose>Unspecified</pose>
    <truncated>0</truncated>
    <difficult>0</difficult>
    <bndbox>
      <xmin>21</xmin>
      <ymin>101</ymin>
      <xmax>168</xmax>
      <ymax>183</ymax>
    </bndbox>
  </object>
</annotation>
