<annotation>
  <folder>VOC2007</folder>
  <filename>005843.jpg</filename>
  <source>
    <database>The VOC2007 Database</database>
    <annotation>PASCAL VOC2007</annotation>
    <image>flickr</image>
    <flickrid>323492822</flickrid>
  </source>
  <owner>
    <flickrid>johnofallfaith</flickrid>
    <name>John of AllFaith</name>
  </owner>
  <size>
    <width>500</width>
    <height>375</height>
    <depth>3</depth>
  </size>
  <segmented>0</segmented>
  <object>
    <name>cow</name>
    <pose>Right</pose>
    <truncated>0</truncated>
    <difficult>0</difficult>
    <bndbox>
      <xmin>124</xmin>
      <ymin>199</ymin>
      <xmax>294</xmax>
      <ymax>312</ymax>
    </bndbox>
  </object>
  <object>
    <name>cow</name>
    <pose>Unspecified</pose>
    <truncated>0</truncated>
    <difficult>0</difficult>
    <bndbox>
      <xmin>307</xmin>
      <ymin>144</ymin>
      <xmax>454</xmax>
      <ymax>226</ymax>
    </bndbox>
  </object>
</annotation>
