<annotation>
  <folder>VOC2007</folder>
  <filename>005814.jpg</filename>
  <source>
    <database>The VOC2007 Database</database>
    <annotation>PASCAL VOC2007</annotation>
    <image>flickr</image>
    <flickrid>318655667</flickrid>
  </source>
  <owner>
    <flickrid>Suzy F</flickrid>
    <name>?</name>
  </owner>
  <size>
    <width>500</width>
    <height>375</height>
    <depth>3</depth>
  </size>
  <segmented>0</segmented>
  <object>
    <name>tvmonitor</name>
    <pose>Frontal</pose>
    <truncated>1</truncated>
    <difficult>0</difficult>
    <bndbox>
      <xmin>249</xmin>
      <ymin>163</ymin>
      <xmax>388</xmax>
      <ymax>275</ymax>
    </bndbox>
  </object>
  <object>
    <name>person</name>
    <pose>Unspecified</pose>
    <truncated>1</truncated>
    <difficult>0</difficult>
    <bndbox>
      <xmin>53</xmin>
      <ymin>1</ymin>
      <xmax>279</xmax>
      <ymax>346</ymax>
    </bndbox>
    <part>
      <name>head</name>
      <bndbox>
        <xmin>146.9866</xmin>
        <ymin>1</ymin>
        <xmax>258.6887</xmax>
        <ymax>119.551</ymax>
      </bndbox>
    </part>
    <part>
      <name>hand</name>
      <bndbox>
        <xmin>242.3113</xmin>
        <ymin>159.0246</ymin>
        <xmax>280.5252</xmax>
        <ymax>205.2172</ymax>
      </bndbox>
    </part>
    <part>
      <name>hand</name>
      <bndbox>
        <xmin>51.2419</xmin>
        <ymin>171.6226</ymin>
        <xmax>106.673</xmax>
        <ymax>220.3348</ymax>
      </bndbox>
    </part>
  </object>
  <object>
    <name>bottle</name>
    <pose>Unspecified</pose>
    <truncated>0</truncated>
    <difficult>0</difficult>
    <bndbox>
      <xmin>188</xmin>
      <ymin>310</ymin>
      <xmax>323</xmax>
      <ymax>351</ymax>
    </bndbox>
  </object>
  <object>
    <name>cow</name>
    <pose>Unspecified</pose>
    <truncated>0</truncated>
    <difficult>0</difficult>
    <bndbox>
      <xmin>29</xmin>
      <ymin>186</ymin>
      <xmax>176</xmax>
      <ymax>268</ymax>
    </bndbox>
  </object>
</annotation>
