<annotation>
  <folder>VOC2007</folder>
  <filename>005923.jpg</filename>
  <source>
    <database>The VOC2007 Database</database>
    <annotation>PASCAL VOC2007</annotation>
    <image>flickr</image>
    <flickrid>329520854</flickrid>
  </source>
  <owner>
    <flickrid>benignpxl</flickrid>
    <name>pxl</name>
  </owner>
  <size>
    <width>500</width>
    <height>375</height>
    <depth>3</depth>
  </size>
  <segmented>0</segmented>
  <object>
    <name>bicycle</name>
    <pose>Unspecified</pose>
    <truncated>1</truncated>
    <difficult>0</difficult>
    <bndbox>
      <xmin>278</xmin>
      <ymin>213</ymin>
      <xmax>417</xmax>
      <ymax>329</ymax>
    </bndbox>
  </object>
  <object>
    <name>bicycle</name>
    <pose>Unspecified</pose>
    <truncated>1</truncated>
    <difficult>0</difficult>
    <bndbox>
      <xmin>218</xmin>
      <ymin>213</ymin>
      <xmax>293</xmax>
      <ymax>322</ymax>
    </bndbox>
  </object>
  <object>
    <name>bicycle</name>
    <pose>Unspecified</pose>
    <truncated>1</truncated>
    <difficult>0</difficult>
    <bndbox>
      <xmin>126</xmin>
      <ymin>216</ymin>
      <xmax>229</xmax>
      <ymax>354</ymax>
    </bndbox>
  </object>
  <object>
    <name>person</name>
    <pose>Unspecified</pose>
    <truncated>1</truncated>
    <difficult>0</difficult>
    <bndbox>
      <xmin>168</xmin>
      <ymin>170</ymin>
      <xmax>221</xmax>
      <ymax>287</ymax>
    </bndbox>
  </object>
  <object>
    <name>person</name>
    <pose>Unspecified</pose>
    <truncated>1</truncated>
    <difficult>0</difficult>
    <bndbox>
      <xmin>224</xmin>
      <ymin>153</ymin>
      <xmax>274</xmax>
      <ymax>249</ymax>
    </bndbox>
  </object>
  <object>
    <name>person</name>
    <pose>Frontal</pose>
    <truncated>0</truncated>
    <difficult>0</difficult>
    <bndbox>
      <xmin>310</xmin>
      <ymin>142</ymin>
      <xmax>387</xmax>
      <ymax>308</ymax>
    </bndbox>
  </object>
  <object>
    <name>chair</name>
    <pose>Unspecified</pose>
    <truncated>1</truncated>
    <difficult>1</difficult>
    <bndbox>
      <xmin>207</xmin>
      <ymin>86</ymin>
      <xmax>232</xmax>
      <ymax>104</ymax>
    </bndbox>
  </object>
  <object>
    <name>chair</name>
    <pose>Unspecified</pose>
    <truncated>1</truncated>
    <difficult>0</difficult>
    <bndbox>
      <xmin>206</xmin>
      <ymin>94</ymin>
      <xmax>234</xmax>
      <ymax>127</ymax>
    </bndbox>
  </object>
  <object>
    <name>chair</name>
    <pose>Unspecified</pose>
    <truncated>1</truncated>
    <difficult>1</difficult>
    <bndbox>
      <xmin>270</xmin>
      <ymin>92</ymin>
      <xmax>296</xmax>
      <ymax>103</ymax>
    </bndbox>
  </object>
  <object>
    <name>chair</name>
    <pose>Unspecified</pose>
    <truncated>1</truncated>
    <difficult>0</difficult>
    <bndbox>
      <xmin>277</xmin>
      <ymin>98</ymin>
      <xmax>308</xmax>
      <ymax>126</ymax>
    </bndbox>
  </object>
  <object>
    <name>chair</name>
    <pose>Unspecified</pose>
    <truncated>1</truncated>
    <difficult>0</difficult>
    <bndbox>
      <xmin>299</xmin>
      <ymin>110</ymin>
      <xmax>337</xmax>
      <ymax>147</ymax>
    </bndbox>
  </object>
  <object>
    <name>sofa</name>
    <pose>Right</pose>
    <truncated>1</truncated>
    <difficult>0</difficult>
    <bndbox>
      <xmin>175</xmin>
      <ymin>120</ymin>
      <xmax>213</xmax>
      <ymax>170</ymax>
    </bndbox>
  </object>
  <object>
    <name>pottedplant</name>
    <pose>Unspecified</pose>
    <truncated>0</truncated>
    <difficult>0</difficult>
    <bndbox>
      <xmin>284</xmin>
      <ymin>160</ymin>
      <xmax>308</xmax>
      <ymax>192</ymax>
    </bndbox>
  </object>
  <object>
    <name>pottedplant</name>
    <pose>Unspecified</pose>
    <truncated>0</truncated>
    <difficult>1</difficult>
    <bndbox>
      <xmin>266</xmin>
      <ymin>165</ymin>
      <xmax>281</xmax>
      <ymax>187</ymax>
    </bndbox>
  </object>
  <object>
    <name>pottedplant</name>
    <pose>Unspecified</pose>
    <truncated>1</truncated>
    <difficult>1</difficult>
    <bndbox>
      <xmin>316</xmin>
      <ymin>107</ymin>
      <xmax>338</xmax>
      <ymax>171</ymax>
    </bndbox>
  </object>
  <object>
    <name>pottedplant</name>
    <pose>Unspecified</pose>
    <truncated>0</truncated>
    <difficult>0</difficult>
    <bndbox>
      <xmin>449</xmin>
      <ymin>105</ymin>
      <xmax>500</xmax>
      <ymax>189</ymax>
    </bndbox>
  </object>
  <object>
    <name>pottedplant</name>
    <pose>Unspecified</pose>
    <truncated>0</truncated>
    <difficult>0</difficult>
    <bndbox>
      <xmin>376</xmin>
      <ymin>63</ymin>
      <xmax>409</xmax>
      <ymax>124</ymax>
    </bndbox>
  </object>
  <object>
    <name>tvmonitor</name>
    <pose>Unspecified</pose>
    <truncated>0</truncated>
    <difficult>1</difficult>
    <bndbox>
      <xmin>394</xmin>
      <ymin>39</ymin>
      <xmax>413</xmax>
      <ymax>60</ymax>
    </bndbox>
  </object>
  <object>
    <name>pottedplant</name>
    <pose>Unspecified</pose>
    <truncated>1</truncated>
    <difficult>0</difficult>
    <bndbox>
      <xmin>221</xmin>
      <ymin>131</ymin>
      <xmax>274</xmax>
      <ymax>171</ymax>
    </bndbox>
  </object>
  <object>
    <name>cow</name>
    <pose>Unspecified</pose>
    <truncated>0</truncated>
    <difficult>0</difficult>
    <bndbox>
      <xmin>217</xmin>
      <ymin>103</ymin>
      <xmax>364</xmax>
      <ymax>185</ymax>
    </bndbox>
  </object>
</annotation>
