<annotation>
  <folder>VOC2007</folder>
  <filename>006004.jpg</filename>
  <source>
    <database>The VOC2007 Database</database>
    <annotation>PASCAL VOC2007</annotation>
    <image>flickr</image>
    <flickrid>330133890</flickrid>
  </source>
  <owner>
    <flickrid>chris.a</flickrid>
    <name>?</name>
  </owner>
  <size>
    <width>333</width>
    <height>500</height>
    <depth>3</depth>
  </size>
  <segmented>1</segmented>
  <object>
    <name>chair</name>
    <pose>Frontal</pose>
    <truncated>0</truncated>
    <difficult>0</difficult>
    <bndbox>
      <xmin>94</xmin>
      <ymin>164</ymin>
      <xmax>301</xmax>
      <ymax>424</ymax>
    </bndbox>
  </object>
  <object>
    <name>person</name>
    <pose>Unspecified</pose>
    <truncated>0</truncated>
    <difficult>0</difficult>
    <bndbox>
      <xmin>57</xmin>
      <ymin>146</ymin>
      <xmax>184</xmax>
      <ymax>468</ymax>
    </bndbox>
  </object>
  <object>
    <name>person</name>
    <pose>Unspecified</pose>
    <truncated>0</truncated>
    <difficult>0</difficult>
    <bndbox>
      <xmin>130</xmin>
      <ymin>169</ymin>
      <xmax>266</xmax>
      <ymax>500</ymax>
    </bndbox>
  </object>
  <object>
    <name>person</name>
    <pose>Unspecified</pose>
    <truncated>1</truncated>
    <difficult>0</difficult>
    <bndbox>
      <xmin>1</xmin>
      <ymin>173</ymin>
      <xmax>101</xmax>
      <ymax>500</ymax>
    </bndbox>
  </object>
  <object>
    <name>cow</name>
    <pose>Unspecified</pose>
    <truncated>0</truncated>
    <difficult>0</difficult>
    <bndbox>
      <xmin>122</xmin>
      <ymin>327</ymin>
      <xmax>269</xmax>
      <ymax>409</ymax>
    </bndbox>
  </object>
</annotation>
