<annotation>
	<folder>VOC2007</folder>
	<filename>006000.jpg</filename>
	<source>
		<database>The VOC2007 Database</database>
		<annotation>PASCAL VOC2007</annotation>
		<image>flickr</image>
		<flickrid>294565994</flickrid>
	</source>
	<owner>
		<flickrid>GrantMeStrength</flickrid>
		<name>John Kennedy</name>
	</owner>
	<size>
		<width>489</width>
		<height>500</height>
		<depth>3</depth>
	</size>
	<segmented>0</segmented>
	<object>
		<name>chair</name>
		<pose>Rear</pose>
		<truncated>0</truncated>
		<difficult>0</difficult>
		<bndbox>
			<xmin>181</xmin>
			<ymin>259</ymin>
			<xmax>344</xmax>
			<ymax>500</ymax>
		</bndbox>
	</object>
	<object>
		<name>tvmonitor</name>
		<pose>Frontal</pose>
		<truncated>0</truncated>
		<difficult>0</difficult>
		<bndbox>
			<xmin>196</xmin>
			<ymin>179</ymin>
			<xmax>354</xmax>
			<ymax>282</ymax>
		</bndbox>
	</object>
</annotation>
