<annotation>
	<folder>VOC2007</folder>
	<filename>006141.jpg</filename>
	<source>
		<database>The VOC2007 Database</database>
		<annotation>PASCAL VOC2007</annotation>
		<image>flickr</image>
		<flickrid>309056622</flickrid>
	</source>
	<owner>
		<flickrid>airforcenutrisoda</flickrid>
		<name>?</name>
	</owner>
	<size>
		<width>375</width>
		<height>500</height>
		<depth>3</depth>
	</size>
	<segmented>0</segmented>
	<object>
		<name>bottle</name>
		<pose>Unspecified</pose>
		<truncated>0</truncated>
		<difficult>0</difficult>
		<bndbox>
			<xmin>238</xmin>
			<ymin>28</ymin>
			<xmax>336</xmax>
			<ymax>388</ymax>
		</bndbox>
	</object>
</annotation>
