<annotation>
	<folder>VOC2007</folder>
	<filename>006170.jpg</filename>
	<source>
		<database>The VOC2007 Database</database>
		<annotation>PASCAL VOC2007</annotation>
		<image>flickr</image>
		<flickrid>337445098</flickrid>
	</source>
	<owner>
		<flickrid>kgrady57</flickrid>
		<name>?</name>
	</owner>
	<size>
		<width>500</width>
		<height>334</height>
		<depth>3</depth>
	</size>
	<segmented>0</segmented>
	<object>
		<name>cow</name>
		<pose>Unspecified</pose>
		<truncated>0</truncated>
		<difficult>1</difficult>
		<bndbox>
			<xmin>201</xmin>
			<ymin>141</ymin>
			<xmax>220</xmax>
			<ymax>172</ymax>
		</bndbox>
	</object>
	<object>
		<name>cow</name>
		<pose>Frontal</pose>
		<truncated>0</truncated>
		<difficult>0</difficult>
		<bndbox>
			<xmin>147</xmin>
			<ymin>134</ymin>
			<xmax>174</xmax>
			<ymax>176</ymax>
		</bndbox>
	</object>
	<object>
		<name>cow</name>
		<pose>Unspecified</pose>
		<truncated>0</truncated>
		<difficult>1</difficult>
		<bndbox>
			<xmin>54</xmin>
			<ymin>133</ymin>
			<xmax>92</xmax>
			<ymax>182</ymax>
		</bndbox>
	</object>
</annotation>
