<annotation>
	<folder>VOC2007</folder>
	<filename>006177.jpg</filename>
	<source>
		<database>The VOC2007 Database</database>
		<annotation>PASCAL VOC2007</annotation>
		<image>flickr</image>
		<flickrid>294285396</flickrid>
	</source>
	<owner>
		<flickrid>Glenn  Phillips</flickrid>
		<name>Glenn Phillips</name>
	</owner>
	<size>
		<width>500</width>
		<height>375</height>
		<depth>3</depth>
	</size>
	<segmented>0</segmented>
	<object>
		<name>motorbike</name>
		<pose>Unspecified</pose>
		<truncated>0</truncated>
		<difficult>0</difficult>
		<bndbox>
			<xmin>113</xmin>
			<ymin>233</ymin>
			<xmax>157</xmax>
			<ymax>284</ymax>
		</bndbox>
	</object>
	<object>
		<name>person</name>
		<pose>Unspecified</pose>
		<truncated>0</truncated>
		<difficult>0</difficult>
		<bndbox>
			<xmin>120</xmin>
			<ymin>209</ymin>
			<xmax>154</xmax>
			<ymax>273</ymax>
		</bndbox>
	</object>
	<object>
		<name>cow</name>
		<pose>Right</pose>
		<truncated>0</truncated>
		<difficult>0</difficult>
		<bndbox>
			<xmin>224</xmin>
			<ymin>234</ymin>
			<xmax>261</xmax>
			<ymax>268</ymax>
		</bndbox>
	</object>
	<object>
		<name>cow</name>
		<pose>Right</pose>
		<truncated>0</truncated>
		<difficult>0</difficult>
		<bndbox>
			<xmin>360</xmin>
			<ymin>245</ymin>
			<xmax>403</xmax>
			<ymax>282</ymax>
		</bndbox>
	</object>
</annotation>
