<annotation>
	<folder>VOC2007</folder>
	<filename>006202.jpg</filename>
	<source>
		<database>The VOC2007 Database</database>
		<annotation>PASCAL VOC2007</annotation>
		<image>flickr</image>
		<flickrid>326494968</flickrid>
	</source>
	<owner>
		<flickrid>tomlevell</flickrid>
		<name>Tom Levell</name>
	</owner>
	<size>
		<width>500</width>
		<height>375</height>
		<depth>3</depth>
	</size>
	<segmented>0</segmented>
	<object>
		<name>cow</name>
		<pose>Right</pose>
		<truncated>0</truncated>
		<difficult>0</difficult>
		<bndbox>
			<xmin>271</xmin>
			<ymin>121</ymin>
			<xmax>439</xmax>
			<ymax>255</ymax>
		</bndbox>
	</object>
	<object>
		<name>cow</name>
		<pose>Frontal</pose>
		<truncated>0</truncated>
		<difficult>0</difficult>
		<bndbox>
			<xmin>59</xmin>
			<ymin>121</ymin>
			<xmax>153</xmax>
			<ymax>262</ymax>
		</bndbox>
	</object>
	<object>
		<name>cow</name>
		<pose>Frontal</pose>
		<truncated>0</truncated>
		<difficult>0</difficult>
		<bndbox>
			<xmin>162</xmin>
			<ymin>140</ymin>
			<xmax>228</xmax>
			<ymax>234</ymax>
		</bndbox>
	</object>
</annotation>
