<annotation>
  <folder>VOC2007</folder>
  <filename>006391.jpg</filename>
  <source>
    <database>The VOC2007 Database</database>
    <annotation>PASCAL VOC2007</annotation>
    <image>flickr</image>
    <flickrid>337649031</flickrid>
  </source>
  <owner>
    <flickrid>AmandaB3</flickrid>
    <name>Amanda Bennett</name>
  </owner>
  <size>
    <width>375</width>
    <height>500</height>
    <depth>3</depth>
  </size>
  <segmented>0</segmented>
  <object>
    <name>chair</name>
    <pose>Unspecified</pose>
    <truncated>0</truncated>
    <difficult>0</difficult>
    <bndbox>
      <xmin>135</xmin>
      <ymin>135</ymin>
      <xmax>359</xmax>
      <ymax>388</ymax>
    </bndbox>
  </object>
  <object>
    <name>person</name>
    <pose>Unspecified</pose>
    <truncated>0</truncated>
    <difficult>0</difficult>
    <bndbox>
      <xmin>6</xmin>
      <ymin>114</ymin>
      <xmax>310</xmax>
      <ymax>454</ymax>
    </bndbox>
    <part>
      <name>head</name>
      <bndbox>
        <xmin>223</xmin>
        <ymin>127</ymin>
        <xmax>273</xmax>
        <ymax>191</ymax>
      </bndbox>
    </part>
    <part>
      <name>hand</name>
      <bndbox>
        <xmin>159</xmin>
        <ymin>204</ymin>
        <xmax>193</xmax>
        <ymax>238</ymax>
      </bndbox>
    </part>
    <part>
      <name>hand</name>
      <bndbox>
        <xmin>201</xmin>
        <ymin>209</ymin>
        <xmax>233</xmax>
        <ymax>244</ymax>
      </bndbox>
    </part>
    <part>
      <name>foot</name>
      <bndbox>
        <xmin>7</xmin>
        <ymin>378</ymin>
        <xmax>62</xmax>
        <ymax>418</ymax>
      </bndbox>
    </part>
    <part>
      <name>foot</name>
      <bndbox>
        <xmin>15</xmin>
        <ymin>396</ymin>
        <xmax>75</xmax>
        <ymax>453</ymax>
      </bndbox>
    </part>
  </object>
  <object>
    <name>cow</name>
    <pose>Unspecified</pose>
    <truncated>0</truncated>
    <difficult>0</difficult>
    <bndbox>
      <xmin>61</xmin>
      <ymin>262</ymin>
      <xmax>208</xmax>
      <ymax>344</ymax>
    </bndbox>
  </object>
</annotation>
