<annotation>
	<folder>VOC2007</folder>
	<filename>006321.jpg</filename>
	<source>
		<database>The VOC2007 Database</database>
		<annotation>PASCAL VOC2007</annotation>
		<image>flickr</image>
		<flickrid>339517290</flickrid>
	</source>
	<owner>
		<flickrid>Thos - Bear Cat - Henley</flickrid>
		<name>?</name>
	</owner>
	<size>
		<width>375</width>
		<height>500</height>
		<depth>3</depth>
	</size>
	<segmented>0</segmented>
	<object>
		<name>dog</name>
		<pose>Unspecified</pose>
		<truncated>0</truncated>
		<difficult>0</difficult>
		<bndbox>
			<xmin>54</xmin>
			<ymin>200</ymin>
			<xmax>232</xmax>
			<ymax>412</ymax>
		</bndbox>
	</object>
	<object>
		<name>chair</name>
		<pose>Unspecified</pose>
		<truncated>1</truncated>
		<difficult>1</difficult>
		<bndbox>
			<xmin>12</xmin>
			<ymin>81</ymin>
			<xmax>101</xmax>
			<ymax>226</ymax>
		</bndbox>
	</object>
</annotation>
