<annotation>
  <folder>VOC2007</folder>
  <filename>006395.jpg</filename>
  <source>
    <database>The VOC2007 Database</database>
    <annotation>PASCAL VOC2007</annotation>
    <image>flickr</image>
    <flickrid>327130078</flickrid>
  </source>
  <owner>
    <flickrid>David Kelly</flickrid>
    <name>David Kelly</name>
  </owner>
  <size>
    <width>500</width>
    <height>375</height>
    <depth>3</depth>
  </size>
  <segmented>0</segmented>
  <object>
    <name>tvmonitor</name>
    <pose>Left</pose>
    <truncated>0</truncated>
    <difficult>0</difficult>
    <bndbox>
      <xmin>408</xmin>
      <ymin>35</ymin>
      <xmax>479</xmax>
      <ymax>188</ymax>
    </bndbox>
  </object>
  <object>
    <name>person</name>
    <pose>Right</pose>
    <truncated>1</truncated>
    <difficult>0</difficult>
    <bndbox>
      <xmin>134</xmin>
      <ymin>117</ymin>
      <xmax>316</xmax>
      <ymax>347</ymax>
    </bndbox>
    <part>
      <name>head</name>
      <bndbox>
        <xmin>144.8869</xmin>
        <ymin>119.9709</ymin>
        <xmax>220.8947</xmax>
        <ymax>190.5196</ymax>
      </bndbox>
    </part>
    <part>
      <name>hand</name>
      <bndbox>
        <xmin>291.0235</xmin>
        <ymin>181.2811</ymin>
        <xmax>314.5398</xmax>
        <ymax>208.5767</ymax>
      </bndbox>
    </part>
  </object>
  <object>
    <name>chair</name>
    <pose>Right</pose>
    <truncated>1</truncated>
    <difficult>0</difficult>
    <bndbox>
      <xmin>17</xmin>
      <ymin>183</ymin>
      <xmax>213</xmax>
      <ymax>375</ymax>
    </bndbox>
  </object>
  <object>
    <name>cow</name>
    <pose>Unspecified</pose>
    <truncated>0</truncated>
    <difficult>0</difficult>
    <bndbox>
      <xmin>78</xmin>
      <ymin>97</ymin>
      <xmax>225</xmax>
      <ymax>179</ymax>
    </bndbox>
  </object>
</annotation>
