<annotation>
	<folder>VOC2007</folder>
	<filename>006419.jpg</filename>
	<source>
		<database>The VOC2007 Database</database>
		<annotation>PASCAL VOC2007</annotation>
		<image>flickr</image>
		<flickrid>341093799</flickrid>
	</source>
	<owner>
		<flickrid>zu.browka</flickrid>
		<name>Ed</name>
	</owner>
	<size>
		<width>333</width>
		<height>500</height>
		<depth>3</depth>
	</size>
	<segmented>0</segmented>
	<object>
		<name>chair</name>
		<pose>Unspecified</pose>
		<truncated>1</truncated>
		<difficult>0</difficult>
		<bndbox>
			<xmin>57</xmin>
			<ymin>348</ymin>
			<xmax>153</xmax>
			<ymax>485</ymax>
		</bndbox>
	</object>
	<object>
		<name>chair</name>
		<pose>Left</pose>
		<truncated>1</truncated>
		<difficult>0</difficult>
		<bndbox>
			<xmin>127</xmin>
			<ymin>406</ymin>
			<xmax>217</xmax>
			<ymax>500</ymax>
		</bndbox>
	</object>
</annotation>
