<annotation>
  <folder>VOC2007</folder>
  <filename>006404.jpg</filename>
  <source>
    <database>The VOC2007 Database</database>
    <annotation>PASCAL VOC2007</annotation>
    <image>flickr</image>
    <flickrid>323582851</flickrid>
  </source>
  <owner>
    <flickrid>Stig &amp; Lisa</flickrid>
    <name>Stig &amp; Lisa Richards</name>
  </owner>
  <size>
    <width>320</width>
    <height>500</height>
    <depth>3</depth>
  </size>
  <segmented>0</segmented>
  <object>
    <name>cow</name>
    <pose>Right</pose>
    <truncated>0</truncated>
    <difficult>0</difficult>
    <bndbox>
      <xmin>121</xmin>
      <ymin>232</ymin>
      <xmax>176</xmax>
      <ymax>270</ymax>
    </bndbox>
  </object>
  <object>
    <name>cow</name>
    <pose>Unspecified</pose>
    <truncated>0</truncated>
    <difficult>0</difficult>
    <bndbox>
      <xmin>86</xmin>
      <ymin>220</ymin>
      <xmax>233</xmax>
      <ymax>302</ymax>
    </bndbox>
  </object>
</annotation>
