<annotation>
	<folder>VOC2007</folder>
	<filename>006503.jpg</filename>
	<source>
		<database>The VOC2007 Database</database>
		<annotation>PASCAL VOC2007</annotation>
		<image>flickr</image>
		<flickrid>327696846</flickrid>
	</source>
	<owner>
		<flickrid>Simplepi</flickrid>
		<name>?</name>
	</owner>
	<size>
		<width>500</width>
		<height>375</height>
		<depth>3</depth>
	</size>
	<segmented>0</segmented>
	<object>
		<name>bottle</name>
		<pose>Unspecified</pose>
		<truncated>0</truncated>
		<difficult>0</difficult>
		<bndbox>
			<xmin>435</xmin>
			<ymin>84</ymin>
			<xmax>461</xmax>
			<ymax>159</ymax>
		</bndbox>
	</object>
	<object>
		<name>bottle</name>
		<pose>Unspecified</pose>
		<truncated>0</truncated>
		<difficult>0</difficult>
		<bndbox>
			<xmin>394</xmin>
			<ymin>80</ymin>
			<xmax>416</xmax>
			<ymax>137</ymax>
		</bndbox>
	</object>
	<object>
		<name>bottle</name>
		<pose>Unspecified</pose>
		<truncated>1</truncated>
		<difficult>1</difficult>
		<bndbox>
			<xmin>474</xmin>
			<ymin>116</ymin>
			<xmax>500</xmax>
			<ymax>186</ymax>
		</bndbox>
	</object>
	<object>
		<name>person</name>
		<pose>Unspecified</pose>
		<truncated>1</truncated>
		<difficult>0</difficult>
		<bndbox>
			<xmin>307</xmin>
			<ymin>109</ymin>
			<xmax>474</xmax>
			<ymax>327</ymax>
		</bndbox>
		<part>
			<name>head</name>
			<bndbox>
				<xmin>325.8779</xmin>
				<ymin>108.6327</ymin>
				<xmax>397.2665</xmax>
				<ymax>187.1601</ymax>
			</bndbox>
		</part>
		<part>
			<name>hand</name>
			<bndbox>
				<xmin>308.6607</xmin>
				<ymin>254.7693</ymin>
				<xmax>329.6573</xmax>
				<ymax>279.1254</ymax>
			</bndbox>
		</part>
		<part>
			<name>hand</name>
			<bndbox>
				<xmin>338.4759</xmin>
				<ymin>268.6271</ymin>
				<xmax>388.4479</xmax>
				<ymax>300.542</ymax>
			</bndbox>
		</part>
	</object>
	<object>
		<name>person</name>
		<pose>Unspecified</pose>
		<truncated>1</truncated>
		<difficult>0</difficult>
		<bndbox>
			<xmin>219</xmin>
			<ymin>86</ymin>
			<xmax>350</xmax>
			<ymax>270</ymax>
		</bndbox>
		<part>
			<name>head</name>
			<bndbox>
				<xmin>259.9485</xmin>
				<ymin>84.6965</ymin>
				<xmax>316.6394</xmax>
				<ymax>160.2844</ymax>
			</bndbox>
		</part>
		<part>
			<name>hand</name>
			<bndbox>
				<xmin>232.2329</xmin>
				<ymin>192.1993</ymin>
				<xmax>256.589</xmax>
				<ymax>220.3348</ymax>
			</bndbox>
		</part>
		<part>
			<name>hand</name>
			<bndbox>
				<xmin>253.2296</xmin>
				<ymin>208.1568</ymin>
				<xmax>285.1445</xmax>
				<ymax>238.3919</ymax>
			</bndbox>
		</part>
	</object>
	<object>
		<name>person</name>
		<pose>Unspecified</pose>
		<truncated>1</truncated>
		<difficult>0</difficult>
		<bndbox>
			<xmin>1</xmin>
			<ymin>60</ymin>
			<xmax>100</xmax>
			<ymax>247</ymax>
		</bndbox>
		<part>
			<name>head</name>
			<bndbox>
				<xmin>11.3483</xmin>
				<ymin>59.5006</ymin>
				<xmax>83.5767</xmax>
				<ymax>150.206</ymax>
			</bndbox>
		</part>
		<part>
			<name>hand</name>
			<bndbox>
				<xmin>67.1993</xmin>
				<ymin>194.7189</ymin>
				<xmax>97.0146</xmax>
				<ymax>234.1926</ymax>
			</bndbox>
		</part>
		<part>
			<name>hand</name>
			<bndbox>
				<xmin>28.9854</xmin>
				<ymin>204.3774</ymin>
				<xmax>70.5588</xmax>
				<ymax>246.3707</ymax>
			</bndbox>
		</part>
	</object>
	<object>
		<name>diningtable</name>
		<pose>Unspecified</pose>
		<truncated>1</truncated>
		<difficult>0</difficult>
		<bndbox>
			<xmin>3</xmin>
			<ymin>201</ymin>
			<xmax>479</xmax>
			<ymax>375</ymax>
		</bndbox>
	</object>
</annotation>
