<annotation>
  <folder>VOC2007</folder>
  <filename>006519.jpg</filename>
  <source>
    <database>The VOC2007 Database</database>
    <annotation>PASCAL VOC2007</annotation>
    <image>flickr</image>
    <flickrid>295068590</flickrid>
  </source>
  <owner>
    <flickrid>Brian Dee Betz</flickrid>
    <name>Brian and Dee</name>
  </owner>
  <size>
    <width>500</width>
    <height>375</height>
    <depth>3</depth>
  </size>
  <segmented>0</segmented>
  <object>
    <name>person</name>
    <pose>Unspecified</pose>
    <truncated>1</truncated>
    <difficult>0</difficult>
    <bndbox>
      <xmin>4</xmin>
      <ymin>114</ymin>
      <xmax>172</xmax>
      <ymax>369</ymax>
    </bndbox>
  </object>
  <object>
    <name>person</name>
    <pose>Unspecified</pose>
    <truncated>1</truncated>
    <difficult>0</difficult>
    <bndbox>
      <xmin>139</xmin>
      <ymin>105</ymin>
      <xmax>380</xmax>
      <ymax>375</ymax>
    </bndbox>
  </object>
  <object>
    <name>person</name>
    <pose>Frontal</pose>
    <truncated>1</truncated>
    <difficult>0</difficult>
    <bndbox>
      <xmin>177</xmin>
      <ymin>87</ymin>
      <xmax>500</xmax>
      <ymax>353</ymax>
    </bndbox>
  </object>
  <object>
    <name>bottle</name>
    <pose>Unspecified</pose>
    <truncated>0</truncated>
    <difficult>0</difficult>
    <bndbox>
      <xmin>329</xmin>
      <ymin>262</ymin>
      <xmax>357</xmax>
      <ymax>375</ymax>
    </bndbox>
  </object>
  <object>
    <name>bottle</name>
    <pose>Unspecified</pose>
    <truncated>1</truncated>
    <difficult>1</difficult>
    <bndbox>
      <xmin>190</xmin>
      <ymin>323</ymin>
      <xmax>217</xmax>
      <ymax>375</ymax>
    </bndbox>
  </object>
  <object>
    <name>diningtable</name>
    <pose>Unspecified</pose>
    <truncated>1</truncated>
    <difficult>0</difficult>
    <bndbox>
      <xmin>80</xmin>
      <ymin>313</ymin>
      <xmax>499</xmax>
      <ymax>375</ymax>
    </bndbox>
  </object>
  <object>
    <name>cow</name>
    <pose>Unspecified</pose>
    <truncated>0</truncated>
    <difficult>0</difficult>
    <bndbox>
      <xmin>173</xmin>
      <ymin>147</ymin>
      <xmax>320</xmax>
      <ymax>229</ymax>
    </bndbox>
  </object>
</annotation>
