<annotation>
	<folder>VOC2007</folder>
	<filename>006599.jpg</filename>
	<source>
		<database>The VOC2007 Database</database>
		<annotation>PASCAL VOC2007</annotation>
		<image>flickr</image>
		<flickrid>330108259</flickrid>
	</source>
	<owner>
		<flickrid>Brandon448</flickrid>
		<name>?</name>
	</owner>
	<size>
		<width>500</width>
		<height>375</height>
		<depth>3</depth>
	</size>
	<segmented>0</segmented>
	<object>
		<name>chair</name>
		<pose>Rear</pose>
		<truncated>1</truncated>
		<difficult>0</difficult>
		<bndbox>
			<xmin>100</xmin>
			<ymin>1</ymin>
			<xmax>248</xmax>
			<ymax>209</ymax>
		</bndbox>
	</object>
	<object>
		<name>chair</name>
		<pose>Unspecified</pose>
		<truncated>1</truncated>
		<difficult>1</difficult>
		<bndbox>
			<xmin>309</xmin>
			<ymin>10</ymin>
			<xmax>386</xmax>
			<ymax>217</ymax>
		</bndbox>
	</object>
	<object>
		<name>person</name>
		<pose>Unspecified</pose>
		<truncated>0</truncated>
		<difficult>0</difficult>
		<bndbox>
			<xmin>37</xmin>
			<ymin>1</ymin>
			<xmax>158</xmax>
			<ymax>262</ymax>
		</bndbox>
		<part>
			<name>head</name>
			<bndbox>
				<xmin>54.6013</xmin>
				<ymin>1</ymin>
				<xmax>106.2531</xmax>
				<ymax>55.3012</ymax>
			</bndbox>
		</part>
		<part>
			<name>hand</name>
			<bndbox>
				<xmin>120.1109</xmin>
				<ymin>59.0806</ymin>
				<xmax>140.2676</xmax>
				<ymax>80.9171</ymax>
			</bndbox>
		</part>
		<part>
			<name>hand</name>
			<bndbox>
				<xmin>65.0997</xmin>
				<ymin>56.981</ymin>
				<xmax>95.7548</xmax>
				<ymax>77.5577</ymax>
			</bndbox>
		</part>
		<part>
			<name>foot</name>
			<bndbox>
				<xmin>126.8298</xmin>
				<ymin>239.6517</ymin>
				<xmax>155.3852</xmax>
				<ymax>258.1288</ymax>
			</bndbox>
		</part>
	</object>
	<object>
		<name>person</name>
		<pose>Unspecified</pose>
		<truncated>1</truncated>
		<difficult>0</difficult>
		<bndbox>
			<xmin>224</xmin>
			<ymin>1</ymin>
			<xmax>500</xmax>
			<ymax>375</ymax>
		</bndbox>
		<part>
			<name>head</name>
			<bndbox>
				<xmin>353.5935</xmin>
				<ymin>1</ymin>
				<xmax>458.9966</xmax>
				<ymax>87.2161</ymax>
			</bndbox>
		</part>
		<part>
			<name>foot</name>
			<bndbox>
				<xmin>406.0851</xmin>
				<ymin>338.3359</ymin>
				<xmax>461.9362</xmax>
				<ymax>375</ymax>
			</bndbox>
		</part>
		<part>
			<name>foot</name>
			<bndbox>
				<xmin>485.0325</xmin>
				<ymin>260.6484</ymin>
				<xmax>500</xmax>
				<ymax>297.1825</ymax>
			</bndbox>
		</part>
		<part>
			<name>hand</name>
			<bndbox>
				<xmin>345.6148</xmin>
				<ymin>141.8074</ymin>
				<xmax>384.6685</xmax>
				<ymax>200.598</ymax>
			</bndbox>
		</part>
		<part>
			<name>hand</name>
			<bndbox>
				<xmin>225.514</xmin>
				<ymin>151.0459</ymin>
				<xmax>259.9485</xmax>
				<ymax>203.1176</ymax>
			</bndbox>
		</part>
	</object>
</annotation>
