<annotation>
  <folder>VOC2007</folder>
  <filename>006677.jpg</filename>
  <source>
    <database>The VOC2007 Database</database>
    <annotation>PASCAL VOC2007</annotation>
    <image>flickr</image>
    <flickrid>318249557</flickrid>
  </source>
  <owner>
    <flickrid>theregenolds</flickrid>
    <name>?</name>
  </owner>
  <size>
    <width>413</width>
    <height>500</height>
    <depth>3</depth>
  </size>
  <segmented>0</segmented>
  <object>
    <name>sofa</name>
    <pose>Unspecified</pose>
    <truncated>1</truncated>
    <difficult>1</difficult>
    <bndbox>
      <xmin>163</xmin>
      <ymin>304</ymin>
      <xmax>413</xmax>
      <ymax>500</ymax>
    </bndbox>
  </object>
  <object>
    <name>chair</name>
    <pose>Frontal</pose>
    <truncated>1</truncated>
    <difficult>0</difficult>
    <bndbox>
      <xmin>1</xmin>
      <ymin>279</ymin>
      <xmax>75</xmax>
      <ymax>458</ymax>
    </bndbox>
  </object>
  <object>
    <name>person</name>
    <pose>Unspecified</pose>
    <truncated>0</truncated>
    <difficult>0</difficult>
    <bndbox>
      <xmin>67</xmin>
      <ymin>235</ymin>
      <xmax>333</xmax>
      <ymax>500</ymax>
    </bndbox>
    <part>
      <name>head</name>
      <bndbox>
        <xmin>263</xmin>
        <ymin>236</ymin>
        <xmax>312</xmax>
        <ymax>291</ymax>
      </bndbox>
    </part>
    <part>
      <name>hand</name>
      <bndbox>
        <xmin>163</xmin>
        <ymin>309</ymin>
        <xmax>193</xmax>
        <ymax>333</ymax>
      </bndbox>
    </part>
    <part>
      <name>hand</name>
      <bndbox>
        <xmin>214</xmin>
        <ymin>347</ymin>
        <xmax>242</xmax>
        <ymax>362</ymax>
      </bndbox>
    </part>
    <part>
      <name>foot</name>
      <bndbox>
        <xmin>68</xmin>
        <ymin>482</ymin>
        <xmax>106</xmax>
        <ymax>500</ymax>
      </bndbox>
    </part>
    <part>
      <name>foot</name>
      <bndbox>
        <xmin>242</xmin>
        <ymin>491</ymin>
        <xmax>267</xmax>
        <ymax>500</ymax>
      </bndbox>
    </part>
  </object>
  <object>
    <name>cow</name>
    <pose>Unspecified</pose>
    <truncated>0</truncated>
    <difficult>0</difficult>
    <bndbox>
      <xmin>5</xmin>
      <ymin>376</ymin>
      <xmax>152</xmax>
      <ymax>458</ymax>
    </bndbox>
  </object>
</annotation>
