<annotation>
  <folder>VOC2007</folder>
  <filename>006612.jpg</filename>
  <source>
    <database>The VOC2007 Database</database>
    <annotation>PASCAL VOC2007</annotation>
    <image>flickr</image>
    <flickrid>336068696</flickrid>
  </source>
  <owner>
    <flickrid>ilopdie</flickrid>
    <name>?</name>
  </owner>
  <size>
    <width>375</width>
    <height>500</height>
    <depth>3</depth>
  </size>
  <segmented>0</segmented>
  <object>
    <name>person</name>
    <pose>Rear</pose>
    <truncated>0</truncated>
    <difficult>0</difficult>
    <bndbox>
      <xmin>180</xmin>
      <ymin>204</ymin>
      <xmax>266</xmax>
      <ymax>412</ymax>
    </bndbox>
  </object>
  <object>
    <name>cow</name>
    <pose>Left</pose>
    <truncated>1</truncated>
    <difficult>0</difficult>
    <bndbox>
      <xmin>74</xmin>
      <ymin>201</ymin>
      <xmax>218</xmax>
      <ymax>314</ymax>
    </bndbox>
  </object>
  <object>
    <name>cow</name>
    <pose>Unspecified</pose>
    <truncated>0</truncated>
    <difficult>0</difficult>
    <bndbox>
      <xmin>168</xmin>
      <ymin>54</ymin>
      <xmax>315</xmax>
      <ymax>136</ymax>
    </bndbox>
  </object>
</annotation>
