<annotation>
  <folder>VOC2007</folder>
  <filename>006687.jpg</filename>
  <source>
    <database>The VOC2007 Database</database>
    <annotation>PASCAL VOC2007</annotation>
    <image>flickr</image>
    <flickrid>305034499</flickrid>
  </source>
  <owner>
    <flickrid>Drake LeLane</flickrid>
    <name>Shawn Anderson</name>
  </owner>
  <size>
    <width>500</width>
    <height>357</height>
    <depth>3</depth>
  </size>
  <segmented>0</segmented>
  <object>
    <name>bottle</name>
    <pose>Unspecified</pose>
    <truncated>1</truncated>
    <difficult>0</difficult>
    <bndbox>
      <xmin>358</xmin>
      <ymin>2</ymin>
      <xmax>426</xmax>
      <ymax>103</ymax>
    </bndbox>
  </object>
  <object>
    <name>cow</name>
    <pose>Unspecified</pose>
    <truncated>0</truncated>
    <difficult>0</difficult>
    <bndbox>
      <xmin>181</xmin>
      <ymin>31</ymin>
      <xmax>328</xmax>
      <ymax>113</ymax>
    </bndbox>
  </object>
</annotation>
