<annotation>
	<folder>VOC2007</folder>
	<filename>006727.jpg</filename>
	<source>
		<database>The VOC2007 Database</database>
		<annotation>PASCAL VOC2007</annotation>
		<image>flickr</image>
		<flickrid>309151386</flickrid>
	</source>
	<owner>
		<flickrid>atayah</flickrid>
		<name>lara</name>
	</owner>
	<size>
		<width>500</width>
		<height>375</height>
		<depth>3</depth>
	</size>
	<segmented>0</segmented>
	<object>
		<name>sofa</name>
		<pose>Frontal</pose>
		<truncated>0</truncated>
		<difficult>0</difficult>
		<bndbox>
			<xmin>54</xmin>
			<ymin>124</ymin>
			<xmax>470</xmax>
			<ymax>287</ymax>
		</bndbox>
	</object>
	<object>
		<name>bottle</name>
		<pose>Unspecified</pose>
		<truncated>0</truncated>
		<difficult>0</difficult>
		<bndbox>
			<xmin>150</xmin>
			<ymin>206</ymin>
			<xmax>174</xmax>
			<ymax>266</ymax>
		</bndbox>
	</object>
	<object>
		<name>bottle</name>
		<pose>Unspecified</pose>
		<truncated>1</truncated>
		<difficult>1</difficult>
		<bndbox>
			<xmin>117</xmin>
			<ymin>178</ymin>
			<xmax>132</xmax>
			<ymax>218</ymax>
		</bndbox>
	</object>
	<object>
		<name>bottle</name>
		<pose>Unspecified</pose>
		<truncated>0</truncated>
		<difficult>0</difficult>
		<bndbox>
			<xmin>31</xmin>
			<ymin>192</ymin>
			<xmax>72</xmax>
			<ymax>280</ymax>
		</bndbox>
	</object>
	<object>
		<name>person</name>
		<pose>Unspecified</pose>
		<truncated>0</truncated>
		<difficult>0</difficult>
		<bndbox>
			<xmin>75</xmin>
			<ymin>116</ymin>
			<xmax>200</xmax>
			<ymax>264</ymax>
		</bndbox>
		<part>
			<name>head</name>
			<bndbox>
				<xmin>139.4278</xmin>
				<ymin>118.7111</ymin>
				<xmax>173.4423</xmax>
				<ymax>161.1243</ymax>
			</bndbox>
		</part>
		<part>
			<name>hand</name>
			<bndbox>
				<xmin>101.6338</xmin>
				<ymin>182.1209</ymin>
				<xmax>124.3102</xmax>
				<ymax>211.0963</ymax>
			</bndbox>
		</part>
	</object>
	<object>
		<name>person</name>
		<pose>Unspecified</pose>
		<truncated>1</truncated>
		<difficult>0</difficult>
		<bndbox>
			<xmin>263</xmin>
			<ymin>110</ymin>
			<xmax>436</xmax>
			<ymax>255</ymax>
		</bndbox>
		<part>
			<name>head</name>
			<bndbox>
				<xmin>306.981</xmin>
				<ymin>110.7324</ymin>
				<xmax>343.5151</xmax>
				<ymax>158.1848</ymax>
			</bndbox>
		</part>
		<part>
			<name>hand</name>
			<bndbox>
				<xmin>411.9642</xmin>
				<ymin>182.5409</ymin>
				<xmax>432.9608</xmax>
				<ymax>199.3382</ymax>
			</bndbox>
		</part>
		<part>
			<name>foot</name>
			<bndbox>
				<xmin>263.308</xmin>
				<ymin>208.9966</ymin>
				<xmax>285.1445</xmax>
				<ymax>233.7727</ymax>
			</bndbox>
		</part>
	</object>
</annotation>
