<annotation>
	<folder>VOC2007</folder>
	<filename>006761.jpg</filename>
	<source>
		<database>The VOC2007 Database</database>
		<annotation>PASCAL VOC2007</annotation>
		<image>flickr</image>
		<flickrid>316394659</flickrid>
	</source>
	<owner>
		<flickrid>grace2maine</flickrid>
		<name>?</name>
	</owner>
	<size>
		<width>500</width>
		<height>375</height>
		<depth>3</depth>
	</size>
	<segmented>1</segmented>
	<object>
		<name>cow</name>
		<pose>Left</pose>
		<truncated>0</truncated>
		<difficult>0</difficult>
		<bndbox>
			<xmin>131</xmin>
			<ymin>193</ymin>
			<xmax>348</xmax>
			<ymax>322</ymax>
		</bndbox>
	</object>
</annotation>
