<annotation>
	<folder>VOC2007</folder>
	<filename>006876.jpg</filename>
	<source>
		<database>The VOC2007 Database</database>
		<annotation>PASCAL VOC2007</annotation>
		<image>flickr</image>
		<flickrid>332113885</flickrid>
	</source>
	<owner>
		<flickrid>Airman Chet</flickrid>
		<name>Chester Campbell</name>
	</owner>
	<size>
		<width>500</width>
		<height>333</height>
		<depth>3</depth>
	</size>
	<segmented>0</segmented>
	<object>
		<name>chair</name>
		<pose>Left</pose>
		<truncated>1</truncated>
		<difficult>0</difficult>
		<bndbox>
			<xmin>107</xmin>
			<ymin>100</ymin>
			<xmax>167</xmax>
			<ymax>203</ymax>
		</bndbox>
	</object>
	<object>
		<name>person</name>
		<pose>Unspecified</pose>
		<truncated>0</truncated>
		<difficult>0</difficult>
		<bndbox>
			<xmin>210</xmin>
			<ymin>8</ymin>
			<xmax>384</xmax>
			<ymax>310</ymax>
		</bndbox>
		<part>
			<name>head</name>
			<bndbox>
				<xmin>294</xmin>
				<ymin>23</ymin>
				<xmax>337</xmax>
				<ymax>75</ymax>
			</bndbox>
		</part>
		<part>
			<name>hand</name>
			<bndbox>
				<xmin>261</xmin>
				<ymin>72</ymin>
				<xmax>288</xmax>
				<ymax>106</ymax>
			</bndbox>
		</part>
		<part>
			<name>hand</name>
			<bndbox>
				<xmin>272</xmin>
				<ymin>157</ymin>
				<xmax>305</xmax>
				<ymax>181</ymax>
			</bndbox>
		</part>
		<part>
			<name>foot</name>
			<bndbox>
				<xmin>211</xmin>
				<ymin>264</ymin>
				<xmax>249</xmax>
				<ymax>302</ymax>
			</bndbox>
		</part>
		<part>
			<name>foot</name>
			<bndbox>
				<xmin>244</xmin>
				<ymin>274</ymin>
				<xmax>283</xmax>
				<ymax>301</ymax>
			</bndbox>
		</part>
	</object>
	<object>
		<name>cat</name>
		<pose>Left</pose>
		<truncated>0</truncated>
		<difficult>0</difficult>
		<bndbox>
			<xmin>140</xmin>
			<ymin>162</ymin>
			<xmax>224</xmax>
			<ymax>277</ymax>
		</bndbox>
	</object>
</annotation>
