<annotation>
	<folder>VOC2007</folder>
	<filename>006852.jpg</filename>
	<source>
		<database>The VOC2007 Database</database>
		<annotation>PASCAL VOC2007</annotation>
		<image>flickr</image>
		<flickrid>289718768</flickrid>
	</source>
	<owner>
		<flickrid>elbkaiser</flickrid>
		<name>Christoph Leistner</name>
	</owner>
	<size>
		<width>500</width>
		<height>281</height>
		<depth>3</depth>
	</size>
	<segmented>0</segmented>
	<object>
		<name>sofa</name>
		<pose>Frontal</pose>
		<truncated>0</truncated>
		<difficult>0</difficult>
		<bndbox>
			<xmin>122</xmin>
			<ymin>156</ymin>
			<xmax>324</xmax>
			<ymax>253</ymax>
		</bndbox>
	</object>
	<object>
		<name>chair</name>
		<pose>Unspecified</pose>
		<truncated>0</truncated>
		<difficult>0</difficult>
		<bndbox>
			<xmin>327</xmin>
			<ymin>164</ymin>
			<xmax>447</xmax>
			<ymax>277</ymax>
		</bndbox>
	</object>
	<object>
		<name>chair</name>
		<pose>Unspecified</pose>
		<truncated>1</truncated>
		<difficult>1</difficult>
		<bndbox>
			<xmin>389</xmin>
			<ymin>240</ymin>
			<xmax>500</xmax>
			<ymax>281</ymax>
		</bndbox>
	</object>
</annotation>
