<annotation>
  <folder>VOC2007</folder>
  <filename>006858.jpg</filename>
  <source>
    <database>The VOC2007 Database</database>
    <annotation>PASCAL VOC2007</annotation>
    <image>flickr</image>
    <flickrid>312233885</flickrid>
  </source>
  <owner>
    <flickrid>i didn't mean to go to Stoke</flickrid>
    <name>lawrence windrush</name>
  </owner>
  <size>
    <width>500</width>
    <height>375</height>
    <depth>3</depth>
  </size>
  <segmented>0</segmented>
  <object>
    <name>horse</name>
    <pose>Frontal</pose>
    <truncated>0</truncated>
    <difficult>0</difficult>
    <bndbox>
      <xmin>122</xmin>
      <ymin>128</ymin>
      <xmax>205</xmax>
      <ymax>295</ymax>
    </bndbox>
  </object>
  <object>
    <name>person</name>
    <pose>Unspecified</pose>
    <truncated>0</truncated>
    <difficult>0</difficult>
    <bndbox>
      <xmin>196</xmin>
      <ymin>43</ymin>
      <xmax>299</xmax>
      <ymax>300</ymax>
    </bndbox>
    <part>
      <name>head</name>
      <bndbox>
        <xmin>247</xmin>
        <ymin>49</ymin>
        <xmax>276</xmax>
        <ymax>90</ymax>
      </bndbox>
    </part>
    <part>
      <name>hand</name>
      <bndbox>
        <xmin>285</xmin>
        <ymin>173</ymin>
        <xmax>297</xmax>
        <ymax>192</ymax>
      </bndbox>
    </part>
    <part>
      <name>foot</name>
      <bndbox>
        <xmin>222</xmin>
        <ymin>272</ymin>
        <xmax>244</xmax>
        <ymax>295</ymax>
      </bndbox>
    </part>
    <part>
      <name>foot</name>
      <bndbox>
        <xmin>255</xmin>
        <ymin>272</ymin>
        <xmax>275</xmax>
        <ymax>299</ymax>
      </bndbox>
    </part>
  </object>
  <object>
    <name>bottle</name>
    <pose>Unspecified</pose>
    <truncated>0</truncated>
    <difficult>1</difficult>
    <bndbox>
      <xmin>316</xmin>
      <ymin>216</ymin>
      <xmax>332</xmax>
      <ymax>229</ymax>
    </bndbox>
  </object>
  <object>
    <name>car</name>
    <pose>Frontal</pose>
    <truncated>1</truncated>
    <difficult>0</difficult>
    <bndbox>
      <xmin>1</xmin>
      <ymin>75</ymin>
      <xmax>137</xmax>
      <ymax>186</ymax>
    </bndbox>
  </object>
  <object>
    <name>cow</name>
    <pose>Unspecified</pose>
    <truncated>0</truncated>
    <difficult>0</difficult>
    <bndbox>
      <xmin>5</xmin>
      <ymin>25</ymin>
      <xmax>152</xmax>
      <ymax>107</ymax>
    </bndbox>
  </object>
</annotation>
