<annotation>
	<folder>VOC2007</folder>
	<filename>006886.jpg</filename>
	<source>
		<database>The VOC2007 Database</database>
		<annotation>PASCAL VOC2007</annotation>
		<image>flickr</image>
		<flickrid>313675108</flickrid>
	</source>
	<owner>
		<flickrid>AndyToad</flickrid>
		<name>Andy Jordan</name>
	</owner>
	<size>
		<width>500</width>
		<height>254</height>
		<depth>3</depth>
	</size>
	<segmented>0</segmented>
	<object>
		<name>chair</name>
		<pose>Frontal</pose>
		<truncated>0</truncated>
		<difficult>0</difficult>
		<bndbox>
			<xmin>19</xmin>
			<ymin>42</ymin>
			<xmax>214</xmax>
			<ymax>206</ymax>
		</bndbox>
	</object>
	<object>
		<name>sofa</name>
		<pose>Unspecified</pose>
		<truncated>0</truncated>
		<difficult>0</difficult>
		<bndbox>
			<xmin>218</xmin>
			<ymin>38</ymin>
			<xmax>496</xmax>
			<ymax>215</ymax>
		</bndbox>
	</object>
</annotation>
