<annotation>
	<folder>VOC2007</folder>
	<filename>006917.jpg</filename>
	<source>
		<database>The VOC2007 Database</database>
		<annotation>PASCAL VOC2007</annotation>
		<image>flickr</image>
		<flickrid>318802844</flickrid>
	</source>
	<owner>
		<flickrid>tanya_scavenger</flickrid>
		<name>?</name>
	</owner>
	<size>
		<width>500</width>
		<height>375</height>
		<depth>3</depth>
	</size>
	<segmented>0</segmented>
	<object>
		<name>bottle</name>
		<pose>Unspecified</pose>
		<truncated>0</truncated>
		<difficult>0</difficult>
		<bndbox>
			<xmin>109</xmin>
			<ymin>11</ymin>
			<xmax>281</xmax>
			<ymax>375</ymax>
		</bndbox>
	</object>
</annotation>
