<annotation>
	<folder>VOC2007</folder>
	<filename>006976.jpg</filename>
	<source>
		<database>The VOC2007 Database</database>
		<annotation>PASCAL VOC2007</annotation>
		<image>flickr</image>
		<flickrid>327808718</flickrid>
	</source>
	<owner>
		<flickrid>angie-d</flickrid>
		<name>Angie</name>
	</owner>
	<size>
		<width>375</width>
		<height>500</height>
		<depth>3</depth>
	</size>
	<segmented>0</segmented>
	<object>
		<name>chair</name>
		<pose>Unspecified</pose>
		<truncated>0</truncated>
		<difficult>0</difficult>
		<bndbox>
			<xmin>82</xmin>
			<ymin>238</ymin>
			<xmax>360</xmax>
			<ymax>498</ymax>
		</bndbox>
	</object>
	<object>
		<name>cat</name>
		<pose>Unspecified</pose>
		<truncated>1</truncated>
		<difficult>0</difficult>
		<bndbox>
			<xmin>242</xmin>
			<ymin>277</ymin>
			<xmax>312</xmax>
			<ymax>348</ymax>
		</bndbox>
	</object>
	<object>
		<name>cat</name>
		<pose>Unspecified</pose>
		<truncated>0</truncated>
		<difficult>1</difficult>
		<bndbox>
			<xmin>122</xmin>
			<ymin>291</ymin>
			<xmax>248</xmax>
			<ymax>362</ymax>
		</bndbox>
	</object>
</annotation>
