<annotation>
  <folder>VOC2007</folder>
  <filename>006963.jpg</filename>
  <source>
    <database>The VOC2007 Database</database>
    <annotation>PASCAL VOC2007</annotation>
    <image>flickr</image>
    <flickrid>338085604</flickrid>
  </source>
  <owner>
    <flickrid>cjanebuy</flickrid>
    <name>Jane</name>
  </owner>
  <size>
    <width>500</width>
    <height>331</height>
    <depth>3</depth>
  </size>
  <segmented>0</segmented>
  <object>
    <name>cat</name>
    <pose>Left</pose>
    <truncated>0</truncated>
    <difficult>0</difficult>
    <bndbox>
      <xmin>240</xmin>
      <ymin>225</ymin>
      <xmax>427</xmax>
      <ymax>300</ymax>
    </bndbox>
  </object>
  <object>
    <name>person</name>
    <pose>Unspecified</pose>
    <truncated>0</truncated>
    <difficult>0</difficult>
    <bndbox>
      <xmin>73</xmin>
      <ymin>84</ymin>
      <xmax>197</xmax>
      <ymax>225</ymax>
    </bndbox>
  </object>
  <object>
    <name>person</name>
    <pose>Unspecified</pose>
    <truncated>1</truncated>
    <difficult>1</difficult>
    <bndbox>
      <xmin>256</xmin>
      <ymin>117</ymin>
      <xmax>337</xmax>
      <ymax>206</ymax>
    </bndbox>
  </object>
  <object>
    <name>chair</name>
    <pose>Unspecified</pose>
    <truncated>1</truncated>
    <difficult>0</difficult>
    <bndbox>
      <xmin>323</xmin>
      <ymin>1</ymin>
      <xmax>500</xmax>
      <ymax>330</ymax>
    </bndbox>
  </object>
  <object>
    <name>sofa</name>
    <pose>Unspecified</pose>
    <truncated>1</truncated>
    <difficult>1</difficult>
    <bndbox>
      <xmin>270</xmin>
      <ymin>114</ymin>
      <xmax>335</xmax>
      <ymax>180</ymax>
    </bndbox>
  </object>
  <object>
    <name>cow</name>
    <pose>Unspecified</pose>
    <truncated>0</truncated>
    <difficult>0</difficult>
    <bndbox>
      <xmin>77</xmin>
      <ymin>201</ymin>
      <xmax>224</xmax>
      <ymax>283</ymax>
    </bndbox>
  </object>
</annotation>
