<annotation>
  <folder>VOC2007</folder>
  <filename>007008.jpg</filename>
  <source>
    <database>The VOC2007 Database</database>
    <annotation>PASCAL VOC2007</annotation>
    <image>flickr</image>
    <flickrid>337572263</flickrid>
  </source>
  <owner>
    <flickrid>olrshaw</flickrid>
    <name>?</name>
  </owner>
  <size>
    <width>343</width>
    <height>290</height>
    <depth>3</depth>
  </size>
  <segmented>0</segmented>
  <object>
    <name>cow</name>
    <pose>Left</pose>
    <truncated>0</truncated>
    <difficult>0</difficult>
    <bndbox>
      <xmin>6</xmin>
      <ymin>16</ymin>
      <xmax>323</xmax>
      <ymax>278</ymax>
    </bndbox>
  </object>
  <object>
    <name>cow</name>
    <pose>Left</pose>
    <truncated>0</truncated>
    <difficult>0</difficult>
    <bndbox>
      <xmin>200</xmin>
      <ymin>110</ymin>
      <xmax>329</xmax>
      <ymax>281</ymax>
    </bndbox>
  </object>
  <object>
    <name>cow</name>
    <pose>Unspecified</pose>
    <truncated>0</truncated>
    <difficult>0</difficult>
    <bndbox>
      <xmin>189</xmin>
      <ymin>106</ymin>
      <xmax>336</xmax>
      <ymax>188</ymax>
    </bndbox>
  </object>
</annotation>
