<annotation>
  <folder>VOC2007</folder>
  <filename>007077.jpg</filename>
  <source>
    <database>The VOC2007 Database</database>
    <annotation>PASCAL VOC2007</annotation>
    <image>flickr</image>
    <flickrid>335957874</flickrid>
  </source>
  <owner>
    <flickrid>Genuine Lam</flickrid>
    <name>Genuine Lam</name>
  </owner>
  <size>
    <width>500</width>
    <height>332</height>
    <depth>3</depth>
  </size>
  <segmented>0</segmented>
  <object>
    <name>chair</name>
    <pose>Unspecified</pose>
    <truncated>1</truncated>
    <difficult>1</difficult>
    <bndbox>
      <xmin>43</xmin>
      <ymin>257</ymin>
      <xmax>153</xmax>
      <ymax>332</ymax>
    </bndbox>
  </object>
  <object>
    <name>chair</name>
    <pose>Rear</pose>
    <truncated>1</truncated>
    <difficult>0</difficult>
    <bndbox>
      <xmin>155</xmin>
      <ymin>260</ymin>
      <xmax>279</xmax>
      <ymax>332</ymax>
    </bndbox>
  </object>
  <object>
    <name>chair</name>
    <pose>Rear</pose>
    <truncated>1</truncated>
    <difficult>0</difficult>
    <bndbox>
      <xmin>256</xmin>
      <ymin>264</ymin>
      <xmax>380</xmax>
      <ymax>332</ymax>
    </bndbox>
  </object>
  <object>
    <name>chair</name>
    <pose>Unspecified</pose>
    <truncated>1</truncated>
    <difficult>1</difficult>
    <bndbox>
      <xmin>380</xmin>
      <ymin>265</ymin>
      <xmax>459</xmax>
      <ymax>332</ymax>
    </bndbox>
  </object>
  <object>
    <name>cow</name>
    <pose>Unspecified</pose>
    <truncated>0</truncated>
    <difficult>0</difficult>
    <bndbox>
      <xmin>128</xmin>
      <ymin>172</ymin>
      <xmax>275</xmax>
      <ymax>254</ymax>
    </bndbox>
  </object>
</annotation>
