<annotation>
	<folder>VOC2007</folder>
	<filename>007046.jpg</filename>
	<source>
		<database>The VOC2007 Database</database>
		<annotation>PASCAL VOC2007</annotation>
		<image>flickr</image>
		<flickrid>332328269</flickrid>
	</source>
	<owner>
		<flickrid>Carmodian</flickrid>
		<name>Carmody Wilson</name>
	</owner>
	<size>
		<width>375</width>
		<height>500</height>
		<depth>3</depth>
	</size>
	<segmented>0</segmented>
	<object>
		<name>chair</name>
		<pose>Frontal</pose>
		<truncated>0</truncated>
		<difficult>0</difficult>
		<bndbox>
			<xmin>53</xmin>
			<ymin>160</ymin>
			<xmax>307</xmax>
			<ymax>500</ymax>
		</bndbox>
	</object>
	<object>
		<name>person</name>
		<pose>Unspecified</pose>
		<truncated>0</truncated>
		<difficult>0</difficult>
		<bndbox>
			<xmin>76</xmin>
			<ymin>153</ymin>
			<xmax>309</xmax>
			<ymax>499</ymax>
		</bndbox>
		<part>
			<name>head</name>
			<bndbox>
				<xmin>130.6092</xmin>
				<ymin>155.3152</ymin>
				<xmax>174.2822</xmax>
				<ymax>219.145</ymax>
			</bndbox>
		</part>
		<part>
			<name>hand</name>
			<bndbox>
				<xmin>140.6876</xmin>
				<ymin>235.3824</ymin>
				<xmax>173.1624</xmax>
				<ymax>264.4978</ymax>
			</bndbox>
		</part>
		<part>
			<name>hand</name>
			<bndbox>
				<xmin>187.72</xmin>
				<ymin>239.8617</ymin>
				<xmax>209.5566</xmax>
				<ymax>271.7766</ymax>
			</bndbox>
		</part>
		<part>
			<name>foot</name>
			<bndbox>
				<xmin>258.8287</xmin>
				<ymin>426.8718</ymin>
				<xmax>318.7391</xmax>
				<ymax>472.2245</ymax>
			</bndbox>
		</part>
		<part>
			<name>foot</name>
			<bndbox>
				<xmin>242.0314</xmin>
				<ymin>455.9871</ymin>
				<xmax>286.2643</xmax>
				<ymax>498.5403</ymax>
			</bndbox>
		</part>
	</object>
</annotation>
