<annotation>
	<folder>VOC2007</folder>
	<filename>007093.jpg</filename>
	<source>
		<database>The VOC2007 Database</database>
		<annotation>PASCAL VOC2007</annotation>
		<image>flickr</image>
		<flickrid>324488118</flickrid>
	</source>
	<owner>
		<flickrid>schramroyal</flickrid>
		<name>Eric P</name>
	</owner>
	<size>
		<width>500</width>
		<height>375</height>
		<depth>3</depth>
	</size>
	<segmented>0</segmented>
	<object>
		<name>person</name>
		<pose>Right</pose>
		<truncated>0</truncated>
		<difficult>0</difficult>
		<bndbox>
			<xmin>76</xmin>
			<ymin>74</ymin>
			<xmax>323</xmax>
			<ymax>299</ymax>
		</bndbox>
		<part>
			<name>head</name>
			<bndbox>
				<xmin>89.0358</xmin>
				<ymin>75.0381</ymin>
				<xmax>145.3068</xmax>
				<ymax>140.1277</ymax>
			</bndbox>
		</part>
		<part>
			<name>hand</name>
			<bndbox>
				<xmin>139.4278</xmin>
				<ymin>119.9709</ymin>
				<xmax>152.8656</xmax>
				<ymax>144.327</ymax>
			</bndbox>
		</part>
		<part>
			<name>hand</name>
			<bndbox>
				<xmin>166.7234</xmin>
				<ymin>182.9608</ymin>
				<xmax>195.6988</xmax>
				<ymax>211.9362</ymax>
			</bndbox>
		</part>
		<part>
			<name>foot</name>
			<bndbox>
				<xmin>275.9059</xmin>
				<ymin>245.9507</ymin>
				<xmax>319.159</xmax>
				<ymax>268.2072</ymax>
			</bndbox>
		</part>
		<part>
			<name>foot</name>
			<bndbox>
				<xmin>257.4289</xmin>
				<ymin>258.5487</ymin>
				<xmax>322.0985</xmax>
				<ymax>304.7413</ymax>
			</bndbox>
		</part>
	</object>
	<object>
		<name>chair</name>
		<pose>Right</pose>
		<truncated>0</truncated>
		<difficult>0</difficult>
		<bndbox>
			<xmin>70</xmin>
			<ymin>184</ymin>
			<xmax>235</xmax>
			<ymax>375</ymax>
		</bndbox>
	</object>
	<object>
		<name>chair</name>
		<pose>Left</pose>
		<truncated>0</truncated>
		<difficult>0</difficult>
		<bndbox>
			<xmin>284</xmin>
			<ymin>179</ymin>
			<xmax>445</xmax>
			<ymax>375</ymax>
		</bndbox>
	</object>
</annotation>
