<annotation>
	<folder>VOC2007</folder>
	<filename>007104.jpg</filename>
	<source>
		<database>The VOC2007 Database</database>
		<annotation>PASCAL VOC2007</annotation>
		<image>flickr</image>
		<flickrid>330015653</flickrid>
	</source>
	<owner>
		<flickrid>atomictonic</flickrid>
		<name>?</name>
	</owner>
	<size>
		<width>375</width>
		<height>500</height>
		<depth>3</depth>
	</size>
	<segmented>0</segmented>
	<object>
		<name>bottle</name>
		<pose>Unspecified</pose>
		<truncated>0</truncated>
		<difficult>0</difficult>
		<bndbox>
			<xmin>77</xmin>
			<ymin>29</ymin>
			<xmax>319</xmax>
			<ymax>472</ymax>
		</bndbox>
	</object>
</annotation>
