<annotation>
  <folder>VOC2007</folder>
  <filename>007259.jpg</filename>
  <source>
    <database>The VOC2007 Database</database>
    <annotation>PASCAL VOC2007</annotation>
    <image>flickr</image>
    <flickrid>329604734</flickrid>
  </source>
  <owner>
    <flickrid>Bin_Dubai</flickrid>
    <name>ahmad el X</name>
  </owner>
  <size>
    <width>375</width>
    <height>500</height>
    <depth>3</depth>
  </size>
  <segmented>0</segmented>
  <object>
    <name>chair</name>
    <pose>Frontal</pose>
    <truncated>0</truncated>
    <difficult>0</difficult>
    <bndbox>
      <xmin>11</xmin>
      <ymin>26</ymin>
      <xmax>366</xmax>
      <ymax>500</ymax>
    </bndbox>
  </object>
  <object>
    <name>cow</name>
    <pose>Unspecified</pose>
    <truncated>0</truncated>
    <difficult>0</difficult>
    <bndbox>
      <xmin>172</xmin>
      <ymin>381</ymin>
      <xmax>319</xmax>
      <ymax>463</ymax>
    </bndbox>
  </object>
</annotation>
