<annotation>
	<folder>VOC2007</folder>
	<filename>007266.jpg</filename>
	<source>
		<database>The VOC2007 Database</database>
		<annotation>PASCAL VOC2007</annotation>
		<image>flickr</image>
		<flickrid>337642265</flickrid>
	</source>
	<owner>
		<flickrid>seblackwell5</flickrid>
		<name>Sarah Blackwell</name>
	</owner>
	<size>
		<width>500</width>
		<height>375</height>
		<depth>3</depth>
	</size>
	<segmented>0</segmented>
	<object>
		<name>chair</name>
		<pose>Right</pose>
		<truncated>1</truncated>
		<difficult>0</difficult>
		<bndbox>
			<xmin>1</xmin>
			<ymin>102</ymin>
			<xmax>172</xmax>
			<ymax>346</ymax>
		</bndbox>
	</object>
	<object>
		<name>person</name>
		<pose>Unspecified</pose>
		<truncated>1</truncated>
		<difficult>0</difficult>
		<bndbox>
			<xmin>326</xmin>
			<ymin>86</ymin>
			<xmax>479</xmax>
			<ymax>322</ymax>
		</bndbox>
		<part>
			<name>head</name>
			<bndbox>
				<xmin>387.1881</xmin>
				<ymin>87.6361</ymin>
				<xmax>464.4558</xmax>
				<ymax>190.0997</ymax>
			</bndbox>
		</part>
		<part>
			<name>hand</name>
			<bndbox>
				<xmin>381.3091</xmin>
				<ymin>186.3203</ymin>
				<xmax>398.1064</xmax>
				<ymax>216.9754</ymax>
			</bndbox>
		</part>
		<part>
			<name>hand</name>
			<bndbox>
				<xmin>389.7077</xmin>
				<ymin>203.5375</ymin>
				<xmax>421.6226</xmax>
				<ymax>232.5129</ymax>
			</bndbox>
		</part>
		<part>
			<name>foot</name>
			<bndbox>
				<xmin>326.2979</xmin>
				<ymin>240.9115</ymin>
				<xmax>363.252</xmax>
				<ymax>300.1221</ymax>
			</bndbox>
		</part>
		<part>
			<name>foot</name>
			<bndbox>
				<xmin>388.4479</xmin>
				<ymin>273.6663</ymin>
				<xmax>419.9429</xmax>
				<ymax>318.1792</ymax>
			</bndbox>
		</part>
	</object>
	<object>
		<name>person</name>
		<pose>Unspecified</pose>
		<truncated>1</truncated>
		<difficult>0</difficult>
		<bndbox>
			<xmin>111</xmin>
			<ymin>89</ymin>
			<xmax>326</xmax>
			<ymax>319</ymax>
		</bndbox>
		<part>
			<name>head</name>
			<bndbox>
				<xmin>173.0224</xmin>
				<ymin>88.8959</ymin>
				<xmax>272.9664</xmax>
				<ymax>196.8186</ymax>
			</bndbox>
		</part>
		<part>
			<name>hand</name>
			<bndbox>
				<xmin>270.0269</xmin>
				<ymin>277.4457</ymin>
				<xmax>322.0985</xmax>
				<ymax>306.0011</ymax>
			</bndbox>
		</part>
		<part>
			<name>hand</name>
			<bndbox>
				<xmin>194.439</xmin>
				<ymin>297.6025</ymin>
				<xmax>245.2508</xmax>
				<ymax>316.9194</ymax>
			</bndbox>
		</part>
	</object>
	<object>
		<name>chair</name>
		<pose>Unspecified</pose>
		<truncated>1</truncated>
		<difficult>1</difficult>
		<bndbox>
			<xmin>151</xmin>
			<ymin>314</ymin>
			<xmax>378</xmax>
			<ymax>375</ymax>
		</bndbox>
	</object>
	<object>
		<name>diningtable</name>
		<pose>Unspecified</pose>
		<truncated>1</truncated>
		<difficult>1</difficult>
		<bndbox>
			<xmin>40</xmin>
			<ymin>238</ymin>
			<xmax>500</xmax>
			<ymax>375</ymax>
		</bndbox>
	</object>
</annotation>
