<annotation>
	<folder>VOC2007</folder>
	<filename>007373.jpg</filename>
	<source>
		<database>The VOC2007 Database</database>
		<annotation>PASCAL VOC2007</annotation>
		<image>flickr</image>
		<flickrid>327251783</flickrid>
	</source>
	<owner>
		<flickrid>jeffery_glover@sbcglobal.net</flickrid>
		<name>?</name>
	</owner>
	<size>
		<width>500</width>
		<height>375</height>
		<depth>3</depth>
	</size>
	<segmented>0</segmented>
	<object>
		<name>diningtable</name>
		<pose>Unspecified</pose>
		<truncated>1</truncated>
		<difficult>0</difficult>
		<bndbox>
			<xmin>1</xmin>
			<ymin>178</ymin>
			<xmax>493</xmax>
			<ymax>375</ymax>
		</bndbox>
	</object>
	<object>
		<name>diningtable</name>
		<pose>Unspecified</pose>
		<truncated>1</truncated>
		<difficult>1</difficult>
		<bndbox>
			<xmin>453</xmin>
			<ymin>84</ymin>
			<xmax>500</xmax>
			<ymax>143</ymax>
		</bndbox>
	</object>
	<object>
		<name>diningtable</name>
		<pose>Unspecified</pose>
		<truncated>1</truncated>
		<difficult>0</difficult>
		<bndbox>
			<xmin>74</xmin>
			<ymin>106</ymin>
			<xmax>295</xmax>
			<ymax>177</ymax>
		</bndbox>
	</object>
	<object>
		<name>chair</name>
		<pose>Unspecified</pose>
		<truncated>1</truncated>
		<difficult>1</difficult>
		<bndbox>
			<xmin>270</xmin>
			<ymin>326</ymin>
			<xmax>450</xmax>
			<ymax>375</ymax>
		</bndbox>
	</object>
	<object>
		<name>chair</name>
		<pose>Unspecified</pose>
		<truncated>1</truncated>
		<difficult>1</difficult>
		<bndbox>
			<xmin>460</xmin>
			<ymin>160</ymin>
			<xmax>500</xmax>
			<ymax>259</ymax>
		</bndbox>
	</object>
	<object>
		<name>chair</name>
		<pose>Unspecified</pose>
		<truncated>1</truncated>
		<difficult>1</difficult>
		<bndbox>
			<xmin>327</xmin>
			<ymin>145</ymin>
			<xmax>410</xmax>
			<ymax>185</ymax>
		</bndbox>
	</object>
	<object>
		<name>chair</name>
		<pose>Unspecified</pose>
		<truncated>1</truncated>
		<difficult>1</difficult>
		<bndbox>
			<xmin>194</xmin>
			<ymin>145</ymin>
			<xmax>270</xmax>
			<ymax>185</ymax>
		</bndbox>
	</object>
	<object>
		<name>chair</name>
		<pose>Unspecified</pose>
		<truncated>1</truncated>
		<difficult>1</difficult>
		<bndbox>
			<xmin>40</xmin>
			<ymin>156</ymin>
			<xmax>120</xmax>
			<ymax>207</ymax>
		</bndbox>
	</object>
	<object>
		<name>chair</name>
		<pose>Unspecified</pose>
		<truncated>1</truncated>
		<difficult>1</difficult>
		<bndbox>
			<xmin>7</xmin>
			<ymin>123</ymin>
			<xmax>42</xmax>
			<ymax>209</ymax>
		</bndbox>
	</object>
	<object>
		<name>chair</name>
		<pose>Unspecified</pose>
		<truncated>1</truncated>
		<difficult>1</difficult>
		<bndbox>
			<xmin>6</xmin>
			<ymin>108</ymin>
			<xmax>29</xmax>
			<ymax>121</ymax>
		</bndbox>
	</object>
	<object>
		<name>chair</name>
		<pose>Unspecified</pose>
		<truncated>1</truncated>
		<difficult>1</difficult>
		<bndbox>
			<xmin>51</xmin>
			<ymin>99</ymin>
			<xmax>86</xmax>
			<ymax>156</ymax>
		</bndbox>
	</object>
	<object>
		<name>chair</name>
		<pose>Unspecified</pose>
		<truncated>1</truncated>
		<difficult>1</difficult>
		<bndbox>
			<xmin>72</xmin>
			<ymin>128</ymin>
			<xmax>141</xmax>
			<ymax>175</ymax>
		</bndbox>
	</object>
	<object>
		<name>chair</name>
		<pose>Unspecified</pose>
		<truncated>1</truncated>
		<difficult>1</difficult>
		<bndbox>
			<xmin>189</xmin>
			<ymin>130</ymin>
			<xmax>254</xmax>
			<ymax>178</ymax>
		</bndbox>
	</object>
	<object>
		<name>chair</name>
		<pose>Unspecified</pose>
		<truncated>1</truncated>
		<difficult>1</difficult>
		<bndbox>
			<xmin>296</xmin>
			<ymin>114</ymin>
			<xmax>338</xmax>
			<ymax>176</ymax>
		</bndbox>
	</object>
	<object>
		<name>chair</name>
		<pose>Unspecified</pose>
		<truncated>1</truncated>
		<difficult>1</difficult>
		<bndbox>
			<xmin>337</xmin>
			<ymin>104</ymin>
			<xmax>355</xmax>
			<ymax>148</ymax>
		</bndbox>
	</object>
	<object>
		<name>chair</name>
		<pose>Unspecified</pose>
		<truncated>1</truncated>
		<difficult>1</difficult>
		<bndbox>
			<xmin>302</xmin>
			<ymin>96</ymin>
			<xmax>337</xmax>
			<ymax>117</ymax>
		</bndbox>
	</object>
	<object>
		<name>chair</name>
		<pose>Unspecified</pose>
		<truncated>1</truncated>
		<difficult>1</difficult>
		<bndbox>
			<xmin>238</xmin>
			<ymin>92</ymin>
			<xmax>270</xmax>
			<ymax>112</ymax>
		</bndbox>
	</object>
	<object>
		<name>chair</name>
		<pose>Unspecified</pose>
		<truncated>1</truncated>
		<difficult>1</difficult>
		<bndbox>
			<xmin>128</xmin>
			<ymin>94</ymin>
			<xmax>171</xmax>
			<ymax>108</ymax>
		</bndbox>
	</object>
	<object>
		<name>chair</name>
		<pose>Unspecified</pose>
		<truncated>1</truncated>
		<difficult>1</difficult>
		<bndbox>
			<xmin>389</xmin>
			<ymin>89</ymin>
			<xmax>433</xmax>
			<ymax>184</ymax>
		</bndbox>
	</object>
	<object>
		<name>chair</name>
		<pose>Unspecified</pose>
		<truncated>0</truncated>
		<difficult>1</difficult>
		<bndbox>
			<xmin>432</xmin>
			<ymin>96</ymin>
			<xmax>479</xmax>
			<ymax>200</ymax>
		</bndbox>
	</object>
	<object>
		<name>chair</name>
		<pose>Unspecified</pose>
		<truncated>1</truncated>
		<difficult>1</difficult>
		<bndbox>
			<xmin>398</xmin>
			<ymin>82</ymin>
			<xmax>417</xmax>
			<ymax>111</ymax>
		</bndbox>
	</object>
	<object>
		<name>chair</name>
		<pose>Unspecified</pose>
		<truncated>1</truncated>
		<difficult>1</difficult>
		<bndbox>
			<xmin>431</xmin>
			<ymin>81</ymin>
			<xmax>471</xmax>
			<ymax>96</ymax>
		</bndbox>
	</object>
</annotation>
