<annotation>
	<folder>VOC2007</folder>
	<filename>007323.jpg</filename>
	<source>
		<database>The VOC2007 Database</database>
		<annotation>PASCAL VOC2007</annotation>
		<image>flickr</image>
		<flickrid>324204598</flickrid>
	</source>
	<owner>
		<flickrid>Charles Haynes</flickrid>
		<name>Charles Haynes</name>
	</owner>
	<size>
		<width>228</width>
		<height>500</height>
		<depth>3</depth>
	</size>
	<segmented>0</segmented>
	<object>
		<name>bottle</name>
		<pose>Unspecified</pose>
		<truncated>1</truncated>
		<difficult>0</difficult>
		<bndbox>
			<xmin>3</xmin>
			<ymin>1</ymin>
			<xmax>225</xmax>
			<ymax>496</ymax>
		</bndbox>
	</object>
</annotation>
