<annotation>
	<folder>VOC2007</folder>
	<filename>007351.jpg</filename>
	<source>
		<database>The VOC2007 Database</database>
		<annotation>PASCAL VOC2007</annotation>
		<image>flickr</image>
		<flickrid>330620842</flickrid>
	</source>
	<owner>
		<flickrid>Michael Yurechko</flickrid>
		<name>Michael Yurechko</name>
	</owner>
	<size>
		<width>500</width>
		<height>375</height>
		<depth>3</depth>
	</size>
	<segmented>0</segmented>
	<object>
		<name>bottle</name>
		<pose>Unspecified</pose>
		<truncated>0</truncated>
		<difficult>0</difficult>
		<bndbox>
			<xmin>104</xmin>
			<ymin>103</ymin>
			<xmax>144</xmax>
			<ymax>234</ymax>
		</bndbox>
	</object>
	<object>
		<name>bottle</name>
		<pose>Unspecified</pose>
		<truncated>0</truncated>
		<difficult>0</difficult>
		<bndbox>
			<xmin>167</xmin>
			<ymin>176</ymin>
			<xmax>189</xmax>
			<ymax>243</ymax>
		</bndbox>
	</object>
</annotation>
