<annotation>
  <folder>VOC2007</folder>
  <filename>007389.jpg</filename>
  <source>
    <database>The VOC2007 Database</database>
    <annotation>PASCAL VOC2007</annotation>
    <image>flickr</image>
    <flickrid>324185467</flickrid>
  </source>
  <owner>
    <flickrid>sam_gummer</flickrid>
    <name>?</name>
  </owner>
  <size>
    <width>500</width>
    <height>337</height>
    <depth>3</depth>
  </size>
  <segmented>0</segmented>
  <object>
    <name>cow</name>
    <pose>Frontal</pose>
    <truncated>0</truncated>
    <difficult>0</difficult>
    <bndbox>
      <xmin>17</xmin>
      <ymin>62</ymin>
      <xmax>171</xmax>
      <ymax>272</ymax>
    </bndbox>
  </object>
  <object>
    <name>cow</name>
    <pose>Frontal</pose>
    <truncated>0</truncated>
    <difficult>0</difficult>
    <bndbox>
      <xmin>122</xmin>
      <ymin>75</ymin>
      <xmax>248</xmax>
      <ymax>277</ymax>
    </bndbox>
  </object>
  <object>
    <name>cow</name>
    <pose>Frontal</pose>
    <truncated>0</truncated>
    <difficult>0</difficult>
    <bndbox>
      <xmin>229</xmin>
      <ymin>66</ymin>
      <xmax>333</xmax>
      <ymax>295</ymax>
    </bndbox>
  </object>
  <object>
    <name>cow</name>
    <pose>Frontal</pose>
    <truncated>0</truncated>
    <difficult>0</difficult>
    <bndbox>
      <xmin>317</xmin>
      <ymin>135</ymin>
      <xmax>392</xmax>
      <ymax>300</ymax>
    </bndbox>
  </object>
  <object>
    <name>cow</name>
    <pose>Frontal</pose>
    <truncated>0</truncated>
    <difficult>0</difficult>
    <bndbox>
      <xmin>383</xmin>
      <ymin>128</ymin>
      <xmax>438</xmax>
      <ymax>297</ymax>
    </bndbox>
  </object>
  <object>
    <name>cow</name>
    <pose>Frontal</pose>
    <truncated>0</truncated>
    <difficult>0</difficult>
    <bndbox>
      <xmin>394</xmin>
      <ymin>106</ymin>
      <xmax>500</xmax>
      <ymax>300</ymax>
    </bndbox>
  </object>
  <object>
    <name>cow</name>
    <pose>Unspecified</pose>
    <truncated>0</truncated>
    <difficult>0</difficult>
    <bndbox>
      <xmin>142</xmin>
      <ymin>141</ymin>
      <xmax>289</xmax>
      <ymax>223</ymax>
    </bndbox>
  </object>
</annotation>
