<annotation>
  <folder>VOC2007</folder>
  <filename>007350.jpg</filename>
  <source>
    <database>The VOC2007 Database</database>
    <annotation>PASCAL VOC2007</annotation>
    <image>flickr</image>
    <flickrid>339677615</flickrid>
  </source>
  <owner>
    <flickrid>janemac</flickrid>
    <name>?</name>
  </owner>
  <size>
    <width>480</width>
    <height>360</height>
    <depth>3</depth>
  </size>
  <segmented>0</segmented>
  <object>
    <name>diningtable</name>
    <pose>Unspecified</pose>
    <truncated>1</truncated>
    <difficult>0</difficult>
    <bndbox>
      <xmin>219</xmin>
      <ymin>233</ymin>
      <xmax>459</xmax>
      <ymax>360</ymax>
    </bndbox>
  </object>
  <object>
    <name>diningtable</name>
    <pose>Unspecified</pose>
    <truncated>1</truncated>
    <difficult>0</difficult>
    <bndbox>
      <xmin>4</xmin>
      <ymin>197</ymin>
      <xmax>182</xmax>
      <ymax>328</ymax>
    </bndbox>
  </object>
  <object>
    <name>chair</name>
    <pose>Unspecified</pose>
    <truncated>1</truncated>
    <difficult>1</difficult>
    <bndbox>
      <xmin>87</xmin>
      <ymin>181</ymin>
      <xmax>141</xmax>
      <ymax>207</ymax>
    </bndbox>
  </object>
  <object>
    <name>chair</name>
    <pose>Unspecified</pose>
    <truncated>1</truncated>
    <difficult>1</difficult>
    <bndbox>
      <xmin>91</xmin>
      <ymin>209</ymin>
      <xmax>162</xmax>
      <ymax>296</ymax>
    </bndbox>
  </object>
  <object>
    <name>chair</name>
    <pose>Unspecified</pose>
    <truncated>1</truncated>
    <difficult>1</difficult>
    <bndbox>
      <xmin>177</xmin>
      <ymin>227</ymin>
      <xmax>258</xmax>
      <ymax>335</ymax>
    </bndbox>
  </object>
  <object>
    <name>chair</name>
    <pose>Unspecified</pose>
    <truncated>1</truncated>
    <difficult>1</difficult>
    <bndbox>
      <xmin>277</xmin>
      <ymin>206</ymin>
      <xmax>328</xmax>
      <ymax>266</ymax>
    </bndbox>
  </object>
  <object>
    <name>person</name>
    <pose>Unspecified</pose>
    <truncated>1</truncated>
    <difficult>0</difficult>
    <bndbox>
      <xmin>171</xmin>
      <ymin>75</ymin>
      <xmax>245</xmax>
      <ymax>360</ymax>
    </bndbox>
    <part>
      <name>head</name>
      <bndbox>
        <xmin>208.4507</xmin>
        <ymin>75.2816</ymin>
        <xmax>235.0577</xmax>
        <ymax>113.9826</ymax>
      </bndbox>
    </part>
    <part>
      <name>hand</name>
      <bndbox>
        <xmin>214.4978</xmin>
        <ymin>196.6254</ymin>
        <xmax>231.4295</xmax>
        <ymax>211.5414</ymax>
      </bndbox>
    </part>
  </object>
  <object>
    <name>person</name>
    <pose>Unspecified</pose>
    <truncated>1</truncated>
    <difficult>0</difficult>
    <bndbox>
      <xmin>245</xmin>
      <ymin>87</ymin>
      <xmax>316</xmax>
      <ymax>281</ymax>
    </bndbox>
    <part>
      <name>head</name>
      <bndbox>
        <xmin>251.1831</xmin>
        <ymin>88.5851</ymin>
        <xmax>278.1932</xmax>
        <ymax>124.4642</ymax>
      </bndbox>
    </part>
    <part>
      <name>hand</name>
      <bndbox>
        <xmin>265.2928</xmin>
        <ymin>216.3791</ymin>
        <xmax>279.4026</xmax>
        <ymax>234.117</ymax>
      </bndbox>
    </part>
  </object>
  <object>
    <name>cow</name>
    <pose>Unspecified</pose>
    <truncated>0</truncated>
    <difficult>0</difficult>
    <bndbox>
      <xmin>112</xmin>
      <ymin>79</ymin>
      <xmax>259</xmax>
      <ymax>161</ymax>
    </bndbox>
  </object>
</annotation>
