<annotation>
  <folder>VOC2007</folder>
  <filename>007370.jpg</filename>
  <source>
    <database>The VOC2007 Database</database>
    <annotation>PASCAL VOC2007</annotation>
    <image>flickr</image>
    <flickrid>325420725</flickrid>
  </source>
  <owner>
    <flickrid>daveandfaye</flickrid>
    <name>Dave Curry</name>
  </owner>
  <size>
    <width>375</width>
    <height>500</height>
    <depth>3</depth>
  </size>
  <segmented>0</segmented>
  <object>
    <name>bottle</name>
    <pose>Unspecified</pose>
    <truncated>1</truncated>
    <difficult>0</difficult>
    <bndbox>
      <xmin>35</xmin>
      <ymin>1</ymin>
      <xmax>340</xmax>
      <ymax>500</ymax>
    </bndbox>
  </object>
  <object>
    <name>cow</name>
    <pose>Unspecified</pose>
    <truncated>0</truncated>
    <difficult>0</difficult>
    <bndbox>
      <xmin>225</xmin>
      <ymin>54</ymin>
      <xmax>372</xmax>
      <ymax>136</ymax>
    </bndbox>
  </object>
</annotation>
