<annotation>
  <folder>VOC2007</folder>
  <filename>007416.jpg</filename>
  <source>
    <database>The VOC2007 Database</database>
    <annotation>PASCAL VOC2007</annotation>
    <image>flickr</image>
    <flickrid>341070791</flickrid>
  </source>
  <owner>
    <flickrid>Burn Black</flickrid>
    <name>Lolly</name>
  </owner>
  <size>
    <width>500</width>
    <height>349</height>
    <depth>3</depth>
  </size>
  <segmented>0</segmented>
  <object>
    <name>cat</name>
    <pose>Unspecified</pose>
    <truncated>0</truncated>
    <difficult>0</difficult>
    <bndbox>
      <xmin>223</xmin>
      <ymin>101</ymin>
      <xmax>369</xmax>
      <ymax>317</ymax>
    </bndbox>
  </object>
  <object>
    <name>chair</name>
    <pose>Unspecified</pose>
    <truncated>1</truncated>
    <difficult>0</difficult>
    <bndbox>
      <xmin>1</xmin>
      <ymin>2</ymin>
      <xmax>459</xmax>
      <ymax>349</ymax>
    </bndbox>
  </object>
  <object>
    <name>cow</name>
    <pose>Unspecified</pose>
    <truncated>0</truncated>
    <difficult>0</difficult>
    <bndbox>
      <xmin>326</xmin>
      <ymin>91</ymin>
      <xmax>473</xmax>
      <ymax>173</ymax>
    </bndbox>
  </object>
</annotation>
