<annotation>
  <folder>VOC2007</folder>
  <filename>007443.jpg</filename>
  <source>
    <database>The VOC2007 Database</database>
    <annotation>PASCAL VOC2007</annotation>
    <image>flickr</image>
    <flickrid>291713020</flickrid>
  </source>
  <owner>
    <flickrid>RS2802</flickrid>
    <name>Roy Sinai</name>
  </owner>
  <size>
    <width>500</width>
    <height>333</height>
    <depth>3</depth>
  </size>
  <segmented>0</segmented>
  <object>
    <name>chair</name>
    <pose>Rear</pose>
    <truncated>0</truncated>
    <difficult>0</difficult>
    <bndbox>
      <xmin>284</xmin>
      <ymin>219</ymin>
      <xmax>425</xmax>
      <ymax>317</ymax>
    </bndbox>
  </object>
  <object>
    <name>chair</name>
    <pose>Rear</pose>
    <truncated>0</truncated>
    <difficult>0</difficult>
    <bndbox>
      <xmin>92</xmin>
      <ymin>214</ymin>
      <xmax>225</xmax>
      <ymax>321</ymax>
    </bndbox>
  </object>
  <object>
    <name>chair</name>
    <pose>Unspecified</pose>
    <truncated>0</truncated>
    <difficult>0</difficult>
    <bndbox>
      <xmin>291</xmin>
      <ymin>173</ymin>
      <xmax>337</xmax>
      <ymax>222</ymax>
    </bndbox>
  </object>
  <object>
    <name>chair</name>
    <pose>Unspecified</pose>
    <truncated>0</truncated>
    <difficult>0</difficult>
    <bndbox>
      <xmin>161</xmin>
      <ymin>178</ymin>
      <xmax>208</xmax>
      <ymax>224</ymax>
    </bndbox>
  </object>
  <object>
    <name>sofa</name>
    <pose>Frontal</pose>
    <truncated>0</truncated>
    <difficult>0</difficult>
    <bndbox>
      <xmin>206</xmin>
      <ymin>171</ymin>
      <xmax>295</xmax>
      <ymax>211</ymax>
    </bndbox>
  </object>
  <object>
    <name>cow</name>
    <pose>Unspecified</pose>
    <truncated>0</truncated>
    <difficult>0</difficult>
    <bndbox>
      <xmin>214</xmin>
      <ymin>246</ymin>
      <xmax>361</xmax>
      <ymax>328</ymax>
    </bndbox>
  </object>
</annotation>
