<annotation>
	<folder>VOC2007</folder>
	<filename>007435.jpg</filename>
	<source>
		<database>The VOC2007 Database</database>
		<annotation>PASCAL VOC2007</annotation>
		<image>flickr</image>
		<flickrid>335416902</flickrid>
	</source>
	<owner>
		<flickrid>djcrazya</flickrid>
		<name>?</name>
	</owner>
	<size>
		<width>332</width>
		<height>500</height>
		<depth>3</depth>
	</size>
	<segmented>0</segmented>
	<object>
		<name>chair</name>
		<pose>Unspecified</pose>
		<truncated>1</truncated>
		<difficult>0</difficult>
		<bndbox>
			<xmin>8</xmin>
			<ymin>320</ymin>
			<xmax>108</xmax>
			<ymax>500</ymax>
		</bndbox>
	</object>
	<object>
		<name>chair</name>
		<pose>Unspecified</pose>
		<truncated>1</truncated>
		<difficult>1</difficult>
		<bndbox>
			<xmin>245</xmin>
			<ymin>259</ymin>
			<xmax>313</xmax>
			<ymax>312</ymax>
		</bndbox>
	</object>
	<object>
		<name>chair</name>
		<pose>Unspecified</pose>
		<truncated>1</truncated>
		<difficult>1</difficult>
		<bndbox>
			<xmin>73</xmin>
			<ymin>238</ymin>
			<xmax>143</xmax>
			<ymax>294</ymax>
		</bndbox>
	</object>
	<object>
		<name>chair</name>
		<pose>Unspecified</pose>
		<truncated>1</truncated>
		<difficult>1</difficult>
		<bndbox>
			<xmin>1</xmin>
			<ymin>385</ymin>
			<xmax>44</xmax>
			<ymax>482</ymax>
		</bndbox>
	</object>
	<object>
		<name>diningtable</name>
		<pose>Unspecified</pose>
		<truncated>1</truncated>
		<difficult>0</difficult>
		<bndbox>
			<xmin>10</xmin>
			<ymin>288</ymin>
			<xmax>332</xmax>
			<ymax>500</ymax>
		</bndbox>
	</object>
</annotation>
