<annotation>
  <folder>VOC2007</folder>
  <filename>007664.jpg</filename>
  <source>
    <database>The VOC2007 Database</database>
    <annotation>PASCAL VOC2007</annotation>
    <image>flickr</image>
    <flickrid>301845801</flickrid>
  </source>
  <owner>
    <flickrid>daveandlolo</flickrid>
    <name>LeeAnne Adams</name>
  </owner>
  <size>
    <width>500</width>
    <height>375</height>
    <depth>3</depth>
  </size>
  <segmented>0</segmented>
  <object>
    <name>chair</name>
    <pose>Left</pose>
    <truncated>0</truncated>
    <difficult>0</difficult>
    <bndbox>
      <xmin>165</xmin>
      <ymin>227</ymin>
      <xmax>271</xmax>
      <ymax>375</ymax>
    </bndbox>
  </object>
  <object>
    <name>chair</name>
    <pose>Unspecified</pose>
    <truncated>0</truncated>
    <difficult>1</difficult>
    <bndbox>
      <xmin>160</xmin>
      <ymin>203</ymin>
      <xmax>223</xmax>
      <ymax>226</ymax>
    </bndbox>
  </object>
  <object>
    <name>chair</name>
    <pose>Unspecified</pose>
    <truncated>0</truncated>
    <difficult>1</difficult>
    <bndbox>
      <xmin>56</xmin>
      <ymin>218</ymin>
      <xmax>101</xmax>
      <ymax>254</ymax>
    </bndbox>
  </object>
  <object>
    <name>chair</name>
    <pose>Rear</pose>
    <truncated>1</truncated>
    <difficult>0</difficult>
    <bndbox>
      <xmin>22</xmin>
      <ymin>283</ymin>
      <xmax>176</xmax>
      <ymax>375</ymax>
    </bndbox>
  </object>
  <object>
    <name>diningtable</name>
    <pose>Unspecified</pose>
    <truncated>0</truncated>
    <difficult>0</difficult>
    <bndbox>
      <xmin>13</xmin>
      <ymin>222</ymin>
      <xmax>258</xmax>
      <ymax>375</ymax>
    </bndbox>
  </object>
  <object>
    <name>pottedplant</name>
    <pose>Unspecified</pose>
    <truncated>0</truncated>
    <difficult>0</difficult>
    <bndbox>
      <xmin>148</xmin>
      <ymin>75</ymin>
      <xmax>171</xmax>
      <ymax>124</ymax>
    </bndbox>
  </object>
  <object>
    <name>cow</name>
    <pose>Unspecified</pose>
    <truncated>0</truncated>
    <difficult>0</difficult>
    <bndbox>
      <xmin>290</xmin>
      <ymin>284</ymin>
      <xmax>437</xmax>
      <ymax>366</ymax>
    </bndbox>
  </object>
</annotation>
