<annotation>
	<folder>VOC2007</folder>
	<filename>007754.jpg</filename>
	<source>
		<database>The VOC2007 Database</database>
		<annotation>PASCAL VOC2007</annotation>
		<image>flickr</image>
		<flickrid>99988711</flickrid>
	</source>
	<owner>
		<flickrid>Pete Baer</flickrid>
		<name>Peter Baer</name>
	</owner>
	<size>
		<width>500</width>
		<height>375</height>
		<depth>3</depth>
	</size>
	<segmented>0</segmented>
	<object>
		<name>tvmonitor</name>
		<pose>Left</pose>
		<truncated>1</truncated>
		<difficult>0</difficult>
		<bndbox>
			<xmin>377</xmin>
			<ymin>112</ymin>
			<xmax>477</xmax>
			<ymax>254</ymax>
		</bndbox>
	</object>
	<object>
		<name>tvmonitor</name>
		<pose>Left</pose>
		<truncated>1</truncated>
		<difficult>0</difficult>
		<bndbox>
			<xmin>276</xmin>
			<ymin>130</ymin>
			<xmax>345</xmax>
			<ymax>241</ymax>
		</bndbox>
	</object>
	<object>
		<name>tvmonitor</name>
		<pose>Left</pose>
		<truncated>1</truncated>
		<difficult>0</difficult>
		<bndbox>
			<xmin>263</xmin>
			<ymin>36</ymin>
			<xmax>316</xmax>
			<ymax>92</ymax>
		</bndbox>
	</object>
	<object>
		<name>chair</name>
		<pose>Right</pose>
		<truncated>0</truncated>
		<difficult>0</difficult>
		<bndbox>
			<xmin>82</xmin>
			<ymin>92</ymin>
			<xmax>169</xmax>
			<ymax>229</ymax>
		</bndbox>
	</object>
	<object>
		<name>chair</name>
		<pose>Right</pose>
		<truncated>0</truncated>
		<difficult>0</difficult>
		<bndbox>
			<xmin>131</xmin>
			<ymin>71</ymin>
			<xmax>246</xmax>
			<ymax>232</ymax>
		</bndbox>
	</object>
</annotation>
