<annotation>
	<folder>VOC2007</folder>
	<filename>007799.jpg</filename>
	<source>
		<database>The VOC2007 Database</database>
		<annotation>PASCAL VOC2007</annotation>
		<image>flickr</image>
		<flickrid>308449758</flickrid>
	</source>
	<owner>
		<flickrid>OsakaSteve</flickrid>
		<name>Jesse D. Lewin</name>
	</owner>
	<size>
		<width>500</width>
		<height>331</height>
		<depth>3</depth>
	</size>
	<segmented>0</segmented>
	<object>
		<name>sofa</name>
		<pose>Unspecified</pose>
		<truncated>0</truncated>
		<difficult>1</difficult>
		<bndbox>
			<xmin>107</xmin>
			<ymin>72</ymin>
			<xmax>401</xmax>
			<ymax>248</ymax>
		</bndbox>
	</object>
	<object>
		<name>sofa</name>
		<pose>Unspecified</pose>
		<truncated>1</truncated>
		<difficult>1</difficult>
		<bndbox>
			<xmin>1</xmin>
			<ymin>113</ymin>
			<xmax>180</xmax>
			<ymax>331</ymax>
		</bndbox>
	</object>
	<object>
		<name>diningtable</name>
		<pose>Unspecified</pose>
		<truncated>1</truncated>
		<difficult>1</difficult>
		<bndbox>
			<xmin>280</xmin>
			<ymin>119</ymin>
			<xmax>366</xmax>
			<ymax>226</ymax>
		</bndbox>
	</object>
	<object>
		<name>diningtable</name>
		<pose>Unspecified</pose>
		<truncated>1</truncated>
		<difficult>1</difficult>
		<bndbox>
			<xmin>305</xmin>
			<ymin>275</ymin>
			<xmax>500</xmax>
			<ymax>331</ymax>
		</bndbox>
	</object>
	<object>
		<name>diningtable</name>
		<pose>Unspecified</pose>
		<truncated>1</truncated>
		<difficult>1</difficult>
		<bndbox>
			<xmin>386</xmin>
			<ymin>199</ymin>
			<xmax>500</xmax>
			<ymax>276</ymax>
		</bndbox>
	</object>
	<object>
		<name>diningtable</name>
		<pose>Unspecified</pose>
		<truncated>1</truncated>
		<difficult>1</difficult>
		<bndbox>
			<xmin>447</xmin>
			<ymin>179</ymin>
			<xmax>500</xmax>
			<ymax>203</ymax>
		</bndbox>
	</object>
	<object>
		<name>diningtable</name>
		<pose>Unspecified</pose>
		<truncated>1</truncated>
		<difficult>1</difficult>
		<bndbox>
			<xmin>1</xmin>
			<ymin>170</ymin>
			<xmax>93</xmax>
			<ymax>262</ymax>
		</bndbox>
	</object>
	<object>
		<name>person</name>
		<pose>Unspecified</pose>
		<truncated>0</truncated>
		<difficult>0</difficult>
		<bndbox>
			<xmin>63</xmin>
			<ymin>89</ymin>
			<xmax>159</xmax>
			<ymax>322</ymax>
		</bndbox>
		<part>
			<name>head</name>
			<bndbox>
				<xmin>107.9597</xmin>
				<ymin>93.0161</ymin>
				<xmax>149.8952</xmax>
				<ymax>126.8871</ymax>
			</bndbox>
		</part>
		<part>
			<name>hand</name>
			<bndbox>
				<xmin>85.7823</xmin>
				<ymin>193.4194</ymin>
				<xmax>114.8145</xmax>
				<ymax>207.9355</ymax>
			</bndbox>
		</part>
		<part>
			<name>foot</name>
			<bndbox>
				<xmin>101.1048</xmin>
				<ymin>308.3387</ymin>
				<xmax>120.0565</xmax>
				<ymax>320.0323</ymax>
			</bndbox>
		</part>
		<part>
			<name>foot</name>
			<bndbox>
				<xmin>62.3952</xmin>
				<ymin>302.6935</ymin>
				<xmax>91.0242</xmax>
				<ymax>317.2097</ymax>
			</bndbox>
		</part>
	</object>
	<object>
		<name>chair</name>
		<pose>Unspecified</pose>
		<truncated>1</truncated>
		<difficult>1</difficult>
		<bndbox>
			<xmin>249</xmin>
			<ymin>229</ymin>
			<xmax>337</xmax>
			<ymax>331</ymax>
		</bndbox>
	</object>
	<object>
		<name>chair</name>
		<pose>Right</pose>
		<truncated>1</truncated>
		<difficult>0</difficult>
		<bndbox>
			<xmin>341</xmin>
			<ymin>178</ymin>
			<xmax>408</xmax>
			<ymax>308</ymax>
		</bndbox>
	</object>
	<object>
		<name>chair</name>
		<pose>Unspecified</pose>
		<truncated>1</truncated>
		<difficult>1</difficult>
		<bndbox>
			<xmin>443</xmin>
			<ymin>133</ymin>
			<xmax>498</xmax>
			<ymax>190</ymax>
		</bndbox>
	</object>
	<object>
		<name>chair</name>
		<pose>Unspecified</pose>
		<truncated>1</truncated>
		<difficult>1</difficult>
		<bndbox>
			<xmin>485</xmin>
			<ymin>93</ymin>
			<xmax>500</xmax>
			<ymax>141</ymax>
		</bndbox>
	</object>
	<object>
		<name>chair</name>
		<pose>Unspecified</pose>
		<truncated>1</truncated>
		<difficult>1</difficult>
		<bndbox>
			<xmin>357</xmin>
			<ymin>40</ymin>
			<xmax>381</xmax>
			<ymax>72</ymax>
		</bndbox>
	</object>
	<object>
		<name>chair</name>
		<pose>Unspecified</pose>
		<truncated>1</truncated>
		<difficult>1</difficult>
		<bndbox>
			<xmin>316</xmin>
			<ymin>31</ymin>
			<xmax>338</xmax>
			<ymax>63</ymax>
		</bndbox>
	</object>
	<object>
		<name>chair</name>
		<pose>Unspecified</pose>
		<truncated>1</truncated>
		<difficult>1</difficult>
		<bndbox>
			<xmin>421</xmin>
			<ymin>42</ymin>
			<xmax>446</xmax>
			<ymax>62</ymax>
		</bndbox>
	</object>
	<object>
		<name>chair</name>
		<pose>Unspecified</pose>
		<truncated>1</truncated>
		<difficult>1</difficult>
		<bndbox>
			<xmin>362</xmin>
			<ymin>35</ymin>
			<xmax>385</xmax>
			<ymax>60</ymax>
		</bndbox>
	</object>
</annotation>
