<annotation>
  <folder>VOC2007</folder>
  <filename>007762.jpg</filename>
  <source>
    <database>The VOC2007 Database</database>
    <annotation>PASCAL VOC2007</annotation>
    <image>flickr</image>
    <flickrid>22574264</flickrid>
  </source>
  <owner>
    <flickrid>the food pornographer</flickrid>
    <name>the food pornographer</name>
  </owner>
  <size>
    <width>500</width>
    <height>375</height>
    <depth>3</depth>
  </size>
  <segmented>0</segmented>
  <object>
    <name>tvmonitor</name>
    <pose>Frontal</pose>
    <truncated>1</truncated>
    <difficult>0</difficult>
    <bndbox>
      <xmin>217</xmin>
      <ymin>90</ymin>
      <xmax>362</xmax>
      <ymax>252</ymax>
    </bndbox>
  </object>
  <object>
    <name>bottle</name>
    <pose>Unspecified</pose>
    <truncated>0</truncated>
    <difficult>0</difficult>
    <bndbox>
      <xmin>252</xmin>
      <ymin>29</ymin>
      <xmax>272</xmax>
      <ymax>89</ymax>
    </bndbox>
  </object>
  <object>
    <name>bottle</name>
    <pose>Unspecified</pose>
    <truncated>1</truncated>
    <difficult>0</difficult>
    <bndbox>
      <xmin>292</xmin>
      <ymin>32</ymin>
      <xmax>311</xmax>
      <ymax>71</ymax>
    </bndbox>
  </object>
  <object>
    <name>chair</name>
    <pose>Unspecified</pose>
    <truncated>1</truncated>
    <difficult>1</difficult>
    <bndbox>
      <xmin>58</xmin>
      <ymin>330</ymin>
      <xmax>267</xmax>
      <ymax>375</ymax>
    </bndbox>
  </object>
  <object>
    <name>cat</name>
    <pose>Frontal</pose>
    <truncated>1</truncated>
    <difficult>0</difficult>
    <bndbox>
      <xmin>147</xmin>
      <ymin>16</ymin>
      <xmax>174</xmax>
      <ymax>53</ymax>
    </bndbox>
  </object>
  <object>
    <name>cow</name>
    <pose>Unspecified</pose>
    <truncated>0</truncated>
    <difficult>0</difficult>
    <bndbox>
      <xmin>141</xmin>
      <ymin>168</ymin>
      <xmax>288</xmax>
      <ymax>250</ymax>
    </bndbox>
  </object>
</annotation>
