<annotation>
  <folder>VOC2007</folder>
  <filename>007810.jpg</filename>
  <source>
    <database>The VOC2007 Database</database>
    <annotation>PASCAL VOC2007</annotation>
    <image>flickr</image>
    <flickrid>332091075</flickrid>
  </source>
  <owner>
    <flickrid>Carrie Schmitz</flickrid>
    <name>Carrie Schmitz</name>
  </owner>
  <size>
    <width>375</width>
    <height>500</height>
    <depth>3</depth>
  </size>
  <segmented>1</segmented>
  <object>
    <name>diningtable</name>
    <pose>Unspecified</pose>
    <truncated>1</truncated>
    <difficult>1</difficult>
    <bndbox>
      <xmin>3</xmin>
      <ymin>132</ymin>
      <xmax>373</xmax>
      <ymax>498</ymax>
    </bndbox>
  </object>
  <object>
    <name>person</name>
    <pose>Unspecified</pose>
    <truncated>1</truncated>
    <difficult>0</difficult>
    <bndbox>
      <xmin>80</xmin>
      <ymin>1</ymin>
      <xmax>337</xmax>
      <ymax>127</ymax>
    </bndbox>
  </object>
  <object>
    <name>cow</name>
    <pose>Unspecified</pose>
    <truncated>0</truncated>
    <difficult>0</difficult>
    <bndbox>
      <xmin>157</xmin>
      <ymin>384</ymin>
      <xmax>304</xmax>
      <ymax>466</ymax>
    </bndbox>
  </object>
</annotation>
