<annotation>
	<folder>VOC2007</folder>
	<filename>007923.jpg</filename>
	<source>
		<database>The VOC2007 Database</database>
		<annotation>PASCAL VOC2007</annotation>
		<image>flickr</image>
		<flickrid>321279667</flickrid>
	</source>
	<owner>
		<flickrid>Marc Brassard</flickrid>
		<name>Marc Brassard</name>
	</owner>
	<size>
		<width>500</width>
		<height>235</height>
		<depth>3</depth>
	</size>
	<segmented>0</segmented>
	<object>
		<name>chair</name>
		<pose>Unspecified</pose>
		<truncated>0</truncated>
		<difficult>0</difficult>
		<bndbox>
			<xmin>397</xmin>
			<ymin>106</ymin>
			<xmax>450</xmax>
			<ymax>179</ymax>
		</bndbox>
	</object>
	<object>
		<name>sofa</name>
		<pose>Unspecified</pose>
		<truncated>0</truncated>
		<difficult>0</difficult>
		<bndbox>
			<xmin>189</xmin>
			<ymin>104</ymin>
			<xmax>309</xmax>
			<ymax>189</ymax>
		</bndbox>
	</object>
	<object>
		<name>sofa</name>
		<pose>Unspecified</pose>
		<truncated>1</truncated>
		<difficult>0</difficult>
		<bndbox>
			<xmin>135</xmin>
			<ymin>147</ymin>
			<xmax>353</xmax>
			<ymax>235</ymax>
		</bndbox>
	</object>
</annotation>
