<annotation>
	<folder>VOC2007</folder>
	<filename>007939.jpg</filename>
	<source>
		<database>The VOC2007 Database</database>
		<annotation>PASCAL VOC2007</annotation>
		<image>flickr</image>
		<flickrid>331256546</flickrid>
	</source>
	<owner>
		<flickrid>uknae</flickrid>
		<name>nae</name>
	</owner>
	<size>
		<width>375</width>
		<height>500</height>
		<depth>3</depth>
	</size>
	<segmented>0</segmented>
	<object>
		<name>cow</name>
		<pose>Right</pose>
		<truncated>0</truncated>
		<difficult>0</difficult>
		<bndbox>
			<xmin>101</xmin>
			<ymin>256</ymin>
			<xmax>333</xmax>
			<ymax>473</ymax>
		</bndbox>
	</object>
</annotation>
