<annotation>
  <folder>VOC2007</folder>
  <filename>008076.jpg</filename>
  <source>
    <database>The VOC2007 Database</database>
    <annotation>PASCAL VOC2007</annotation>
    <image>flickr</image>
    <flickrid>329632706</flickrid>
  </source>
  <owner>
    <flickrid>PinkHamsters</flickrid>
    <name>c w</name>
  </owner>
  <size>
    <width>500</width>
    <height>375</height>
    <depth>3</depth>
  </size>
  <segmented>0</segmented>
  <object>
    <name>diningtable</name>
    <pose>Unspecified</pose>
    <truncated>0</truncated>
    <difficult>0</difficult>
    <bndbox>
      <xmin>305</xmin>
      <ymin>258</ymin>
      <xmax>500</xmax>
      <ymax>373</ymax>
    </bndbox>
  </object>
  <object>
    <name>chair</name>
    <pose>Right</pose>
    <truncated>1</truncated>
    <difficult>0</difficult>
    <bndbox>
      <xmin>262</xmin>
      <ymin>256</ymin>
      <xmax>376</xmax>
      <ymax>375</ymax>
    </bndbox>
  </object>
  <object>
    <name>chair</name>
    <pose>Unspecified</pose>
    <truncated>1</truncated>
    <difficult>1</difficult>
    <bndbox>
      <xmin>414</xmin>
      <ymin>329</ymin>
      <xmax>500</xmax>
      <ymax>374</ymax>
    </bndbox>
  </object>
  <object>
    <name>chair</name>
    <pose>Frontal</pose>
    <truncated>0</truncated>
    <difficult>0</difficult>
    <bndbox>
      <xmin>157</xmin>
      <ymin>184</ymin>
      <xmax>194</xmax>
      <ymax>248</ymax>
    </bndbox>
  </object>
  <object>
    <name>tvmonitor</name>
    <pose>Rear</pose>
    <truncated>0</truncated>
    <difficult>0</difficult>
    <bndbox>
      <xmin>224</xmin>
      <ymin>163</ymin>
      <xmax>292</xmax>
      <ymax>230</ymax>
    </bndbox>
  </object>
  <object>
    <name>sofa</name>
    <pose>Unspecified</pose>
    <truncated>0</truncated>
    <difficult>1</difficult>
    <bndbox>
      <xmin>198</xmin>
      <ymin>184</ymin>
      <xmax>344</xmax>
      <ymax>248</ymax>
    </bndbox>
  </object>
  <object>
    <name>cow</name>
    <pose>Unspecified</pose>
    <truncated>0</truncated>
    <difficult>0</difficult>
    <bndbox>
      <xmin>212</xmin>
      <ymin>270</ymin>
      <xmax>359</xmax>
      <ymax>352</ymax>
    </bndbox>
  </object>
</annotation>
