<annotation>
	<folder>VOC2007</folder>
	<filename>008063.jpg</filename>
	<source>
		<database>The VOC2007 Database</database>
		<annotation>PASCAL VOC2007</annotation>
		<image>flickr</image>
		<flickrid>336097610</flickrid>
	</source>
	<owner>
		<flickrid>[finan]</flickrid>
		<name>Florian Seiffert</name>
	</owner>
	<size>
		<width>500</width>
		<height>375</height>
		<depth>3</depth>
	</size>
	<segmented>0</segmented>
	<object>
		<name>chair</name>
		<pose>Left</pose>
		<truncated>0</truncated>
		<difficult>0</difficult>
		<bndbox>
			<xmin>325</xmin>
			<ymin>97</ymin>
			<xmax>426</xmax>
			<ymax>297</ymax>
		</bndbox>
	</object>
	<object>
		<name>chair</name>
		<pose>Right</pose>
		<truncated>0</truncated>
		<difficult>0</difficult>
		<bndbox>
			<xmin>53</xmin>
			<ymin>105</ymin>
			<xmax>157</xmax>
			<ymax>301</ymax>
		</bndbox>
	</object>
	<object>
		<name>chair</name>
		<pose>Frontal</pose>
		<truncated>1</truncated>
		<difficult>0</difficult>
		<bndbox>
			<xmin>208</xmin>
			<ymin>107</ymin>
			<xmax>294</xmax>
			<ymax>286</ymax>
		</bndbox>
	</object>
</annotation>
