<annotation>
	<folder>VOC2007</folder>
	<filename>008122.jpg</filename>
	<source>
		<database>The VOC2007 Database</database>
		<annotation>PASCAL VOC2007</annotation>
		<image>flickr</image>
		<flickrid>334577701</flickrid>
	</source>
	<owner>
		<flickrid>mfcrisp</flickrid>
		<name>Michael Crisp</name>
	</owner>
	<size>
		<width>500</width>
		<height>333</height>
		<depth>3</depth>
	</size>
	<segmented>0</segmented>
	<object>
		<name>person</name>
		<pose>Rear</pose>
		<truncated>0</truncated>
		<difficult>0</difficult>
		<bndbox>
			<xmin>58</xmin>
			<ymin>42</ymin>
			<xmax>227</xmax>
			<ymax>330</ymax>
		</bndbox>
		<part>
			<name>head</name>
			<bndbox>
				<xmin>147.879</xmin>
				<ymin>41.5968</ymin>
				<xmax>187.3952</xmax>
				<ymax>85.9516</ymax>
			</bndbox>
		</part>
		<part>
			<name>hand</name>
			<bndbox>
				<xmin>205.5403</xmin>
				<ymin>220.629</ymin>
				<xmax>224.0887</xmax>
				<ymax>236.7581</ymax>
			</bndbox>
		</part>
		<part>
			<name>hand</name>
			<bndbox>
				<xmin>59.9758</xmin>
				<ymin>183.5323</ymin>
				<xmax>86.1855</xmax>
				<ymax>210.1452</ymax>
			</bndbox>
		</part>
	</object>
	<object>
		<name>person</name>
		<pose>Unspecified</pose>
		<truncated>1</truncated>
		<difficult>0</difficult>
		<bndbox>
			<xmin>274</xmin>
			<ymin>61</ymin>
			<xmax>406</xmax>
			<ymax>206</ymax>
		</bndbox>
		<part>
			<name>head</name>
			<bndbox>
				<xmin>279.7339</xmin>
				<ymin>60.1452</ymin>
				<xmax>322.879</xmax>
				<ymax>108.129</ymax>
			</bndbox>
		</part>
		<part>
			<name>hand</name>
			<bndbox>
				<xmin>293.0403</xmin>
				<ymin>194.4194</ymin>
				<xmax>306.3468</xmax>
				<ymax>211.7581</ymax>
			</bndbox>
		</part>
	</object>
	<object>
		<name>diningtable</name>
		<pose>Unspecified</pose>
		<truncated>1</truncated>
		<difficult>0</difficult>
		<bndbox>
			<xmin>4</xmin>
			<ymin>209</ymin>
			<xmax>115</xmax>
			<ymax>296</ymax>
		</bndbox>
	</object>
	<object>
		<name>chair</name>
		<pose>Unspecified</pose>
		<truncated>1</truncated>
		<difficult>1</difficult>
		<bndbox>
			<xmin>3</xmin>
			<ymin>213</ymin>
			<xmax>47</xmax>
			<ymax>330</ymax>
		</bndbox>
	</object>
	<object>
		<name>chair</name>
		<pose>Unspecified</pose>
		<truncated>1</truncated>
		<difficult>0</difficult>
		<bndbox>
			<xmin>48</xmin>
			<ymin>199</ymin>
			<xmax>109</xmax>
			<ymax>332</ymax>
		</bndbox>
	</object>
	<object>
		<name>chair</name>
		<pose>Unspecified</pose>
		<truncated>1</truncated>
		<difficult>1</difficult>
		<bndbox>
			<xmin>275</xmin>
			<ymin>152</ymin>
			<xmax>320</xmax>
			<ymax>223</ymax>
		</bndbox>
	</object>
</annotation>
