<annotation>
	<folder>VOC2007</folder>
	<filename>008208.jpg</filename>
	<source>
		<database>The VOC2007 Database</database>
		<annotation>PASCAL VOC2007</annotation>
		<image>flickr</image>
		<flickrid>334247485</flickrid>
	</source>
	<owner>
		<flickrid>ed_needs_a_bicycle</flickrid>
		<name>Edward</name>
	</owner>
	<size>
		<width>375</width>
		<height>500</height>
		<depth>3</depth>
	</size>
	<segmented>0</segmented>
	<object>
		<name>cow</name>
		<pose>Right</pose>
		<truncated>1</truncated>
		<difficult>0</difficult>
		<bndbox>
			<xmin>1</xmin>
			<ymin>65</ymin>
			<xmax>312</xmax>
			<ymax>433</ymax>
		</bndbox>
	</object>
	<object>
		<name>cow</name>
		<pose>Unspecified</pose>
		<truncated>1</truncated>
		<difficult>1</difficult>
		<bndbox>
			<xmin>99</xmin>
			<ymin>2</ymin>
			<xmax>375</xmax>
			<ymax>492</ymax>
		</bndbox>
	</object>
</annotation>
