<annotation>
	<folder>VOC2007</folder>
	<filename>008202.jpg</filename>
	<source>
		<database>The VOC2007 Database</database>
		<annotation>PASCAL VOC2007</annotation>
		<image>flickr</image>
		<flickrid>337313576</flickrid>
	</source>
	<owner>
		<flickrid>Triotex</flickrid>
		<name>Philipp Naderer</name>
	</owner>
	<size>
		<width>500</width>
		<height>375</height>
		<depth>3</depth>
	</size>
	<segmented>0</segmented>
	<object>
		<name>cow</name>
		<pose>Frontal</pose>
		<truncated>0</truncated>
		<difficult>0</difficult>
		<bndbox>
			<xmin>191</xmin>
			<ymin>111</ymin>
			<xmax>458</xmax>
			<ymax>372</ymax>
		</bndbox>
	</object>
	<object>
		<name>cow</name>
		<pose>Frontal</pose>
		<truncated>1</truncated>
		<difficult>0</difficult>
		<bndbox>
			<xmin>438</xmin>
			<ymin>90</ymin>
			<xmax>500</xmax>
			<ymax>195</ymax>
		</bndbox>
	</object>
	<object>
		<name>cow</name>
		<pose>Unspecified</pose>
		<truncated>0</truncated>
		<difficult>1</difficult>
		<bndbox>
			<xmin>389</xmin>
			<ymin>107</ymin>
			<xmax>454</xmax>
			<ymax>141</ymax>
		</bndbox>
	</object>
	<object>
		<name>cow</name>
		<pose>Unspecified</pose>
		<truncated>1</truncated>
		<difficult>1</difficult>
		<bndbox>
			<xmin>291</xmin>
			<ymin>107</ymin>
			<xmax>390</xmax>
			<ymax>145</ymax>
		</bndbox>
	</object>
	<object>
		<name>cow</name>
		<pose>Unspecified</pose>
		<truncated>1</truncated>
		<difficult>1</difficult>
		<bndbox>
			<xmin>376</xmin>
			<ymin>73</ymin>
			<xmax>421</xmax>
			<ymax>92</ymax>
		</bndbox>
	</object>
	<object>
		<name>cow</name>
		<pose>Unspecified</pose>
		<truncated>1</truncated>
		<difficult>1</difficult>
		<bndbox>
			<xmin>384</xmin>
			<ymin>89</ymin>
			<xmax>442</xmax>
			<ymax>111</ymax>
		</bndbox>
	</object>
	<object>
		<name>cow</name>
		<pose>Unspecified</pose>
		<truncated>1</truncated>
		<difficult>1</difficult>
		<bndbox>
			<xmin>437</xmin>
			<ymin>77</ymin>
			<xmax>472</xmax>
			<ymax>92</ymax>
		</bndbox>
	</object>
</annotation>
