<annotation>
	<folder>VOC2007</folder>
	<filename>008272.jpg</filename>
	<source>
		<database>The VOC2007 Database</database>
		<annotation>PASCAL VOC2007</annotation>
		<image>flickr</image>
		<flickrid>326074472</flickrid>
	</source>
	<owner>
		<flickrid>calm_and_waiting</flickrid>
		<name>kaitlin horst</name>
	</owner>
	<size>
		<width>500</width>
		<height>375</height>
		<depth>3</depth>
	</size>
	<segmented>0</segmented>
	<object>
		<name>person</name>
		<pose>Unspecified</pose>
		<truncated>1</truncated>
		<difficult>0</difficult>
		<bndbox>
			<xmin>302</xmin>
			<ymin>4</ymin>
			<xmax>500</xmax>
			<ymax>375</ymax>
		</bndbox>
		<part>
			<name>head</name>
			<bndbox>
				<xmin>345.6148</xmin>
				<ymin>1</ymin>
				<xmax>488.8119</xmax>
				<ymax>134.2486</ymax>
			</bndbox>
		</part>
		<part>
			<name>hand</name>
			<bndbox>
				<xmin>302.7816</xmin>
				<ymin>231.2531</ymin>
				<xmax>352.3337</xmax>
				<ymax>262.3281</ymax>
			</bndbox>
		</part>
		<part>
			<name>hand</name>
			<bndbox>
				<xmin>305.7212</xmin>
				<ymin>266.9474</ymin>
				<xmax>365.7716</xmax>
				<ymax>313.5599</ymax>
			</bndbox>
		</part>
	</object>
	<object>
		<name>person</name>
		<pose>Unspecified</pose>
		<truncated>1</truncated>
		<difficult>0</difficult>
		<bndbox>
			<xmin>1</xmin>
			<ymin>3</ymin>
			<xmax>261</xmax>
			<ymax>375</ymax>
		</bndbox>
		<part>
			<name>head</name>
			<bndbox>
				<xmin>47.0426</xmin>
				<ymin>1</ymin>
				<xmax>138.5879</xmax>
				<ymax>101.0739</ymax>
			</bndbox>
		</part>
		<part>
			<name>hand</name>
			<bndbox>
				<xmin>182.2609</xmin>
				<ymin>289.2038</ymin>
				<xmax>221.7346</xmax>
				<ymax>315.6596</ymax>
			</bndbox>
		</part>
		<part>
			<name>hand</name>
			<bndbox>
				<xmin>182.6809</xmin>
				<ymin>315.6596</ymin>
				<xmax>262.0482</xmax>
				<ymax>356.3931</ymax>
			</bndbox>
		</part>
	</object>
	<object>
		<name>dog</name>
		<pose>Unspecified</pose>
		<truncated>0</truncated>
		<difficult>0</difficult>
		<bndbox>
			<xmin>203</xmin>
			<ymin>239</ymin>
			<xmax>366</xmax>
			<ymax>337</ymax>
		</bndbox>
	</object>
	<object>
		<name>chair</name>
		<pose>Unspecified</pose>
		<truncated>0</truncated>
		<difficult>1</difficult>
		<bndbox>
			<xmin>193</xmin>
			<ymin>89</ymin>
			<xmax>235</xmax>
			<ymax>173</ymax>
		</bndbox>
	</object>
</annotation>
