<annotation>
	<folder>VOC2007</folder>
	<filename>008204.jpg</filename>
	<source>
		<database>The VOC2007 Database</database>
		<annotation>PASCAL VOC2007</annotation>
		<image>flickr</image>
		<flickrid>333517441</flickrid>
	</source>
	<owner>
		<flickrid>Archer Avenue</flickrid>
		<name>Marie Rowley</name>
	</owner>
	<size>
		<width>500</width>
		<height>374</height>
		<depth>3</depth>
	</size>
	<segmented>1</segmented>
	<object>
		<name>bottle</name>
		<pose>Unspecified</pose>
		<truncated>0</truncated>
		<difficult>0</difficult>
		<bndbox>
			<xmin>199</xmin>
			<ymin>247</ymin>
			<xmax>242</xmax>
			<ymax>367</ymax>
		</bndbox>
	</object>
	<object>
		<name>tvmonitor</name>
		<pose>Unspecified</pose>
		<truncated>1</truncated>
		<difficult>1</difficult>
		<bndbox>
			<xmin>314</xmin>
			<ymin>114</ymin>
			<xmax>499</xmax>
			<ymax>329</ymax>
		</bndbox>
	</object>
	<object>
		<name>person</name>
		<pose>Unspecified</pose>
		<truncated>1</truncated>
		<difficult>0</difficult>
		<bndbox>
			<xmin>143</xmin>
			<ymin>145</ymin>
			<xmax>266</xmax>
			<ymax>336</ymax>
		</bndbox>
	</object>
</annotation>
