<annotation>
  <folder>VOC2007</folder>
  <filename>008385.jpg</filename>
  <source>
    <database>The VOC2007 Database</database>
    <annotation>PASCAL VOC2007</annotation>
    <image>flickr</image>
    <flickrid>338554964</flickrid>
  </source>
  <owner>
    <flickrid>marigoldy</flickrid>
    <name>?</name>
  </owner>
  <size>
    <width>369</width>
    <height>500</height>
    <depth>3</depth>
  </size>
  <segmented>0</segmented>
  <object>
    <name>diningtable</name>
    <pose>Unspecified</pose>
    <truncated>1</truncated>
    <difficult>0</difficult>
    <bndbox>
      <xmin>1</xmin>
      <ymin>378</ymin>
      <xmax>327</xmax>
      <ymax>500</ymax>
    </bndbox>
  </object>
  <object>
    <name>person</name>
    <pose>Unspecified</pose>
    <truncated>1</truncated>
    <difficult>0</difficult>
    <bndbox>
      <xmin>104</xmin>
      <ymin>196</ymin>
      <xmax>305</xmax>
      <ymax>454</ymax>
    </bndbox>
    <part>
      <name>head</name>
      <bndbox>
        <xmin>183.0403</xmin>
        <ymin>197.8684</ymin>
        <xmax>239.0314</xmax>
        <ymax>296.9726</ymax>
      </bndbox>
    </part>
    <part>
      <name>hand</name>
      <bndbox>
        <xmin>216.075</xmin>
        <ymin>420.7128</ymin>
        <xmax>249.1097</xmax>
        <ymax>447.5885</ymax>
      </bndbox>
    </part>
    <part>
      <name>hand</name>
      <bndbox>
        <xmin>105.7727</xmin>
        <ymin>391.5974</ymin>
        <xmax>132.0885</xmax>
        <ymax>422.9524</ymax>
      </bndbox>
    </part>
  </object>
  <object>
    <name>chair</name>
    <pose>Unspecified</pose>
    <truncated>1</truncated>
    <difficult>0</difficult>
    <bndbox>
      <xmin>269</xmin>
      <ymin>318</ymin>
      <xmax>354</xmax>
      <ymax>500</ymax>
    </bndbox>
  </object>
  <object>
    <name>cow</name>
    <pose>Unspecified</pose>
    <truncated>0</truncated>
    <difficult>0</difficult>
    <bndbox>
      <xmin>178</xmin>
      <ymin>24</ymin>
      <xmax>325</xmax>
      <ymax>106</ymax>
    </bndbox>
  </object>
</annotation>
