<annotation>
	<folder>VOC2007</folder>
	<filename>008345.jpg</filename>
	<source>
		<database>The VOC2007 Database</database>
		<annotation>PASCAL VOC2007</annotation>
		<image>flickr</image>
		<flickrid>324480110</flickrid>
	</source>
	<owner>
		<flickrid>Cliff Michaels</flickrid>
		<name>Cliff Michaels</name>
	</owner>
	<size>
		<width>500</width>
		<height>438</height>
		<depth>3</depth>
	</size>
	<segmented>0</segmented>
	<object>
		<name>cow</name>
		<pose>Frontal</pose>
		<truncated>0</truncated>
		<difficult>0</difficult>
		<bndbox>
			<xmin>199</xmin>
			<ymin>165</ymin>
			<xmax>257</xmax>
			<ymax>254</ymax>
		</bndbox>
	</object>
	<object>
		<name>cow</name>
		<pose>Frontal</pose>
		<truncated>0</truncated>
		<difficult>0</difficult>
		<bndbox>
			<xmin>328</xmin>
			<ymin>174</ymin>
			<xmax>412</xmax>
			<ymax>278</ymax>
		</bndbox>
	</object>
	<object>
		<name>cow</name>
		<pose>Unspecified</pose>
		<truncated>0</truncated>
		<difficult>0</difficult>
		<bndbox>
			<xmin>369</xmin>
			<ymin>147</ymin>
			<xmax>446</xmax>
			<ymax>232</ymax>
		</bndbox>
	</object>
</annotation>
