<annotation>
	<folder>VOC2007</folder>
	<filename>008467.jpg</filename>
	<source>
		<database>The VOC2007 Database</database>
		<annotation>PASCAL VOC2007</annotation>
		<image>flickr</image>
		<flickrid>331610031</flickrid>
	</source>
	<owner>
		<flickrid>misocrazy</flickrid>
		<name>Miss O'Crazy</name>
	</owner>
	<size>
		<width>375</width>
		<height>500</height>
		<depth>3</depth>
	</size>
	<segmented>0</segmented>
	<object>
		<name>dog</name>
		<pose>Frontal</pose>
		<truncated>0</truncated>
		<difficult>0</difficult>
		<bndbox>
			<xmin>68</xmin>
			<ymin>153</ymin>
			<xmax>251</xmax>
			<ymax>433</ymax>
		</bndbox>
	</object>
	<object>
		<name>person</name>
		<pose>Left</pose>
		<truncated>1</truncated>
		<difficult>0</difficult>
		<bndbox>
			<xmin>179</xmin>
			<ymin>12</ymin>
			<xmax>375</xmax>
			<ymax>486</ymax>
		</bndbox>
		<part>
			<name>head</name>
			<bndbox>
				<xmin>276.7458</xmin>
				<ymin>11.9782</ymin>
				<xmax>340.5756</xmax>
				<ymax>97.6445</ymax>
			</bndbox>
		</part>
		<part>
			<name>hand</name>
			<bndbox>
				<xmin>217.9552</xmin>
				<ymin>160.3544</ymin>
				<xmax>244.8309</xmax>
				<ymax>185.5504</ymax>
			</bndbox>
		</part>
		<part>
			<name>hand</name>
			<bndbox>
				<xmin>168.6831</xmin>
				<ymin>206.827</ymin>
				<xmax>219.6349</xmax>
				<ymax>230.9031</ymax>
			</bndbox>
		</part>
	</object>
	<object>
		<name>person</name>
		<pose>Unspecified</pose>
		<truncated>1</truncated>
		<difficult>0</difficult>
		<bndbox>
			<xmin>1</xmin>
			<ymin>109</ymin>
			<xmax>155</xmax>
			<ymax>277</ymax>
		</bndbox>
		<part>
			<name>head</name>
			<bndbox>
				<xmin>100.9339</xmin>
				<ymin>110.5224</ymin>
				<xmax>148.5263</xmax>
				<ymax>163.154</ymax>
			</bndbox>
		</part>
		<part>
			<name>hand</name>
			<bndbox>
				<xmin>39.9037</xmin>
				<ymin>249.9401</ymin>
				<xmax>72.9384</xmax>
				<ymax>277.9356</ymax>
			</bndbox>
		</part>
	</object>
	<object>
		<name>bottle</name>
		<pose>Unspecified</pose>
		<truncated>1</truncated>
		<difficult>1</difficult>
		<bndbox>
			<xmin>245</xmin>
			<ymin>61</ymin>
			<xmax>255</xmax>
			<ymax>96</ymax>
		</bndbox>
	</object>
	<object>
		<name>bottle</name>
		<pose>Unspecified</pose>
		<truncated>1</truncated>
		<difficult>1</difficult>
		<bndbox>
			<xmin>172</xmin>
			<ymin>60</ymin>
			<xmax>179</xmax>
			<ymax>95</ymax>
		</bndbox>
	</object>
	<object>
		<name>bottle</name>
		<pose>Unspecified</pose>
		<truncated>1</truncated>
		<difficult>1</difficult>
		<bndbox>
			<xmin>149</xmin>
			<ymin>58</ymin>
			<xmax>163</xmax>
			<ymax>92</ymax>
		</bndbox>
	</object>
	<object>
		<name>bottle</name>
		<pose>Unspecified</pose>
		<truncated>1</truncated>
		<difficult>1</difficult>
		<bndbox>
			<xmin>123</xmin>
			<ymin>61</ymin>
			<xmax>128</xmax>
			<ymax>91</ymax>
		</bndbox>
	</object>
	<object>
		<name>bottle</name>
		<pose>Unspecified</pose>
		<truncated>1</truncated>
		<difficult>1</difficult>
		<bndbox>
			<xmin>110</xmin>
			<ymin>60</ymin>
			<xmax>117</xmax>
			<ymax>92</ymax>
		</bndbox>
	</object>
	<object>
		<name>bottle</name>
		<pose>Unspecified</pose>
		<truncated>1</truncated>
		<difficult>1</difficult>
		<bndbox>
			<xmin>88</xmin>
			<ymin>60</ymin>
			<xmax>97</xmax>
			<ymax>90</ymax>
		</bndbox>
	</object>
</annotation>
