<annotation>
  <folder>VOC2007</folder>
  <filename>008542.jpg</filename>
  <source>
    <database>The VOC2007 Database</database>
    <annotation>PASCAL VOC2007</annotation>
    <image>flickr</image>
    <flickrid>338544786</flickrid>
  </source>
  <owner>
    <flickrid>embem30</flickrid>
    <name>Emily</name>
  </owner>
  <size>
    <width>371</width>
    <height>500</height>
    <depth>3</depth>
  </size>
  <segmented>0</segmented>
  <object>
    <name>cat</name>
    <pose>Unspecified</pose>
    <truncated>1</truncated>
    <difficult>0</difficult>
    <bndbox>
      <xmin>73</xmin>
      <ymin>151</ymin>
      <xmax>289</xmax>
      <ymax>349</ymax>
    </bndbox>
  </object>
  <object>
    <name>chair</name>
    <pose>Unspecified</pose>
    <truncated>1</truncated>
    <difficult>0</difficult>
    <bndbox>
      <xmin>82</xmin>
      <ymin>1</ymin>
      <xmax>310</xmax>
      <ymax>189</ymax>
    </bndbox>
  </object>
  <object>
    <name>cow</name>
    <pose>Unspecified</pose>
    <truncated>0</truncated>
    <difficult>0</difficult>
    <bndbox>
      <xmin>224</xmin>
      <ymin>104</ymin>
      <xmax>371</xmax>
      <ymax>186</ymax>
    </bndbox>
  </object>
</annotation>
