<annotation>
  <folder>VOC2007</folder>
  <filename>008607.jpg</filename>
  <source>
    <database>The VOC2007 Database</database>
    <annotation>PASCAL VOC2007</annotation>
    <image>flickr</image>
    <flickrid>316571508</flickrid>
  </source>
  <owner>
    <flickrid>Magerit</flickrid>
    <name>Joaquin</name>
  </owner>
  <size>
    <width>500</width>
    <height>375</height>
    <depth>3</depth>
  </size>
  <segmented>0</segmented>
  <object>
    <name>cow</name>
    <pose>Right</pose>
    <truncated>0</truncated>
    <difficult>0</difficult>
    <bndbox>
      <xmin>5</xmin>
      <ymin>103</ymin>
      <xmax>307</xmax>
      <ymax>315</ymax>
    </bndbox>
  </object>
  <object>
    <name>cow</name>
    <pose>Unspecified</pose>
    <truncated>0</truncated>
    <difficult>0</difficult>
    <bndbox>
      <xmin>195</xmin>
      <ymin>107</ymin>
      <xmax>440</xmax>
      <ymax>340</ymax>
    </bndbox>
  </object>
  <object>
    <name>cow</name>
    <pose>Unspecified</pose>
    <truncated>0</truncated>
    <difficult>0</difficult>
    <bndbox>
      <xmin>3</xmin>
      <ymin>239</ymin>
      <xmax>150</xmax>
      <ymax>321</ymax>
    </bndbox>
  </object>
</annotation>
