<annotation>
  <folder>VOC2007</folder>
  <filename>008615.jpg</filename>
  <source>
    <database>The VOC2007 Database</database>
    <annotation>PASCAL VOC2007</annotation>
    <image>flickr</image>
    <flickrid>332343393</flickrid>
  </source>
  <owner>
    <flickrid>Chica-Gringa</flickrid>
    <name>Kati Debelic</name>
  </owner>
  <size>
    <width>500</width>
    <height>375</height>
    <depth>3</depth>
  </size>
  <segmented>0</segmented>
  <object>
    <name>cow</name>
    <pose>Unspecified</pose>
    <truncated>1</truncated>
    <difficult>0</difficult>
    <bndbox>
      <xmin>50</xmin>
      <ymin>170</ymin>
      <xmax>118</xmax>
      <ymax>209</ymax>
    </bndbox>
  </object>
  <object>
    <name>cow</name>
    <pose>Unspecified</pose>
    <truncated>0</truncated>
    <difficult>0</difficult>
    <bndbox>
      <xmin>71</xmin>
      <ymin>54</ymin>
      <xmax>218</xmax>
      <ymax>136</ymax>
    </bndbox>
  </object>
</annotation>
