<annotation>
  <folder>VOC2007</folder>
  <filename>008608.jpg</filename>
  <source>
    <database>The VOC2007 Database</database>
    <annotation>PASCAL VOC2007</annotation>
    <image>flickr</image>
    <flickrid>330152310</flickrid>
  </source>
  <owner>
    <flickrid>18 till I die.</flickrid>
    <name>? ??</name>
  </owner>
  <size>
    <width>500</width>
    <height>333</height>
    <depth>3</depth>
  </size>
  <segmented>0</segmented>
  <object>
    <name>diningtable</name>
    <pose>Unspecified</pose>
    <truncated>1</truncated>
    <difficult>0</difficult>
    <bndbox>
      <xmin>3</xmin>
      <ymin>2</ymin>
      <xmax>498</xmax>
      <ymax>330</ymax>
    </bndbox>
  </object>
  <object>
    <name>cow</name>
    <pose>Unspecified</pose>
    <truncated>0</truncated>
    <difficult>0</difficult>
    <bndbox>
      <xmin>281</xmin>
      <ymin>113</ymin>
      <xmax>428</xmax>
      <ymax>195</ymax>
    </bndbox>
  </object>
</annotation>
