<annotation>
	<folder>VOC2007</folder>
	<filename>008722.jpg</filename>
	<source>
		<database>The VOC2007 Database</database>
		<annotation>PASCAL VOC2007</annotation>
		<image>flickr</image>
		<flickrid>324246756</flickrid>
	</source>
	<owner>
		<flickrid>Timothy State</flickrid>
		<name>Timothy State</name>
	</owner>
	<size>
		<width>500</width>
		<height>332</height>
		<depth>3</depth>
	</size>
	<segmented>1</segmented>
	<object>
		<name>cow</name>
		<pose>Rear</pose>
		<truncated>0</truncated>
		<difficult>0</difficult>
		<bndbox>
			<xmin>302</xmin>
			<ymin>206</ymin>
			<xmax>393</xmax>
			<ymax>292</ymax>
		</bndbox>
	</object>
</annotation>
