<annotation>
	<folder>VOC2007</folder>
	<filename>008706.jpg</filename>
	<source>
		<database>The VOC2007 Database</database>
		<annotation>PASCAL VOC2007</annotation>
		<image>flickr</image>
		<flickrid>332302852</flickrid>
	</source>
	<owner>
		<flickrid>dianadamschroder</flickrid>
		<name>?</name>
	</owner>
	<size>
		<width>500</width>
		<height>333</height>
		<depth>3</depth>
	</size>
	<segmented>0</segmented>
	<object>
		<name>cow</name>
		<pose>Frontal</pose>
		<truncated>1</truncated>
		<difficult>0</difficult>
		<bndbox>
			<xmin>224</xmin>
			<ymin>162</ymin>
			<xmax>284</xmax>
			<ymax>258</ymax>
		</bndbox>
	</object>
	<object>
		<name>cow</name>
		<pose>Frontal</pose>
		<truncated>1</truncated>
		<difficult>0</difficult>
		<bndbox>
			<xmin>270</xmin>
			<ymin>171</ymin>
			<xmax>309</xmax>
			<ymax>243</ymax>
		</bndbox>
	</object>
	<object>
		<name>cow</name>
		<pose>Unspecified</pose>
		<truncated>1</truncated>
		<difficult>0</difficult>
		<bndbox>
			<xmin>290</xmin>
			<ymin>164</ymin>
			<xmax>333</xmax>
			<ymax>237</ymax>
		</bndbox>
	</object>
	<object>
		<name>cow</name>
		<pose>Frontal</pose>
		<truncated>1</truncated>
		<difficult>0</difficult>
		<bndbox>
			<xmin>316</xmin>
			<ymin>163</ymin>
			<xmax>348</xmax>
			<ymax>237</ymax>
		</bndbox>
	</object>
	<object>
		<name>cow</name>
		<pose>Frontal</pose>
		<truncated>1</truncated>
		<difficult>0</difficult>
		<bndbox>
			<xmin>179</xmin>
			<ymin>164</ymin>
			<xmax>224</xmax>
			<ymax>247</ymax>
		</bndbox>
	</object>
	<object>
		<name>cow</name>
		<pose>Unspecified</pose>
		<truncated>1</truncated>
		<difficult>1</difficult>
		<bndbox>
			<xmin>103</xmin>
			<ymin>158</ymin>
			<xmax>129</xmax>
			<ymax>191</ymax>
		</bndbox>
	</object>
	<object>
		<name>cow</name>
		<pose>Unspecified</pose>
		<truncated>1</truncated>
		<difficult>1</difficult>
		<bndbox>
			<xmin>130</xmin>
			<ymin>163</ymin>
			<xmax>168</xmax>
			<ymax>189</ymax>
		</bndbox>
	</object>
	<object>
		<name>cow</name>
		<pose>Unspecified</pose>
		<truncated>0</truncated>
		<difficult>1</difficult>
		<bndbox>
			<xmin>68</xmin>
			<ymin>162</ymin>
			<xmax>103</xmax>
			<ymax>232</ymax>
		</bndbox>
	</object>
	<object>
		<name>cow</name>
		<pose>Unspecified</pose>
		<truncated>1</truncated>
		<difficult>1</difficult>
		<bndbox>
			<xmin>112</xmin>
			<ymin>175</ymin>
			<xmax>154</xmax>
			<ymax>252</ymax>
		</bndbox>
	</object>
	<object>
		<name>cow</name>
		<pose>Frontal</pose>
		<truncated>0</truncated>
		<difficult>0</difficult>
		<bndbox>
			<xmin>142</xmin>
			<ymin>188</ymin>
			<xmax>188</xmax>
			<ymax>273</ymax>
		</bndbox>
	</object>
	<object>
		<name>car</name>
		<pose>Frontal</pose>
		<truncated>1</truncated>
		<difficult>0</difficult>
		<bndbox>
			<xmin>31</xmin>
			<ymin>139</ymin>
			<xmax>73</xmax>
			<ymax>181</ymax>
		</bndbox>
	</object>
	<object>
		<name>car</name>
		<pose>Frontal</pose>
		<truncated>1</truncated>
		<difficult>0</difficult>
		<bndbox>
			<xmin>1</xmin>
			<ymin>136</ymin>
			<xmax>34</xmax>
			<ymax>172</ymax>
		</bndbox>
	</object>
	<object>
		<name>person</name>
		<pose>Unspecified</pose>
		<truncated>1</truncated>
		<difficult>1</difficult>
		<bndbox>
			<xmin>108</xmin>
			<ymin>146</ymin>
			<xmax>124</xmax>
			<ymax>156</ymax>
		</bndbox>
	</object>
</annotation>
