<annotation>
  <folder>VOC2007</folder>
  <filename>008982.jpg</filename>
  <source>
    <database>The VOC2007 Database</database>
    <annotation>PASCAL VOC2007</annotation>
    <image>flickr</image>
    <flickrid>309532586</flickrid>
  </source>
  <owner>
    <flickrid>raheel</flickrid>
    <name>Raheel Ahmad</name>
  </owner>
  <size>
    <width>500</width>
    <height>375</height>
    <depth>3</depth>
  </size>
  <segmented>0</segmented>
  <object>
    <name>tvmonitor</name>
    <pose>Frontal</pose>
    <truncated>0</truncated>
    <difficult>0</difficult>
    <bndbox>
      <xmin>256</xmin>
      <ymin>72</ymin>
      <xmax>426</xmax>
      <ymax>234</ymax>
    </bndbox>
  </object>
  <object>
    <name>bottle</name>
    <pose>Unspecified</pose>
    <truncated>0</truncated>
    <difficult>0</difficult>
    <bndbox>
      <xmin>429</xmin>
      <ymin>185</ymin>
      <xmax>488</xmax>
      <ymax>336</ymax>
    </bndbox>
  </object>
  <object>
    <name>cow</name>
    <pose>Unspecified</pose>
    <truncated>0</truncated>
    <difficult>0</difficult>
    <bndbox>
      <xmin>6</xmin>
      <ymin>241</ymin>
      <xmax>153</xmax>
      <ymax>323</ymax>
    </bndbox>
  </object>
</annotation>
