<annotation>
  <folder>VOC2007</folder>
  <filename>008927.jpg</filename>
  <source>
    <database>The VOC2007 Database</database>
    <annotation>PASCAL VOC2007</annotation>
    <image>flickr</image>
    <flickrid>325236622</flickrid>
  </source>
  <owner>
    <flickrid>Bernhard S</flickrid>
    <name>Bernhard Sedlmaier</name>
  </owner>
  <size>
    <width>500</width>
    <height>375</height>
    <depth>3</depth>
  </size>
  <segmented>1</segmented>
  <object>
    <name>cow</name>
    <pose>Unspecified</pose>
    <truncated>0</truncated>
    <difficult>0</difficult>
    <bndbox>
      <xmin>203</xmin>
      <ymin>238</ymin>
      <xmax>266</xmax>
      <ymax>317</ymax>
    </bndbox>
  </object>
  <object>
    <name>cow</name>
    <pose>Unspecified</pose>
    <truncated>0</truncated>
    <difficult>0</difficult>
    <bndbox>
      <xmin>56</xmin>
      <ymin>251</ymin>
      <xmax>203</xmax>
      <ymax>333</ymax>
    </bndbox>
  </object>
</annotation>
