<annotation>
  <folder>VOC2007</folder>
  <filename>009051.jpg</filename>
  <source>
    <database>The VOC2007 Database</database>
    <annotation>PASCAL VOC2007</annotation>
    <image>flickr</image>
    <flickrid>297040370</flickrid>
  </source>
  <owner>
    <flickrid>quixotience</flickrid>
    <name>Jim</name>
  </owner>
  <size>
    <width>500</width>
    <height>375</height>
    <depth>3</depth>
  </size>
  <segmented>0</segmented>
  <object>
    <name>tvmonitor</name>
    <pose>Frontal</pose>
    <truncated>1</truncated>
    <difficult>0</difficult>
    <bndbox>
      <xmin>1</xmin>
      <ymin>178</ymin>
      <xmax>28</xmax>
      <ymax>222</ymax>
    </bndbox>
  </object>
  <object>
    <name>sofa</name>
    <pose>Frontal</pose>
    <truncated>1</truncated>
    <difficult>0</difficult>
    <bndbox>
      <xmin>54</xmin>
      <ymin>198</ymin>
      <xmax>312</xmax>
      <ymax>307</ymax>
    </bndbox>
  </object>
  <object>
    <name>chair</name>
    <pose>Unspecified</pose>
    <truncated>0</truncated>
    <difficult>1</difficult>
    <bndbox>
      <xmin>141</xmin>
      <ymin>234</ymin>
      <xmax>243</xmax>
      <ymax>334</ymax>
    </bndbox>
  </object>
  <object>
    <name>chair</name>
    <pose>Unspecified</pose>
    <truncated>1</truncated>
    <difficult>1</difficult>
    <bndbox>
      <xmin>272</xmin>
      <ymin>226</ymin>
      <xmax>344</xmax>
      <ymax>295</ymax>
    </bndbox>
  </object>
  <object>
    <name>chair</name>
    <pose>Left</pose>
    <truncated>0</truncated>
    <difficult>0</difficult>
    <bndbox>
      <xmin>281</xmin>
      <ymin>255</ymin>
      <xmax>406</xmax>
      <ymax>368</ymax>
    </bndbox>
  </object>
  <object>
    <name>chair</name>
    <pose>Right</pose>
    <truncated>0</truncated>
    <difficult>0</difficult>
    <bndbox>
      <xmin>94</xmin>
      <ymin>260</ymin>
      <xmax>215</xmax>
      <ymax>375</ymax>
    </bndbox>
  </object>
  <object>
    <name>cow</name>
    <pose>Unspecified</pose>
    <truncated>0</truncated>
    <difficult>0</difficult>
    <bndbox>
      <xmin>351</xmin>
      <ymin>113</ymin>
      <xmax>498</xmax>
      <ymax>195</ymax>
    </bndbox>
  </object>
</annotation>
