<annotation>
	<folder>VOC2007</folder>
	<filename>009087.jpg</filename>
	<source>
		<database>The VOC2007 Database</database>
		<annotation>PASCAL VOC2007</annotation>
		<image>flickr</image>
		<flickrid>338592679</flickrid>
	</source>
	<owner>
		<flickrid>ispeakspanglish</flickrid>
		<name>?</name>
	</owner>
	<size>
		<width>500</width>
		<height>375</height>
		<depth>3</depth>
	</size>
	<segmented>0</segmented>
	<object>
		<name>pottedplant</name>
		<pose>Unspecified</pose>
		<truncated>1</truncated>
		<difficult>0</difficult>
		<bndbox>
			<xmin>16</xmin>
			<ymin>172</ymin>
			<xmax>93</xmax>
			<ymax>226</ymax>
		</bndbox>
	</object>
	<object>
		<name>pottedplant</name>
		<pose>Unspecified</pose>
		<truncated>1</truncated>
		<difficult>0</difficult>
		<bndbox>
			<xmin>25</xmin>
			<ymin>229</ymin>
			<xmax>89</xmax>
			<ymax>279</ymax>
		</bndbox>
	</object>
	<object>
		<name>pottedplant</name>
		<pose>Unspecified</pose>
		<truncated>1</truncated>
		<difficult>0</difficult>
		<bndbox>
			<xmin>5</xmin>
			<ymin>274</ymin>
			<xmax>106</xmax>
			<ymax>374</ymax>
		</bndbox>
	</object>
	<object>
		<name>person</name>
		<pose>Frontal</pose>
		<truncated>1</truncated>
		<difficult>0</difficult>
		<bndbox>
			<xmin>221</xmin>
			<ymin>117</ymin>
			<xmax>336</xmax>
			<ymax>375</ymax>
		</bndbox>
		<part>
			<name>head</name>
			<bndbox>
				<xmin>259.1086</xmin>
				<ymin>117.8712</ymin>
				<xmax>304.0414</xmax>
				<ymax>176.2419</ymax>
			</bndbox>
		</part>
		<part>
			<name>hand</name>
			<bndbox>
				<xmin>264.9877</xmin>
				<ymin>232.0929</ymin>
				<xmax>276.3259</xmax>
				<ymax>249.3102</ymax>
			</bndbox>
		</part>
		<part>
			<name>hand</name>
			<bndbox>
				<xmin>275.9059</xmin>
				<ymin>228.3135</ymin>
				<xmax>301.9418</xmax>
				<ymax>252.2497</ymax>
			</bndbox>
		</part>
	</object>
	<object>
		<name>person</name>
		<pose>Frontal</pose>
		<truncated>1</truncated>
		<difficult>0</difficult>
		<bndbox>
			<xmin>220</xmin>
			<ymin>123</ymin>
			<xmax>269</xmax>
			<ymax>199</ymax>
		</bndbox>
		<part>
			<name>head</name>
			<bndbox>
				<xmin>219.6349</xmin>
				<ymin>119.131</ymin>
				<xmax>262.4681</xmax>
				<ymax>187.1601</ymax>
			</bndbox>
		</part>
		<part>
			<name>hand</name>
			<bndbox>
				<xmin>137.748</xmin>
				<ymin>197.6585</ymin>
				<xmax>158.7447</xmax>
				<ymax>222.8544</ymax>
			</bndbox>
		</part>
		<part>
			<name>hand</name>
			<bndbox>
				<xmin>306.1411</xmin>
				<ymin>198.4983</ymin>
				<xmax>335.1165</xmax>
				<ymax>222.4345</ymax>
			</bndbox>
		</part>
	</object>
	<object>
		<name>person</name>
		<pose>Frontal</pose>
		<truncated>1</truncated>
		<difficult>0</difficult>
		<bndbox>
			<xmin>119</xmin>
			<ymin>141</ymin>
			<xmax>232</xmax>
			<ymax>375</ymax>
		</bndbox>
		<part>
			<name>head</name>
			<bndbox>
				<xmin>185.2004</xmin>
				<ymin>140.1277</ymin>
				<xmax>227.6137</xmax>
				<ymax>198.4983</ymax>
			</bndbox>
		</part>
		<part>
			<name>hand</name>
			<bndbox>
				<xmin>153.2856</xmin>
				<ymin>300.1221</ymin>
				<xmax>178.0616</xmax>
				<ymax>325.318</ymax>
			</bndbox>
		</part>
		<part>
			<name>hand</name>
			<bndbox>
				<xmin>158.3247</xmin>
				<ymin>324.8981</ymin>
				<xmax>170.5028</xmax>
				<ymax>338.7559</ymax>
			</bndbox>
		</part>
	</object>
	<object>
		<name>cat</name>
		<pose>Unspecified</pose>
		<truncated>0</truncated>
		<difficult>0</difficult>
		<bndbox>
			<xmin>256</xmin>
			<ymin>199</ymin>
			<xmax>344</xmax>
			<ymax>351</ymax>
		</bndbox>
	</object>
	<object>
		<name>chair</name>
		<pose>Unspecified</pose>
		<truncated>1</truncated>
		<difficult>1</difficult>
		<bndbox>
			<xmin>428</xmin>
			<ymin>301</ymin>
			<xmax>500</xmax>
			<ymax>375</ymax>
		</bndbox>
	</object>
</annotation>
