<annotation>
	<folder>VOC2007</folder>
	<filename>009027.jpg</filename>
	<source>
		<database>The VOC2007 Database</database>
		<annotation>PASCAL VOC2007</annotation>
		<image>flickr</image>
		<flickrid>337350161</flickrid>
	</source>
	<owner>
		<flickrid>skagirlie</flickrid>
		<name>Maire K</name>
	</owner>
	<size>
		<width>500</width>
		<height>375</height>
		<depth>3</depth>
	</size>
	<segmented>0</segmented>
	<object>
		<name>bottle</name>
		<pose>Unspecified</pose>
		<truncated>1</truncated>
		<difficult>0</difficult>
		<bndbox>
			<xmin>181</xmin>
			<ymin>76</ymin>
			<xmax>238</xmax>
			<ymax>183</ymax>
		</bndbox>
	</object>
</annotation>
