<annotation>
	<folder>VOC2007</folder>
	<filename>009100.jpg</filename>
	<source>
		<database>The VOC2007 Database</database>
		<annotation>PASCAL VOC2007</annotation>
		<image>flickr</image>
		<flickrid>333008558</flickrid>
	</source>
	<owner>
		<flickrid>orientdoll</flickrid>
		<name>?</name>
	</owner>
	<size>
		<width>500</width>
		<height>363</height>
		<depth>3</depth>
	</size>
	<segmented>0</segmented>
	<object>
		<name>bottle</name>
		<pose>Unspecified</pose>
		<truncated>0</truncated>
		<difficult>0</difficult>
		<bndbox>
			<xmin>253</xmin>
			<ymin>192</ymin>
			<xmax>399</xmax>
			<ymax>306</ymax>
		</bndbox>
	</object>
</annotation>
