<annotation>
  <folder>VOC2007</folder>
  <filename>009252.jpg</filename>
  <source>
    <database>The VOC2007 Database</database>
    <annotation>PASCAL VOC2007</annotation>
    <image>flickr</image>
    <flickrid>329550879</flickrid>
  </source>
  <owner>
    <flickrid>Jason Abbott</flickrid>
    <name>Jason Abbott</name>
  </owner>
  <size>
    <width>500</width>
    <height>369</height>
    <depth>3</depth>
  </size>
  <segmented>1</segmented>
  <object>
    <name>sofa</name>
    <pose>Frontal</pose>
    <truncated>1</truncated>
    <difficult>0</difficult>
    <bndbox>
      <xmin>40</xmin>
      <ymin>200</ymin>
      <xmax>500</xmax>
      <ymax>369</ymax>
    </bndbox>
  </object>
  <object>
    <name>pottedplant</name>
    <pose>Unspecified</pose>
    <truncated>0</truncated>
    <difficult>0</difficult>
    <bndbox>
      <xmin>325</xmin>
      <ymin>29</ymin>
      <xmax>423</xmax>
      <ymax>155</ymax>
    </bndbox>
  </object>
  <object>
    <name>chair</name>
    <pose>Unspecified</pose>
    <truncated>1</truncated>
    <difficult>1</difficult>
    <bndbox>
      <xmin>235</xmin>
      <ymin>150</ymin>
      <xmax>256</xmax>
      <ymax>214</ymax>
    </bndbox>
  </object>
  <object>
    <name>chair</name>
    <pose>Unspecified</pose>
    <truncated>1</truncated>
    <difficult>1</difficult>
    <bndbox>
      <xmin>154</xmin>
      <ymin>154</ymin>
      <xmax>221</xmax>
      <ymax>220</ymax>
    </bndbox>
  </object>
  <object>
    <name>cow</name>
    <pose>Unspecified</pose>
    <truncated>0</truncated>
    <difficult>0</difficult>
    <bndbox>
      <xmin>348</xmin>
      <ymin>48</ymin>
      <xmax>495</xmax>
      <ymax>130</ymax>
    </bndbox>
  </object>
</annotation>
