<annotation>
  <folder>VOC2007</folder>
  <filename>009308.jpg</filename>
  <source>
    <database>The VOC2007 Database</database>
    <annotation>PASCAL VOC2007</annotation>
    <image>flickr</image>
    <flickrid>339996068</flickrid>
  </source>
  <owner>
    <flickrid>the big bambooly</flickrid>
    <name>Alex Bamford</name>
  </owner>
  <size>
    <width>500</width>
    <height>331</height>
    <depth>3</depth>
  </size>
  <segmented>0</segmented>
  <object>
    <name>cow</name>
    <pose>Unspecified</pose>
    <truncated>1</truncated>
    <difficult>0</difficult>
    <bndbox>
      <xmin>1</xmin>
      <ymin>1</ymin>
      <xmax>500</xmax>
      <ymax>286</ymax>
    </bndbox>
  </object>
  <object>
    <name>person</name>
    <pose>Unspecified</pose>
    <truncated>1</truncated>
    <difficult>1</difficult>
    <bndbox>
      <xmin>23</xmin>
      <ymin>1</ymin>
      <xmax>312</xmax>
      <ymax>298</ymax>
    </bndbox>
  </object>
  <object>
    <name>cow</name>
    <pose>Unspecified</pose>
    <truncated>0</truncated>
    <difficult>0</difficult>
    <bndbox>
      <xmin>254</xmin>
      <ymin>92</ymin>
      <xmax>401</xmax>
      <ymax>174</ymax>
    </bndbox>
  </object>
</annotation>
