<annotation>
  <folder>VOC2007</folder>
  <filename>009429.jpg</filename>
  <source>
    <database>The VOC2007 Database</database>
    <annotation>PASCAL VOC2007</annotation>
    <image>flickr</image>
    <flickrid>337379548</flickrid>
  </source>
  <owner>
    <flickrid>javizz</flickrid>
    <name>?</name>
  </owner>
  <size>
    <width>500</width>
    <height>346</height>
    <depth>3</depth>
  </size>
  <segmented>0</segmented>
  <object>
    <name>cow</name>
    <pose>Left</pose>
    <truncated>0</truncated>
    <difficult>0</difficult>
    <bndbox>
      <xmin>205</xmin>
      <ymin>197</ymin>
      <xmax>316</xmax>
      <ymax>240</ymax>
    </bndbox>
  </object>
  <object>
    <name>cow</name>
    <pose>Unspecified</pose>
    <truncated>0</truncated>
    <difficult>0</difficult>
    <bndbox>
      <xmin>220</xmin>
      <ymin>67</ymin>
      <xmax>367</xmax>
      <ymax>149</ymax>
    </bndbox>
  </object>
</annotation>
