<annotation>
	<folder>VOC2007</folder>
	<filename>009586.jpg</filename>
	<source>
		<database>The VOC2007 Database</database>
		<annotation>PASCAL VOC2007</annotation>
		<image>flickr</image>
		<flickrid>338753622</flickrid>
	</source>
	<owner>
		<flickrid>adm_ashura</flickrid>
		<name>Andre D'Macedo</name>
	</owner>
	<size>
		<width>375</width>
		<height>500</height>
		<depth>3</depth>
	</size>
	<segmented>0</segmented>
	<object>
		<name>cow</name>
		<pose>Left</pose>
		<truncated>0</truncated>
		<difficult>0</difficult>
		<bndbox>
			<xmin>170</xmin>
			<ymin>355</ymin>
			<xmax>205</xmax>
			<ymax>390</ymax>
		</bndbox>
	</object>
</annotation>
