<annotation>
	<folder>VOC2007</folder>
	<filename>009520.jpg</filename>
	<source>
		<database>The VOC2007 Database</database>
		<annotation>PASCAL VOC2007</annotation>
		<image>flickr</image>
		<flickrid>299605102</flickrid>
	</source>
	<owner>
		<flickrid>jmjrdc</flickrid>
		<name>John</name>
	</owner>
	<size>
		<width>500</width>
		<height>359</height>
		<depth>3</depth>
	</size>
	<segmented>0</segmented>
	<object>
		<name>chair</name>
		<pose>Frontal</pose>
		<truncated>1</truncated>
		<difficult>0</difficult>
		<bndbox>
			<xmin>458</xmin>
			<ymin>155</ymin>
			<xmax>500</xmax>
			<ymax>308</ymax>
		</bndbox>
	</object>
	<object>
		<name>chair</name>
		<pose>Unspecified</pose>
		<truncated>1</truncated>
		<difficult>1</difficult>
		<bndbox>
			<xmin>281</xmin>
			<ymin>237</ymin>
			<xmax>386</xmax>
			<ymax>329</ymax>
		</bndbox>
	</object>
	<object>
		<name>chair</name>
		<pose>Unspecified</pose>
		<truncated>1</truncated>
		<difficult>1</difficult>
		<bndbox>
			<xmin>136</xmin>
			<ymin>173</ymin>
			<xmax>179</xmax>
			<ymax>313</ymax>
		</bndbox>
	</object>
	<object>
		<name>chair</name>
		<pose>Unspecified</pose>
		<truncated>1</truncated>
		<difficult>1</difficult>
		<bndbox>
			<xmin>3</xmin>
			<ymin>201</ymin>
			<xmax>112</xmax>
			<ymax>256</ymax>
		</bndbox>
	</object>
	<object>
		<name>person</name>
		<pose>Unspecified</pose>
		<truncated>0</truncated>
		<difficult>0</difficult>
		<bndbox>
			<xmin>270</xmin>
			<ymin>75</ymin>
			<xmax>496</xmax>
			<ymax>359</ymax>
		</bndbox>
		<part>
			<name>head</name>
			<bndbox>
				<xmin>299.0887</xmin>
				<ymin>74.7581</ymin>
				<xmax>341.4274</xmax>
				<ymax>130.8065</ymax>
			</bndbox>
		</part>
		<part>
			<name>hand</name>
			<bndbox>
				<xmin>346.6694</xmin>
				<ymin>182.0161</ymin>
				<xmax>372.0726</xmax>
				<ymax>208.2258</ymax>
			</bndbox>
		</part>
		<part>
			<name>hand</name>
			<bndbox>
				<xmin>364.8145</xmin>
				<ymin>189.2742</ymin>
				<xmax>389.0081</xmax>
				<ymax>206.6129</ymax>
			</bndbox>
		</part>
		<part>
			<name>foot</name>
			<bndbox>
				<xmin>374.0887</xmin>
				<ymin>323.1452</ymin>
				<xmax>408.3629</xmax>
				<ymax>359</ymax>
			</bndbox>
		</part>
		<part>
			<name>foot</name>
			<bndbox>
				<xmin>425.2984</xmin>
				<ymin>294.5161</ymin>
				<xmax>495.4597</xmax>
				<ymax>336.8548</ymax>
			</bndbox>
		</part>
	</object>
	<object>
		<name>person</name>
		<pose>Unspecified</pose>
		<truncated>0</truncated>
		<difficult>0</difficult>
		<bndbox>
			<xmin>128</xmin>
			<ymin>72</ymin>
			<xmax>312</xmax>
			<ymax>359</ymax>
		</bndbox>
		<part>
			<name>head</name>
			<bndbox>
				<xmin>158.3629</xmin>
				<ymin>71.5323</ymin>
				<xmax>199.0887</xmax>
				<ymax>125.1613</ymax>
			</bndbox>
		</part>
		<part>
			<name>hand</name>
			<bndbox>
				<xmin>186.1855</xmin>
				<ymin>104.1935</ymin>
				<xmax>209.9758</xmax>
				<ymax>131.2097</ymax>
			</bndbox>
		</part>
		<part>
			<name>hand</name>
			<bndbox>
				<xmin>207.1532</xmin>
				<ymin>187.6613</ymin>
				<xmax>230.9435</xmax>
				<ymax>209.4355</ymax>
			</bndbox>
		</part>
		<part>
			<name>foot</name>
			<bndbox>
				<xmin>242.6371</xmin>
				<ymin>327.9839</ymin>
				<xmax>311.5887</xmax>
				<ymax>359</ymax>
			</bndbox>
		</part>
	</object>
	<object>
		<name>person</name>
		<pose>Unspecified</pose>
		<truncated>0</truncated>
		<difficult>0</difficult>
		<bndbox>
			<xmin>2</xmin>
			<ymin>77</ymin>
			<xmax>150</xmax>
			<ymax>307</ymax>
		</bndbox>
		<part>
			<name>head</name>
			<bndbox>
				<xmin>26.5081</xmin>
				<ymin>75.5645</ymin>
				<xmax>65.621</xmax>
				<ymax>127.9839</ymax>
			</bndbox>
		</part>
		<part>
			<name>hand</name>
			<bndbox>
				<xmin>74.8952</xmin>
				<ymin>178.7903</ymin>
				<xmax>95.4597</xmax>
				<ymax>195.7258</ymax>
			</bndbox>
		</part>
		<part>
			<name>hand</name>
			<bndbox>
				<xmin>46.6694</xmin>
				<ymin>183.2258</ymin>
				<xmax>70.4597</xmax>
				<ymax>202.1774</ymax>
			</bndbox>
		</part>
		<part>
			<name>foot</name>
			<bndbox>
				<xmin>22.0726</xmin>
				<ymin>273.1452</ymin>
				<xmax>55.9435</xmax>
				<ymax>306.6129</ymax>
			</bndbox>
		</part>
		<part>
			<name>foot</name>
			<bndbox>
				<xmin>115.2177</xmin>
				<ymin>240.8871</ymin>
				<xmax>149.8952</xmax>
				<ymax>268.3065</ymax>
			</bndbox>
		</part>
	</object>
</annotation>
