<annotation>
  <folder>VOC2007</folder>
  <filename>009647.jpg</filename>
  <source>
    <database>The VOC2007 Database</database>
    <annotation>PASCAL VOC2007</annotation>
    <image>flickr</image>
    <flickrid>331369767</flickrid>
  </source>
  <owner>
    <flickrid>aerocha</flickrid>
    <name>Tony Rocha</name>
  </owner>
  <size>
    <width>500</width>
    <height>375</height>
    <depth>3</depth>
  </size>
  <segmented>0</segmented>
  <object>
    <name>bottle</name>
    <pose>Unspecified</pose>
    <truncated>0</truncated>
    <difficult>0</difficult>
    <bndbox>
      <xmin>367</xmin>
      <ymin>208</ymin>
      <xmax>389</xmax>
      <ymax>284</ymax>
    </bndbox>
  </object>
  <object>
    <name>bottle</name>
    <pose>Unspecified</pose>
    <truncated>0</truncated>
    <difficult>0</difficult>
    <bndbox>
      <xmin>398</xmin>
      <ymin>202</ymin>
      <xmax>422</xmax>
      <ymax>278</ymax>
    </bndbox>
  </object>
  <object>
    <name>bottle</name>
    <pose>Unspecified</pose>
    <truncated>1</truncated>
    <difficult>0</difficult>
    <bndbox>
      <xmin>328</xmin>
      <ymin>188</ymin>
      <xmax>348</xmax>
      <ymax>231</ymax>
    </bndbox>
  </object>
  <object>
    <name>bottle</name>
    <pose>Unspecified</pose>
    <truncated>0</truncated>
    <difficult>0</difficult>
    <bndbox>
      <xmin>228</xmin>
      <ymin>122</ymin>
      <xmax>249</xmax>
      <ymax>163</ymax>
    </bndbox>
  </object>
  <object>
    <name>person</name>
    <pose>Right</pose>
    <truncated>1</truncated>
    <difficult>0</difficult>
    <bndbox>
      <xmin>41</xmin>
      <ymin>138</ymin>
      <xmax>283</xmax>
      <ymax>375</ymax>
    </bndbox>
    <part>
      <name>head</name>
      <bndbox>
        <xmin>51.2392</xmin>
        <ymin>137.9328</ymin>
        <xmax>109.707</xmax>
        <ymax>215.2177</ymax>
      </bndbox>
    </part>
    <part>
      <name>hand</name>
      <bndbox>
        <xmin>100.9704</xmin>
        <ymin>185.6478</ymin>
        <xmax>127.8522</xmax>
        <ymax>206.4812</ymax>
      </bndbox>
    </part>
    <part>
      <name>hand</name>
      <bndbox>
        <xmin>186.9919</xmin>
        <ymin>238.0672</ymin>
        <xmax>221.9382</xmax>
        <ymax>272.3414</ymax>
      </bndbox>
    </part>
  </object>
  <object>
    <name>person</name>
    <pose>Unspecified</pose>
    <truncated>0</truncated>
    <difficult>0</difficult>
    <bndbox>
      <xmin>130</xmin>
      <ymin>123</ymin>
      <xmax>367</xmax>
      <ymax>266</ymax>
    </bndbox>
    <part>
      <name>head</name>
      <bndbox>
        <xmin>131.8844</xmin>
        <ymin>122.4758</ymin>
        <xmax>175.5672</xmax>
        <ymax>173.5511</ymax>
      </bndbox>
    </part>
    <part>
      <name>hand</name>
      <bndbox>
        <xmin>213.2016</xmin>
        <ymin>203.121</ymin>
        <xmax>232.6909</xmax>
        <ymax>219.922</ymax>
      </bndbox>
    </part>
    <part>
      <name>hand</name>
      <bndbox>
        <xmin>202.4489</xmin>
        <ymin>209.8414</ymin>
        <xmax>222.6102</xmax>
        <ymax>227.9866</ymax>
      </bndbox>
    </part>
  </object>
  <object>
    <name>person</name>
    <pose>Unspecified</pose>
    <truncated>0</truncated>
    <difficult>0</difficult>
    <bndbox>
      <xmin>213</xmin>
      <ymin>95</ymin>
      <xmax>404</xmax>
      <ymax>226</ymax>
    </bndbox>
    <part>
      <name>head</name>
      <bndbox>
        <xmin>232.6909</xmin>
        <ymin>99.6263</ymin>
        <xmax>261.5887</xmax>
        <ymax>133.9005</ymax>
      </bndbox>
    </part>
    <part>
      <name>hand</name>
      <bndbox>
        <xmin>227.3145</xmin>
        <ymin>137.9328</ymin>
        <xmax>242.0995</xmax>
        <ymax>154.7339</ymax>
      </bndbox>
    </part>
    <part>
      <name>foot</name>
      <bndbox>
        <xmin>381.2124</xmin>
        <ymin>182.2876</ymin>
        <xmax>400.0296</xmax>
        <ymax>221.9382</ymax>
      </bndbox>
    </part>
  </object>
  <object>
    <name>pottedplant</name>
    <pose>Unspecified</pose>
    <truncated>0</truncated>
    <difficult>0</difficult>
    <bndbox>
      <xmin>253</xmin>
      <ymin>11</ymin>
      <xmax>353</xmax>
      <ymax>188</ymax>
    </bndbox>
  </object>
  <object>
    <name>chair</name>
    <pose>Right</pose>
    <truncated>1</truncated>
    <difficult>0</difficult>
    <bndbox>
      <xmin>23</xmin>
      <ymin>229</ymin>
      <xmax>224</xmax>
      <ymax>374</ymax>
    </bndbox>
  </object>
  <object>
    <name>cow</name>
    <pose>Unspecified</pose>
    <truncated>0</truncated>
    <difficult>0</difficult>
    <bndbox>
      <xmin>230</xmin>
      <ymin>68</ymin>
      <xmax>377</xmax>
      <ymax>150</ymax>
    </bndbox>
  </object>
</annotation>
