<annotation>
  <folder>VOC2007</folder>
  <filename>009721.jpg</filename>
  <source>
    <database>The VOC2007 Database</database>
    <annotation>PASCAL VOC2007</annotation>
    <image>flickr</image>
    <flickrid>304942400</flickrid>
  </source>
  <owner>
    <flickrid>cut paste</flickrid>
    <name>genevieve</name>
  </owner>
  <size>
    <width>375</width>
    <height>500</height>
    <depth>3</depth>
  </size>
  <segmented>0</segmented>
  <object>
    <name>chair</name>
    <pose>Left</pose>
    <truncated>0</truncated>
    <difficult>0</difficult>
    <bndbox>
      <xmin>91</xmin>
      <ymin>174</ymin>
      <xmax>278</xmax>
      <ymax>424</ymax>
    </bndbox>
  </object>
  <object>
    <name>person</name>
    <pose>Unspecified</pose>
    <truncated>0</truncated>
    <difficult>0</difficult>
    <bndbox>
      <xmin>25</xmin>
      <ymin>150</ymin>
      <xmax>245</xmax>
      <ymax>474</ymax>
    </bndbox>
    <part>
      <name>head</name>
      <bndbox>
        <xmin>166.6207</xmin>
        <ymin>151.1897</ymin>
        <xmax>221.7931</xmax>
        <ymax>197.3966</ymax>
      </bndbox>
    </part>
    <part>
      <name>hand</name>
      <bndbox>
        <xmin>160.4138</xmin>
        <ymin>271.1897</ymin>
        <xmax>178.3448</xmax>
        <ymax>316.7069</ymax>
      </bndbox>
    </part>
    <part>
      <name>foot</name>
      <bndbox>
        <xmin>90.7586</xmin>
        <ymin>391.1897</ymin>
        <xmax>137.6552</xmax>
        <ymax>446.3621</ymax>
      </bndbox>
    </part>
    <part>
      <name>foot</name>
      <bndbox>
        <xmin>24.5517</xmin>
        <ymin>418.7759</ymin>
        <xmax>90.7586</xmax>
        <ymax>472.569</ymax>
      </bndbox>
    </part>
  </object>
  <object>
    <name>person</name>
    <pose>Unspecified</pose>
    <truncated>1</truncated>
    <difficult>0</difficult>
    <bndbox>
      <xmin>1</xmin>
      <ymin>72</ymin>
      <xmax>113</xmax>
      <ymax>399</ymax>
    </bndbox>
    <part>
      <name>head</name>
      <bndbox>
        <xmin>33.5172</xmin>
        <ymin>71.1897</ymin>
        <xmax>95.5862</xmax>
        <ymax>127.7414</ymax>
      </bndbox>
    </part>
    <part>
      <name>hand</name>
      <bndbox>
        <xmin>86.6207</xmin>
        <ymin>226.3621</ymin>
        <xmax>111.4483</xmax>
        <ymax>254.6379</ymax>
      </bndbox>
    </part>
    <part>
      <name>foot</name>
      <bndbox>
        <xmin>1</xmin>
        <ymin>373.9483</ymin>
        <xmax>39.7241</xmax>
        <ymax>398.7759</ymax>
      </bndbox>
    </part>
  </object>
  <object>
    <name>cow</name>
    <pose>Unspecified</pose>
    <truncated>0</truncated>
    <difficult>0</difficult>
    <bndbox>
      <xmin>104</xmin>
      <ymin>299</ymin>
      <xmax>251</xmax>
      <ymax>381</ymax>
    </bndbox>
  </object>
</annotation>
