<annotation>
	<folder>VOC2007</folder>
	<filename>009735.jpg</filename>
	<source>
		<database>The VOC2007 Database</database>
		<annotation>PASCAL VOC2007</annotation>
		<image>flickr</image>
		<flickrid>329546277</flickrid>
	</source>
	<owner>
		<flickrid>RCSimages</flickrid>
		<name>Richie Smith</name>
	</owner>
	<size>
		<width>333</width>
		<height>500</height>
		<depth>3</depth>
	</size>
	<segmented>0</segmented>
	<object>
		<name>chair</name>
		<pose>Right</pose>
		<truncated>0</truncated>
		<difficult>0</difficult>
		<bndbox>
			<xmin>54</xmin>
			<ymin>365</ymin>
			<xmax>100</xmax>
			<ymax>429</ymax>
		</bndbox>
	</object>
</annotation>
