<annotation>
	<folder>VOC2007</folder>
	<filename>009819.jpg</filename>
	<source>
		<database>The VOC2007 Database</database>
		<annotation>PASCAL VOC2007</annotation>
		<image>flickr</image>
		<flickrid>321136339</flickrid>
	</source>
	<owner>
		<flickrid>mishkali</flickrid>
		<name>Krissy</name>
	</owner>
	<size>
		<width>500</width>
		<height>375</height>
		<depth>3</depth>
	</size>
	<segmented>0</segmented>
	<object>
		<name>diningtable</name>
		<pose>Unspecified</pose>
		<truncated>1</truncated>
		<difficult>1</difficult>
		<bndbox>
			<xmin>304</xmin>
			<ymin>45</ymin>
			<xmax>447</xmax>
			<ymax>195</ymax>
		</bndbox>
	</object>
	<object>
		<name>chair</name>
		<pose>Left</pose>
		<truncated>0</truncated>
		<difficult>0</difficult>
		<bndbox>
			<xmin>369</xmin>
			<ymin>34</ymin>
			<xmax>465</xmax>
			<ymax>188</ymax>
		</bndbox>
	</object>
	<object>
		<name>cat</name>
		<pose>Frontal</pose>
		<truncated>0</truncated>
		<difficult>0</difficult>
		<bndbox>
			<xmin>232</xmin>
			<ymin>51</ymin>
			<xmax>383</xmax>
			<ymax>267</ymax>
		</bndbox>
	</object>
</annotation>
