<annotation>
  <folder>VOC2007</folder>
  <filename>009902.jpg</filename>
  <source>
    <database>The VOC2007 Database</database>
    <annotation>PASCAL VOC2007</annotation>
    <image>flickr</image>
    <flickrid>338450502</flickrid>
  </source>
  <owner>
    <flickrid>ivva</flickrid>
    <name>ivva ???</name>
  </owner>
  <size>
    <width>500</width>
    <height>375</height>
    <depth>3</depth>
  </size>
  <segmented>0</segmented>
  <object>
    <name>bottle</name>
    <pose>Unspecified</pose>
    <truncated>0</truncated>
    <difficult>0</difficult>
    <bndbox>
      <xmin>121</xmin>
      <ymin>57</ymin>
      <xmax>150</xmax>
      <ymax>128</ymax>
    </bndbox>
  </object>
  <object>
    <name>bottle</name>
    <pose>Unspecified</pose>
    <truncated>0</truncated>
    <difficult>0</difficult>
    <bndbox>
      <xmin>105</xmin>
      <ymin>68</ymin>
      <xmax>129</xmax>
      <ymax>138</ymax>
    </bndbox>
  </object>
  <object>
    <name>bottle</name>
    <pose>Unspecified</pose>
    <truncated>0</truncated>
    <difficult>0</difficult>
    <bndbox>
      <xmin>135</xmin>
      <ymin>52</ymin>
      <xmax>155</xmax>
      <ymax>114</ymax>
    </bndbox>
  </object>
  <object>
    <name>person</name>
    <pose>Frontal</pose>
    <truncated>0</truncated>
    <difficult>0</difficult>
    <bndbox>
      <xmin>231</xmin>
      <ymin>65</ymin>
      <xmax>366</xmax>
      <ymax>218</ymax>
    </bndbox>
    <part>
      <name>head</name>
      <bndbox>
        <xmin>270.3895</xmin>
        <ymin>59.2707</ymin>
        <xmax>317.3508</xmax>
        <ymax>117.8343</ymax>
      </bndbox>
    </part>
    <part>
      <name>hand</name>
      <bndbox>
        <xmin>292.489</xmin>
        <ymin>153.7459</ymin>
        <xmax>315.1409</xmax>
        <ymax>167.0055</ymax>
      </bndbox>
    </part>
    <part>
      <name>hand</name>
      <bndbox>
        <xmin>321.7707</xmin>
        <ymin>201.2597</ymin>
        <xmax>346.6326</xmax>
        <ymax>217.8343</ymax>
      </bndbox>
    </part>
  </object>
  <object>
    <name>person</name>
    <pose>Right</pose>
    <truncated>0</truncated>
    <difficult>0</difficult>
    <bndbox>
      <xmin>12</xmin>
      <ymin>99</ymin>
      <xmax>216</xmax>
      <ymax>363</ymax>
    </bndbox>
    <part>
      <name>head</name>
      <bndbox>
        <xmin>37.2403</xmin>
        <ymin>99.6022</ymin>
        <xmax>109.0635</xmax>
        <ymax>185.7901</ymax>
      </bndbox>
    </part>
    <part>
      <name>hand</name>
      <bndbox>
        <xmin>113.4834</xmin>
        <ymin>227.2265</ymin>
        <xmax>146.0801</xmax>
        <ymax>246.5635</ymax>
      </bndbox>
    </part>
    <part>
      <name>hand</name>
      <bndbox>
        <xmin>143.8702</xmin>
        <ymin>284.1326</ymin>
        <xmax>195.8039</xmax>
        <ymax>320.0442</ymax>
      </bndbox>
    </part>
    <part>
      <name>foot</name>
      <bndbox>
        <xmin>110.1685</xmin>
        <ymin>221.7017</ymin>
        <xmax>141.6602</xmax>
        <ymax>262.5856</ymax>
      </bndbox>
    </part>
    <part>
      <name>foot</name>
      <bndbox>
        <xmin>149.9475</xmin>
        <ymin>325.5691</ymin>
        <xmax>214.5884</xmax>
        <ymax>363.1381</ymax>
      </bndbox>
    </part>
  </object>
  <object>
    <name>person</name>
    <pose>Unspecified</pose>
    <truncated>1</truncated>
    <difficult>0</difficult>
    <bndbox>
      <xmin>357</xmin>
      <ymin>107</ymin>
      <xmax>500</xmax>
      <ymax>292</ymax>
    </bndbox>
    <part>
      <name>head</name>
      <bndbox>
        <xmin>452.1575</xmin>
        <ymin>113.4144</ymin>
        <xmax>500</xmax>
        <ymax>178.0552</ymax>
      </bndbox>
    </part>
    <part>
      <name>foot</name>
      <bndbox>
        <xmin>384.7541</xmin>
        <ymin>109.547</ymin>
        <xmax>400.2238</xmax>
        <ymax>145.4586</ymax>
      </bndbox>
    </part>
    <part>
      <name>foot</name>
      <bndbox>
        <xmin>373.7044</xmin>
        <ymin>119.4917</ymin>
        <xmax>384.2017</xmax>
        <ymax>154.8508</ymax>
      </bndbox>
    </part>
    <part>
      <name>hand</name>
      <bndbox>
        <xmin>349.9475</xmin>
        <ymin>267.558</ymin>
        <xmax>383.6492</xmax>
        <ymax>298.4972</ymax>
      </bndbox>
    </part>
  </object>
  <object>
    <name>cow</name>
    <pose>Unspecified</pose>
    <truncated>0</truncated>
    <difficult>0</difficult>
    <bndbox>
      <xmin>349</xmin>
      <ymin>275</ymin>
      <xmax>496</xmax>
      <ymax>357</ymax>
    </bndbox>
  </object>
</annotation>
