<annotation>
  <folder>VOC2007</folder>
  <filename>000085.jpg</filename>
  <source>
    <database>The VOC2007 Database</database>
    <annotation>PASCAL VOC2007</annotation>
    <image>flickr</image>
    <flickrid>338944910</flickrid>
  </source>
  <owner>
    <flickrid>mattymatt</flickrid>
    <name>Matt Baume</name>
  </owner>
  <size>
    <width>500</width>
    <height>330</height>
    <depth>3</depth>
  </size>
  <segmented>0</segmented>
  <object>
    <name>chair</name>
    <pose>Unspecified</pose>
    <truncated>1</truncated>
    <difficult>1</difficult>
    <bndbox>
      <xmin>6</xmin>
      <ymin>104</ymin>
      <xmax>218</xmax>
      <ymax>278</ymax>
    </bndbox>
  </object>
  <object>
    <name>diningtable</name>
    <pose>Unspecified</pose>
    <truncated>1</truncated>
    <difficult>1</difficult>
    <bndbox>
      <xmin>181</xmin>
      <ymin>175</ymin>
      <xmax>499</xmax>
      <ymax>329</ymax>
    </bndbox>
  </object>
  <object>
    <name>person</name>
    <pose>Unspecified</pose>
    <truncated>1</truncated>
    <difficult>0</difficult>
    <bndbox>
      <xmin>22</xmin>
      <ymin>70</ymin>
      <xmax>254</xmax>
      <ymax>327</ymax>
    </bndbox>
  </object>
  <object>
    <name>person</name>
    <pose>Unspecified</pose>
    <truncated>1</truncated>
    <difficult>0</difficult>
    <bndbox>
      <xmin>338</xmin>
      <ymin>12</ymin>
      <xmax>500</xmax>
      <ymax>199</ymax>
    </bndbox>
  </object>
  <object>
    <name>cow</name>
    <pose>Unspecified</pose>
    <truncated>0</truncated>
    <difficult>0</difficult>
    <bndbox>
      <xmin>203</xmin>
      <ymin>41</ymin>
      <xmax>350</xmax>
      <ymax>123</ymax>
    </bndbox>
  </object>
</annotation>
