<annotation>
  <folder>VOC2007</folder>
  <filename>000185.jpg</filename>
  <source>
    <database>The VOC2007 Database</database>
    <annotation>PASCAL VOC2007</annotation>
    <image>flickr</image>
    <flickrid>335160753</flickrid>
  </source>
  <owner>
    <flickrid>Garden Gremlin</flickrid>
    <name>Gretchen</name>
  </owner>
  <size>
    <width>449</width>
    <height>500</height>
    <depth>3</depth>
  </size>
  <segmented>0</segmented>
  <object>
    <name>person</name>
    <pose>Unspecified</pose>
    <truncated>0</truncated>
    <difficult>0</difficult>
    <bndbox>
      <xmin>239</xmin>
      <ymin>239</ymin>
      <xmax>338</xmax>
      <ymax>378</ymax>
    </bndbox>
  </object>
  <object>
    <name>chair</name>
    <pose>Rear</pose>
    <truncated>0</truncated>
    <difficult>0</difficult>
    <bndbox>
      <xmin>280</xmin>
      <ymin>290</ymin>
      <xmax>346</xmax>
      <ymax>390</ymax>
    </bndbox>
  </object>
  <object>
    <name>tvmonitor</name>
    <pose>Frontal</pose>
    <truncated>0</truncated>
    <difficult>0</difficult>
    <bndbox>
      <xmin>254</xmin>
      <ymin>234</ymin>
      <xmax>299</xmax>
      <ymax>289</ymax>
    </bndbox>
  </object>
  <object>
    <name>cow</name>
    <pose>Unspecified</pose>
    <truncated>0</truncated>
    <difficult>0</difficult>
    <bndbox>
      <xmin>70</xmin>
      <ymin>89</ymin>
      <xmax>217</xmax>
      <ymax>171</ymax>
    </bndbox>
  </object>
</annotation>
