<annotation>
  <folder>VOC2007</folder>
  <filename>000234.jpg</filename>
  <source>
    <database>The VOC2007 Database</database>
    <annotation>PASCAL VOC2007</annotation>
    <image>flickr</image>
    <flickrid>6326955</flickrid>
  </source>
  <owner>
    <flickrid>Mom1</flickrid>
    <name>?</name>
  </owner>
  <size>
    <width>500</width>
    <height>376</height>
    <depth>3</depth>
  </size>
  <segmented>0</segmented>
  <object>
    <name>chair</name>
    <pose>Frontal</pose>
    <truncated>0</truncated>
    <difficult>0</difficult>
    <bndbox>
      <xmin>307</xmin>
      <ymin>92</ymin>
      <xmax>472</xmax>
      <ymax>326</ymax>
    </bndbox>
  </object>
  <object>
    <name>pottedplant</name>
    <pose>Unspecified</pose>
    <truncated>0</truncated>
    <difficult>0</difficult>
    <bndbox>
      <xmin>61</xmin>
      <ymin>231</ymin>
      <xmax>135</xmax>
      <ymax>316</ymax>
    </bndbox>
  </object>
  <object>
    <name>pottedplant</name>
    <pose>Unspecified</pose>
    <truncated>0</truncated>
    <difficult>0</difficult>
    <bndbox>
      <xmin>11</xmin>
      <ymin>150</ymin>
      <xmax>75</xmax>
      <ymax>201</ymax>
    </bndbox>
  </object>
  <object>
    <name>pottedplant</name>
    <pose>Unspecified</pose>
    <truncated>0</truncated>
    <difficult>0</difficult>
    <bndbox>
      <xmin>12</xmin>
      <ymin>51</ymin>
      <xmax>220</xmax>
      <ymax>228</ymax>
    </bndbox>
  </object>
  <object>
    <name>cow</name>
    <pose>Unspecified</pose>
    <truncated>0</truncated>
    <difficult>0</difficult>
    <bndbox>
      <xmin>127</xmin>
      <ymin>193</ymin>
      <xmax>274</xmax>
      <ymax>275</ymax>
    </bndbox>
  </object>
</annotation>
