<annotation>
  <folder>VOC2007</folder>
  <filename>000217.jpg</filename>
  <source>
    <database>The VOC2007 Database</database>
    <annotation>PASCAL VOC2007</annotation>
    <image>flickr</image>
    <flickrid>295752903</flickrid>
  </source>
  <owner>
    <flickrid>Simbolism</flickrid>
    <name>?</name>
  </owner>
  <size>
    <width>500</width>
    <height>333</height>
    <depth>3</depth>
  </size>
  <segmented>0</segmented>
  <object>
    <name>diningtable</name>
    <pose>Unspecified</pose>
    <truncated>0</truncated>
    <difficult>0</difficult>
    <bndbox>
      <xmin>133</xmin>
      <ymin>184</ymin>
      <xmax>409</xmax>
      <ymax>333</ymax>
    </bndbox>
  </object>
  <object>
    <name>chair</name>
    <pose>Right</pose>
    <truncated>1</truncated>
    <difficult>0</difficult>
    <bndbox>
      <xmin>135</xmin>
      <ymin>213</ymin>
      <xmax>235</xmax>
      <ymax>333</ymax>
    </bndbox>
  </object>
  <object>
    <name>chair</name>
    <pose>Right</pose>
    <truncated>0</truncated>
    <difficult>0</difficult>
    <bndbox>
      <xmin>121</xmin>
      <ymin>210</ymin>
      <xmax>200</xmax>
      <ymax>320</ymax>
    </bndbox>
  </object>
  <object>
    <name>chair</name>
    <pose>Rear</pose>
    <truncated>1</truncated>
    <difficult>0</difficult>
    <bndbox>
      <xmin>296</xmin>
      <ymin>224</ymin>
      <xmax>383</xmax>
      <ymax>333</ymax>
    </bndbox>
  </object>
  <object>
    <name>chair</name>
    <pose>Unspecified</pose>
    <truncated>1</truncated>
    <difficult>1</difficult>
    <bndbox>
      <xmin>351</xmin>
      <ymin>192</ymin>
      <xmax>390</xmax>
      <ymax>241</ymax>
    </bndbox>
  </object>
  <object>
    <name>chair</name>
    <pose>Unspecified</pose>
    <truncated>1</truncated>
    <difficult>1</difficult>
    <bndbox>
      <xmin>320</xmin>
      <ymin>182</ymin>
      <xmax>348</xmax>
      <ymax>227</ymax>
    </bndbox>
  </object>
  <object>
    <name>chair</name>
    <pose>Left</pose>
    <truncated>1</truncated>
    <difficult>0</difficult>
    <bndbox>
      <xmin>292</xmin>
      <ymin>169</ymin>
      <xmax>337</xmax>
      <ymax>217</ymax>
    </bndbox>
  </object>
  <object>
    <name>chair</name>
    <pose>Left</pose>
    <truncated>1</truncated>
    <difficult>0</difficult>
    <bndbox>
      <xmin>251</xmin>
      <ymin>167</ymin>
      <xmax>298</xmax>
      <ymax>205</ymax>
    </bndbox>
  </object>
  <object>
    <name>chair</name>
    <pose>Unspecified</pose>
    <truncated>1</truncated>
    <difficult>1</difficult>
    <bndbox>
      <xmin>156</xmin>
      <ymin>172</ymin>
      <xmax>193</xmax>
      <ymax>195</ymax>
    </bndbox>
  </object>
  <object>
    <name>cow</name>
    <pose>Unspecified</pose>
    <truncated>0</truncated>
    <difficult>0</difficult>
    <bndbox>
      <xmin>267</xmin>
      <ymin>10</ymin>
      <xmax>414</xmax>
      <ymax>92</ymax>
    </bndbox>
  </object>
</annotation>
