<annotation>
  <folder>VOC2007</folder>
  <filename>000385.jpg</filename>
  <source>
    <database>The VOC2007 Database</database>
    <annotation>PASCAL VOC2007</annotation>
    <image>flickr</image>
    <flickrid>336179149</flickrid>
  </source>
  <owner>
    <flickrid>chuckgerlovich</flickrid>
    <name>Chuck Gerlovich</name>
  </owner>
  <size>
    <width>500</width>
    <height>375</height>
    <depth>3</depth>
  </size>
  <segmented>0</segmented>
  <object>
    <name>chair</name>
    <pose>Left</pose>
    <truncated>1</truncated>
    <difficult>0</difficult>
    <bndbox>
      <xmin>154</xmin>
      <ymin>194</ymin>
      <xmax>281</xmax>
      <ymax>372</ymax>
    </bndbox>
  </object>
  <object>
    <name>chair</name>
    <pose>Frontal</pose>
    <truncated>1</truncated>
    <difficult>0</difficult>
    <bndbox>
      <xmin>373</xmin>
      <ymin>173</ymin>
      <xmax>500</xmax>
      <ymax>322</ymax>
    </bndbox>
  </object>
  <object>
    <name>cow</name>
    <pose>Unspecified</pose>
    <truncated>0</truncated>
    <difficult>0</difficult>
    <bndbox>
      <xmin>328</xmin>
      <ymin>138</ymin>
      <xmax>475</xmax>
      <ymax>220</ymax>
    </bndbox>
  </object>
</annotation>
