<annotation>
  <folder>VOC2007</folder>
  <filename>000432.jpg</filename>
  <source>
    <database>The VOC2007 Database</database>
    <annotation>PASCAL VOC2007</annotation>
    <image>flickr</image>
    <flickrid>326367815</flickrid>
  </source>
  <owner>
    <flickrid>Chippu Abraham</flickrid>
    <name>Chippu Abraham</name>
  </owner>
  <size>
    <width>500</width>
    <height>374</height>
    <depth>3</depth>
  </size>
  <segmented>0</segmented>
  <object>
    <name>cow</name>
    <pose>Left</pose>
    <truncated>0</truncated>
    <difficult>0</difficult>
    <bndbox>
      <xmin>220</xmin>
      <ymin>202</ymin>
      <xmax>275</xmax>
      <ymax>239</ymax>
    </bndbox>
  </object>
  <object>
    <name>cow</name>
    <pose>Left</pose>
    <truncated>0</truncated>
    <difficult>0</difficult>
    <bndbox>
      <xmin>316</xmin>
      <ymin>203</ymin>
      <xmax>376</xmax>
      <ymax>239</ymax>
    </bndbox>
  </object>
  <object>
    <name>cow</name>
    <pose>Unspecified</pose>
    <truncated>0</truncated>
    <difficult>0</difficult>
    <bndbox>
      <xmin>160</xmin>
      <ymin>231</ymin>
      <xmax>307</xmax>
      <ymax>313</ymax>
    </bndbox>
  </object>
</annotation>
