<annotation>
  <folder>VOC2007</folder>
  <filename>000504.jpg</filename>
  <source>
    <database>The VOC2007 Database</database>
    <annotation>PASCAL VOC2007</annotation>
    <image>flickr</image>
    <flickrid>324946264</flickrid>
  </source>
  <owner>
    <flickrid>victoriabernal</flickrid>
    <name>?</name>
  </owner>
  <size>
    <width>500</width>
    <height>412</height>
    <depth>3</depth>
  </size>
  <segmented>1</segmented>
  <object>
    <name>cow</name>
    <pose>Unspecified</pose>
    <truncated>1</truncated>
    <difficult>0</difficult>
    <bndbox>
      <xmin>341</xmin>
      <ymin>102</ymin>
      <xmax>500</xmax>
      <ymax>406</ymax>
    </bndbox>
  </object>
  <object>
    <name>person</name>
    <pose>Frontal</pose>
    <truncated>1</truncated>
    <difficult>0</difficult>
    <bndbox>
      <xmin>36</xmin>
      <ymin>34</ymin>
      <xmax>79</xmax>
      <ymax>123</ymax>
    </bndbox>
  </object>
  <object>
    <name>person</name>
    <pose>Unspecified</pose>
    <truncated>1</truncated>
    <difficult>0</difficult>
    <bndbox>
      <xmin>2</xmin>
      <ymin>44</ymin>
      <xmax>36</xmax>
      <ymax>120</ymax>
    </bndbox>
  </object>
  <object>
    <name>person</name>
    <pose>Unspecified</pose>
    <truncated>1</truncated>
    <difficult>0</difficult>
    <bndbox>
      <xmin>29</xmin>
      <ymin>42</ymin>
      <xmax>41</xmax>
      <ymax>64</ymax>
    </bndbox>
  </object>
  <object>
    <name>cow</name>
    <pose>Unspecified</pose>
    <truncated>0</truncated>
    <difficult>0</difficult>
    <bndbox>
      <xmin>224</xmin>
      <ymin>161</ymin>
      <xmax>371</xmax>
      <ymax>243</ymax>
    </bndbox>
  </object>
</annotation>
