<annotation>
  <folder>VOC2007</folder>
  <filename>000611.jpg</filename>
  <source>
    <database>The VOC2007 Database</database>
    <annotation>PASCAL VOC2007</annotation>
    <image>flickr</image>
    <flickrid>334844657</flickrid>
  </source>
  <owner>
    <flickrid>Bigsx4</flickrid>
    <name>John Bigenwald</name>
  </owner>
  <size>
    <width>500</width>
    <height>333</height>
    <depth>3</depth>
  </size>
  <segmented>0</segmented>
  <object>
    <name>dog</name>
    <pose>Unspecified</pose>
    <truncated>1</truncated>
    <difficult>0</difficult>
    <bndbox>
      <xmin>209</xmin>
      <ymin>2</ymin>
      <xmax>500</xmax>
      <ymax>291</ymax>
    </bndbox>
  </object>
  <object>
    <name>bottle</name>
    <pose>Unspecified</pose>
    <truncated>0</truncated>
    <difficult>0</difficult>
    <bndbox>
      <xmin>118</xmin>
      <ymin>70</ymin>
      <xmax>181</xmax>
      <ymax>297</ymax>
    </bndbox>
  </object>
  <object>
    <name>cow</name>
    <pose>Unspecified</pose>
    <truncated>0</truncated>
    <difficult>0</difficult>
    <bndbox>
      <xmin>194</xmin>
      <ymin>215</ymin>
      <xmax>341</xmax>
      <ymax>297</ymax>
    </bndbox>
  </object>
</annotation>
