<annotation>
  <folder>VOC2007</folder>
  <filename>000692.jpg</filename>
  <source>
    <database>The VOC2007 Database</database>
    <annotation>PASCAL VOC2007</annotation>
    <image>flickr</image>
    <flickrid>335933376</flickrid>
  </source>
  <owner>
    <flickrid>dr.wooster</flickrid>
    <name>Ger</name>
  </owner>
  <size>
    <width>500</width>
    <height>334</height>
    <depth>3</depth>
  </size>
  <segmented>0</segmented>
  <object>
    <name>person</name>
    <pose>Unspecified</pose>
    <truncated>1</truncated>
    <difficult>0</difficult>
    <bndbox>
      <xmin>104</xmin>
      <ymin>33</ymin>
      <xmax>359</xmax>
      <ymax>208</ymax>
    </bndbox>
  </object>
  <object>
    <name>dog</name>
    <pose>Unspecified</pose>
    <truncated>1</truncated>
    <difficult>0</difficult>
    <bndbox>
      <xmin>127</xmin>
      <ymin>193</ymin>
      <xmax>472</xmax>
      <ymax>332</ymax>
    </bndbox>
  </object>
  <object>
    <name>pottedplant</name>
    <pose>Unspecified</pose>
    <truncated>1</truncated>
    <difficult>0</difficult>
    <bndbox>
      <xmin>127</xmin>
      <ymin>2</ymin>
      <xmax>315</xmax>
      <ymax>95</ymax>
    </bndbox>
  </object>
  <object>
    <name>chair</name>
    <pose>Unspecified</pose>
    <truncated>1</truncated>
    <difficult>0</difficult>
    <bndbox>
      <xmin>1</xmin>
      <ymin>2</ymin>
      <xmax>497</xmax>
      <ymax>334</ymax>
    </bndbox>
  </object>
  <object>
    <name>cow</name>
    <pose>Unspecified</pose>
    <truncated>0</truncated>
    <difficult>0</difficult>
    <bndbox>
      <xmin>259</xmin>
      <ymin>216</ymin>
      <xmax>406</xmax>
      <ymax>298</ymax>
    </bndbox>
  </object>
</annotation>
