<annotation>
  <folder>VOC2007</folder>
  <filename>000856.jpg</filename>
  <source>
    <database>The VOC2007 Database</database>
    <annotation>PASCAL VOC2007</annotation>
    <image>flickr</image>
    <flickrid>323297703</flickrid>
  </source>
  <owner>
    <flickrid>MylesHallett</flickrid>
    <name>Myles Hallett</name>
  </owner>
  <size>
    <width>500</width>
    <height>375</height>
    <depth>3</depth>
  </size>
  <segmented>0</segmented>
  <object>
    <name>chair</name>
    <pose>Unspecified</pose>
    <truncated>1</truncated>
    <difficult>1</difficult>
    <bndbox>
      <xmin>372</xmin>
      <ymin>159</ymin>
      <xmax>498</xmax>
      <ymax>266</ymax>
    </bndbox>
  </object>
  <object>
    <name>chair</name>
    <pose>Unspecified</pose>
    <truncated>1</truncated>
    <difficult>1</difficult>
    <bndbox>
      <xmin>12</xmin>
      <ymin>142</ymin>
      <xmax>164</xmax>
      <ymax>288</ymax>
    </bndbox>
  </object>
  <object>
    <name>person</name>
    <pose>Frontal</pose>
    <truncated>0</truncated>
    <difficult>0</difficult>
    <bndbox>
      <xmin>174</xmin>
      <ymin>68</ymin>
      <xmax>311</xmax>
      <ymax>314</ymax>
    </bndbox>
  </object>
  <object>
    <name>diningtable</name>
    <pose>Unspecified</pose>
    <truncated>1</truncated>
    <difficult>0</difficult>
    <bndbox>
      <xmin>5</xmin>
      <ymin>190</ymin>
      <xmax>500</xmax>
      <ymax>375</ymax>
    </bndbox>
  </object>
  <object>
    <name>cow</name>
    <pose>Unspecified</pose>
    <truncated>0</truncated>
    <difficult>0</difficult>
    <bndbox>
      <xmin>341</xmin>
      <ymin>1</ymin>
      <xmax>488</xmax>
      <ymax>83</ymax>
    </bndbox>
  </object>
</annotation>
