<annotation>
  <folder>VOC2007</folder>
  <filename>000886.jpg</filename>
  <source>
    <database>The VOC2007 Database</database>
    <annotation>PASCAL VOC2007</annotation>
    <image>flickr</image>
    <flickrid>333434650</flickrid>
  </source>
  <owner>
    <flickrid>metvan</flickrid>
    <name>Michelle Vandever</name>
  </owner>
  <size>
    <width>500</width>
    <height>356</height>
    <depth>3</depth>
  </size>
  <segmented>0</segmented>
  <object>
    <name>person</name>
    <pose>Unspecified</pose>
    <truncated>1</truncated>
    <difficult>0</difficult>
    <bndbox>
      <xmin>51</xmin>
      <ymin>3</ymin>
      <xmax>436</xmax>
      <ymax>356</ymax>
    </bndbox>
  </object>
  <object>
    <name>chair</name>
    <pose>Unspecified</pose>
    <truncated>1</truncated>
    <difficult>0</difficult>
    <bndbox>
      <xmin>4</xmin>
      <ymin>106</ymin>
      <xmax>351</xmax>
      <ymax>356</ymax>
    </bndbox>
  </object>
  <object>
    <name>person</name>
    <pose>Unspecified</pose>
    <truncated>1</truncated>
    <difficult>0</difficult>
    <bndbox>
      <xmin>450</xmin>
      <ymin>124</ymin>
      <xmax>489</xmax>
      <ymax>195</ymax>
    </bndbox>
  </object>
  <object>
    <name>cow</name>
    <pose>Unspecified</pose>
    <truncated>0</truncated>
    <difficult>0</difficult>
    <bndbox>
      <xmin>328</xmin>
      <ymin>274</ymin>
      <xmax>475</xmax>
      <ymax>356</ymax>
    </bndbox>
  </object>
</annotation>
