<annotation>
  <folder>VOC2007</folder>
  <filename>000981.jpg</filename>
  <source>
    <database>The VOC2007 Database</database>
    <annotation>PASCAL VOC2007</annotation>
    <image>flickr</image>
    <flickrid>331760371</flickrid>
  </source>
  <owner>
    <flickrid>Edublogger</flickrid>
    <name>Ewan McIntosh</name>
  </owner>
  <size>
    <width>333</width>
    <height>500</height>
    <depth>3</depth>
  </size>
  <segmented>0</segmented>
  <object>
    <name>person</name>
    <pose>Unspecified</pose>
    <truncated>1</truncated>
    <difficult>0</difficult>
    <bndbox>
      <xmin>51</xmin>
      <ymin>18</ymin>
      <xmax>332</xmax>
      <ymax>500</ymax>
    </bndbox>
  </object>
  <object>
    <name>chair</name>
    <pose>Unspecified</pose>
    <truncated>1</truncated>
    <difficult>1</difficult>
    <bndbox>
      <xmin>233</xmin>
      <ymin>390</ymin>
      <xmax>301</xmax>
      <ymax>499</ymax>
    </bndbox>
  </object>
  <object>
    <name>cow</name>
    <pose>Unspecified</pose>
    <truncated>0</truncated>
    <difficult>0</difficult>
    <bndbox>
      <xmin>26</xmin>
      <ymin>191</ymin>
      <xmax>173</xmax>
      <ymax>273</ymax>
    </bndbox>
  </object>
</annotation>
