<annotation>
  <folder>VOC2007</folder>
  <filename>001081.jpg</filename>
  <source>
    <database>The VOC2007 Database</database>
    <annotation>PASCAL VOC2007</annotation>
    <image>flickr</image>
    <flickrid>334783263</flickrid>
  </source>
  <owner>
    <flickrid>aumatto</flickrid>
    <name>matt murphy</name>
  </owner>
  <size>
    <width>500</width>
    <height>375</height>
    <depth>3</depth>
  </size>
  <segmented>0</segmented>
  <object>
    <name>chair</name>
    <pose>Right</pose>
    <truncated>1</truncated>
    <difficult>0</difficult>
    <bndbox>
      <xmin>147</xmin>
      <ymin>176</ymin>
      <xmax>283</xmax>
      <ymax>375</ymax>
    </bndbox>
  </object>
  <object>
    <name>tvmonitor</name>
    <pose>Unspecified</pose>
    <truncated>0</truncated>
    <difficult>0</difficult>
    <bndbox>
      <xmin>403</xmin>
      <ymin>153</ymin>
      <xmax>461</xmax>
      <ymax>230</ymax>
    </bndbox>
  </object>
  <object>
    <name>cow</name>
    <pose>Unspecified</pose>
    <truncated>0</truncated>
    <difficult>0</difficult>
    <bndbox>
      <xmin>13</xmin>
      <ymin>103</ymin>
      <xmax>160</xmax>
      <ymax>185</ymax>
    </bndbox>
  </object>
</annotation>
