<annotation>
  <folder>VOC2007</folder>
  <filename>001023.jpg</filename>
  <source>
    <database>The VOC2007 Database</database>
    <annotation>PASCAL VOC2007</annotation>
    <image>flickr</image>
    <flickrid>334653822</flickrid>
  </source>
  <owner>
    <flickrid>MrTrousers</flickrid>
    <name>MrTrousers</name>
  </owner>
  <size>
    <width>500</width>
    <height>400</height>
    <depth>3</depth>
  </size>
  <segmented>0</segmented>
  <object>
    <name>bottle</name>
    <pose>Unspecified</pose>
    <truncated>0</truncated>
    <difficult>1</difficult>
    <bndbox>
      <xmin>189</xmin>
      <ymin>131</ymin>
      <xmax>196</xmax>
      <ymax>160</ymax>
    </bndbox>
  </object>
  <object>
    <name>chair</name>
    <pose>Unspecified</pose>
    <truncated>1</truncated>
    <difficult>1</difficult>
    <bndbox>
      <xmin>1</xmin>
      <ymin>359</ymin>
      <xmax>81</xmax>
      <ymax>400</ymax>
    </bndbox>
  </object>
  <object>
    <name>chair</name>
    <pose>Left</pose>
    <truncated>1</truncated>
    <difficult>0</difficult>
    <bndbox>
      <xmin>408</xmin>
      <ymin>270</ymin>
      <xmax>500</xmax>
      <ymax>400</ymax>
    </bndbox>
  </object>
  <object>
    <name>chair</name>
    <pose>Unspecified</pose>
    <truncated>1</truncated>
    <difficult>1</difficult>
    <bndbox>
      <xmin>278</xmin>
      <ymin>274</ymin>
      <xmax>375</xmax>
      <ymax>340</ymax>
    </bndbox>
  </object>
  <object>
    <name>chair</name>
    <pose>Unspecified</pose>
    <truncated>1</truncated>
    <difficult>1</difficult>
    <bndbox>
      <xmin>197</xmin>
      <ymin>261</ymin>
      <xmax>277</xmax>
      <ymax>312</ymax>
    </bndbox>
  </object>
  <object>
    <name>chair</name>
    <pose>Unspecified</pose>
    <truncated>1</truncated>
    <difficult>1</difficult>
    <bndbox>
      <xmin>107</xmin>
      <ymin>261</ymin>
      <xmax>178</xmax>
      <ymax>301</ymax>
    </bndbox>
  </object>
  <object>
    <name>chair</name>
    <pose>Unspecified</pose>
    <truncated>1</truncated>
    <difficult>1</difficult>
    <bndbox>
      <xmin>16</xmin>
      <ymin>248</ymin>
      <xmax>78</xmax>
      <ymax>286</ymax>
    </bndbox>
  </object>
  <object>
    <name>pottedplant</name>
    <pose>Unspecified</pose>
    <truncated>0</truncated>
    <difficult>1</difficult>
    <bndbox>
      <xmin>47</xmin>
      <ymin>269</ymin>
      <xmax>114</xmax>
      <ymax>339</ymax>
    </bndbox>
  </object>
  <object>
    <name>diningtable</name>
    <pose>Unspecified</pose>
    <truncated>1</truncated>
    <difficult>0</difficult>
    <bndbox>
      <xmin>1</xmin>
      <ymin>294</ymin>
      <xmax>415</xmax>
      <ymax>400</ymax>
    </bndbox>
  </object>
  <object>
    <name>bottle</name>
    <pose>Unspecified</pose>
    <truncated>0</truncated>
    <difficult>1</difficult>
    <bndbox>
      <xmin>345</xmin>
      <ymin>161</ymin>
      <xmax>355</xmax>
      <ymax>185</ymax>
    </bndbox>
  </object>
  <object>
    <name>bottle</name>
    <pose>Unspecified</pose>
    <truncated>0</truncated>
    <difficult>1</difficult>
    <bndbox>
      <xmin>334</xmin>
      <ymin>163</ymin>
      <xmax>344</xmax>
      <ymax>187</ymax>
    </bndbox>
  </object>
  <object>
    <name>bottle</name>
    <pose>Unspecified</pose>
    <truncated>0</truncated>
    <difficult>1</difficult>
    <bndbox>
      <xmin>180</xmin>
      <ymin>128</ymin>
      <xmax>187</xmax>
      <ymax>163</ymax>
    </bndbox>
  </object>
  <object>
    <name>cow</name>
    <pose>Unspecified</pose>
    <truncated>0</truncated>
    <difficult>0</difficult>
    <bndbox>
      <xmin>49</xmin>
      <ymin>113</ymin>
      <xmax>196</xmax>
      <ymax>195</ymax>
    </bndbox>
  </object>
</annotation>
