<annotation>
  <folder>VOC2007</folder>
  <filename>001087.jpg</filename>
  <source>
    <database>The VOC2007 Database</database>
    <annotation>PASCAL VOC2007</annotation>
    <image>flickr</image>
    <flickrid>332688034</flickrid>
  </source>
  <owner>
    <flickrid>phyllischan</flickrid>
    <name>?</name>
  </owner>
  <size>
    <width>250</width>
    <height>333</height>
    <depth>3</depth>
  </size>
  <segmented>0</segmented>
  <object>
    <name>chair</name>
    <pose>Unspecified</pose>
    <truncated>0</truncated>
    <difficult>0</difficult>
    <bndbox>
      <xmin>20</xmin>
      <ymin>68</ymin>
      <xmax>240</xmax>
      <ymax>307</ymax>
    </bndbox>
  </object>
  <object>
    <name>cow</name>
    <pose>Unspecified</pose>
    <truncated>0</truncated>
    <difficult>0</difficult>
    <bndbox>
      <xmin>90</xmin>
      <ymin>220</ymin>
      <xmax>237</xmax>
      <ymax>302</ymax>
    </bndbox>
  </object>
</annotation>
