<annotation>
  <folder>VOC2007</folder>
  <filename>001103.jpg</filename>
  <source>
    <database>The VOC2007 Database</database>
    <annotation>PASCAL VOC2007</annotation>
    <image>flickr</image>
    <flickrid>334238926</flickrid>
  </source>
  <owner>
    <flickrid>ed_needs_a_bicycle</flickrid>
    <name>Edward</name>
  </owner>
  <size>
    <width>500</width>
    <height>375</height>
    <depth>3</depth>
  </size>
  <segmented>0</segmented>
  <object>
    <name>cow</name>
    <pose>Frontal</pose>
    <truncated>1</truncated>
    <difficult>0</difficult>
    <bndbox>
      <xmin>135</xmin>
      <ymin>121</ymin>
      <xmax>333</xmax>
      <ymax>366</ymax>
    </bndbox>
  </object>
  <object>
    <name>cow</name>
    <pose>Unspecified</pose>
    <truncated>0</truncated>
    <difficult>0</difficult>
    <bndbox>
      <xmin>334</xmin>
      <ymin>158</ymin>
      <xmax>481</xmax>
      <ymax>240</ymax>
    </bndbox>
  </object>
</annotation>
