<annotation>
  <folder>VOC2007</folder>
  <filename>001100.jpg</filename>
  <source>
    <database>The VOC2007 Database</database>
    <annotation>PASCAL VOC2007</annotation>
    <image>flickr</image>
    <flickrid>326176317</flickrid>
  </source>
  <owner>
    <flickrid>ljc@flickr</flickrid>
    <name>ljc</name>
  </owner>
  <size>
    <width>500</width>
    <height>375</height>
    <depth>3</depth>
  </size>
  <segmented>0</segmented>
  <object>
    <name>cow</name>
    <pose>Frontal</pose>
    <truncated>0</truncated>
    <difficult>0</difficult>
    <bndbox>
      <xmin>152</xmin>
      <ymin>146</ymin>
      <xmax>327</xmax>
      <ymax>284</ymax>
    </bndbox>
  </object>
  <object>
    <name>cow</name>
    <pose>Unspecified</pose>
    <truncated>0</truncated>
    <difficult>0</difficult>
    <bndbox>
      <xmin>40</xmin>
      <ymin>105</ymin>
      <xmax>187</xmax>
      <ymax>187</ymax>
    </bndbox>
  </object>
</annotation>
