<annotation>
  <folder>VOC2007</folder>
  <filename>001177.jpg</filename>
  <source>
    <database>The VOC2007 Database</database>
    <annotation>PASCAL VOC2007</annotation>
    <image>flickr</image>
    <flickrid>320753638</flickrid>
  </source>
  <owner>
    <flickrid>Ehopalot</flickrid>
    <name>Erin Hopkin</name>
  </owner>
  <size>
    <width>500</width>
    <height>374</height>
    <depth>3</depth>
  </size>
  <segmented>0</segmented>
  <object>
    <name>bottle</name>
    <pose>Unspecified</pose>
    <truncated>0</truncated>
    <difficult>0</difficult>
    <bndbox>
      <xmin>14</xmin>
      <ymin>115</ymin>
      <xmax>90</xmax>
      <ymax>373</ymax>
    </bndbox>
  </object>
  <object>
    <name>person</name>
    <pose>Left</pose>
    <truncated>1</truncated>
    <difficult>0</difficult>
    <bndbox>
      <xmin>202</xmin>
      <ymin>122</ymin>
      <xmax>465</xmax>
      <ymax>348</ymax>
    </bndbox>
  </object>
  <object>
    <name>person</name>
    <pose>Frontal</pose>
    <truncated>1</truncated>
    <difficult>0</difficult>
    <bndbox>
      <xmin>103</xmin>
      <ymin>129</ymin>
      <xmax>270</xmax>
      <ymax>268</ymax>
    </bndbox>
  </object>
  <object>
    <name>diningtable</name>
    <pose>Unspecified</pose>
    <truncated>1</truncated>
    <difficult>1</difficult>
    <bndbox>
      <xmin>15</xmin>
      <ymin>255</ymin>
      <xmax>371</xmax>
      <ymax>374</ymax>
    </bndbox>
  </object>
  <object>
    <name>sofa</name>
    <pose>Unspecified</pose>
    <truncated>1</truncated>
    <difficult>1</difficult>
    <bndbox>
      <xmin>373</xmin>
      <ymin>120</ymin>
      <xmax>473</xmax>
      <ymax>237</ymax>
    </bndbox>
  </object>
  <object>
    <name>cow</name>
    <pose>Unspecified</pose>
    <truncated>0</truncated>
    <difficult>0</difficult>
    <bndbox>
      <xmin>238</xmin>
      <ymin>58</ymin>
      <xmax>385</xmax>
      <ymax>140</ymax>
    </bndbox>
  </object>
</annotation>
