<annotation>
  <folder>VOC2007</folder>
  <filename>001167.jpg</filename>
  <source>
    <database>The VOC2007 Database</database>
    <annotation>PASCAL VOC2007</annotation>
    <image>flickr</image>
    <flickrid>334391678</flickrid>
  </source>
  <owner>
    <flickrid>Martin Q</flickrid>
    <name>Martin Q</name>
  </owner>
  <size>
    <width>500</width>
    <height>357</height>
    <depth>3</depth>
  </size>
  <segmented>0</segmented>
  <object>
    <name>person</name>
    <pose>Unspecified</pose>
    <truncated>1</truncated>
    <difficult>0</difficult>
    <bndbox>
      <xmin>1</xmin>
      <ymin>6</ymin>
      <xmax>160</xmax>
      <ymax>166</ymax>
    </bndbox>
  </object>
  <object>
    <name>person</name>
    <pose>Unspecified</pose>
    <truncated>1</truncated>
    <difficult>0</difficult>
    <bndbox>
      <xmin>157</xmin>
      <ymin>19</ymin>
      <xmax>481</xmax>
      <ymax>357</ymax>
    </bndbox>
  </object>
  <object>
    <name>sofa</name>
    <pose>Unspecified</pose>
    <truncated>1</truncated>
    <difficult>1</difficult>
    <bndbox>
      <xmin>104</xmin>
      <ymin>72</ymin>
      <xmax>500</xmax>
      <ymax>357</ymax>
    </bndbox>
  </object>
  <object>
    <name>bottle</name>
    <pose>Unspecified</pose>
    <truncated>1</truncated>
    <difficult>0</difficult>
    <bndbox>
      <xmin>1</xmin>
      <ymin>94</ymin>
      <xmax>43</xmax>
      <ymax>357</ymax>
    </bndbox>
  </object>
  <object>
    <name>cow</name>
    <pose>Unspecified</pose>
    <truncated>0</truncated>
    <difficult>0</difficult>
    <bndbox>
      <xmin>154</xmin>
      <ymin>182</ymin>
      <xmax>301</xmax>
      <ymax>264</ymax>
    </bndbox>
  </object>
</annotation>
