<annotation>
  <folder>VOC2007</folder>
  <filename>001244.jpg</filename>
  <source>
    <database>The VOC2007 Database</database>
    <annotation>PASCAL VOC2007</annotation>
    <image>flickr</image>
    <flickrid>337934258</flickrid>
  </source>
  <owner>
    <flickrid>mikeatwestern</flickrid>
    <name>Mike Broley</name>
  </owner>
  <size>
    <width>500</width>
    <height>375</height>
    <depth>3</depth>
  </size>
  <segmented>0</segmented>
  <object>
    <name>chair</name>
    <pose>Unspecified</pose>
    <truncated>0</truncated>
    <difficult>0</difficult>
    <bndbox>
      <xmin>3</xmin>
      <ymin>154</ymin>
      <xmax>63</xmax>
      <ymax>265</ymax>
    </bndbox>
  </object>
  <object>
    <name>chair</name>
    <pose>Unspecified</pose>
    <truncated>1</truncated>
    <difficult>1</difficult>
    <bndbox>
      <xmin>284</xmin>
      <ymin>232</ymin>
      <xmax>397</xmax>
      <ymax>375</ymax>
    </bndbox>
  </object>
  <object>
    <name>bottle</name>
    <pose>Unspecified</pose>
    <truncated>0</truncated>
    <difficult>0</difficult>
    <bndbox>
      <xmin>454</xmin>
      <ymin>13</ymin>
      <xmax>493</xmax>
      <ymax>112</ymax>
    </bndbox>
  </object>
  <object>
    <name>bottle</name>
    <pose>Unspecified</pose>
    <truncated>0</truncated>
    <difficult>0</difficult>
    <bndbox>
      <xmin>254</xmin>
      <ymin>121</ymin>
      <xmax>269</xmax>
      <ymax>177</ymax>
    </bndbox>
  </object>
  <object>
    <name>bottle</name>
    <pose>Unspecified</pose>
    <truncated>0</truncated>
    <difficult>1</difficult>
    <bndbox>
      <xmin>245</xmin>
      <ymin>122</ymin>
      <xmax>259</xmax>
      <ymax>177</ymax>
    </bndbox>
  </object>
  <object>
    <name>bottle</name>
    <pose>Unspecified</pose>
    <truncated>0</truncated>
    <difficult>1</difficult>
    <bndbox>
      <xmin>224</xmin>
      <ymin>120</ymin>
      <xmax>239</xmax>
      <ymax>174</ymax>
    </bndbox>
  </object>
  <object>
    <name>bottle</name>
    <pose>Unspecified</pose>
    <truncated>0</truncated>
    <difficult>1</difficult>
    <bndbox>
      <xmin>234</xmin>
      <ymin>124</ymin>
      <xmax>249</xmax>
      <ymax>177</ymax>
    </bndbox>
  </object>
  <object>
    <name>bottle</name>
    <pose>Unspecified</pose>
    <truncated>0</truncated>
    <difficult>1</difficult>
    <bndbox>
      <xmin>212</xmin>
      <ymin>121</ymin>
      <xmax>225</xmax>
      <ymax>171</ymax>
    </bndbox>
  </object>
  <object>
    <name>bottle</name>
    <pose>Unspecified</pose>
    <truncated>0</truncated>
    <difficult>1</difficult>
    <bndbox>
      <xmin>72</xmin>
      <ymin>98</ymin>
      <xmax>81</xmax>
      <ymax>121</ymax>
    </bndbox>
  </object>
  <object>
    <name>bottle</name>
    <pose>Unspecified</pose>
    <truncated>0</truncated>
    <difficult>1</difficult>
    <bndbox>
      <xmin>82</xmin>
      <ymin>97</ymin>
      <xmax>91</xmax>
      <ymax>122</ymax>
    </bndbox>
  </object>
  <object>
    <name>bottle</name>
    <pose>Unspecified</pose>
    <truncated>0</truncated>
    <difficult>1</difficult>
    <bndbox>
      <xmin>90</xmin>
      <ymin>102</ymin>
      <xmax>98</xmax>
      <ymax>121</ymax>
    </bndbox>
  </object>
  <object>
    <name>bottle</name>
    <pose>Unspecified</pose>
    <truncated>0</truncated>
    <difficult>1</difficult>
    <bndbox>
      <xmin>95</xmin>
      <ymin>99</ymin>
      <xmax>105</xmax>
      <ymax>122</ymax>
    </bndbox>
  </object>
  <object>
    <name>bottle</name>
    <pose>Unspecified</pose>
    <truncated>0</truncated>
    <difficult>1</difficult>
    <bndbox>
      <xmin>104</xmin>
      <ymin>96</ymin>
      <xmax>114</xmax>
      <ymax>123</ymax>
    </bndbox>
  </object>
  <object>
    <name>bottle</name>
    <pose>Unspecified</pose>
    <truncated>0</truncated>
    <difficult>1</difficult>
    <bndbox>
      <xmin>112</xmin>
      <ymin>99</ymin>
      <xmax>121</xmax>
      <ymax>121</ymax>
    </bndbox>
  </object>
  <object>
    <name>bottle</name>
    <pose>Unspecified</pose>
    <truncated>0</truncated>
    <difficult>1</difficult>
    <bndbox>
      <xmin>119</xmin>
      <ymin>99</ymin>
      <xmax>129</xmax>
      <ymax>122</ymax>
    </bndbox>
  </object>
  <object>
    <name>person</name>
    <pose>Right</pose>
    <truncated>0</truncated>
    <difficult>0</difficult>
    <bndbox>
      <xmin>16</xmin>
      <ymin>114</ymin>
      <xmax>237</xmax>
      <ymax>366</ymax>
    </bndbox>
  </object>
  <object>
    <name>person</name>
    <pose>Frontal</pose>
    <truncated>1</truncated>
    <difficult>0</difficult>
    <bndbox>
      <xmin>255</xmin>
      <ymin>1</ymin>
      <xmax>475</xmax>
      <ymax>373</ymax>
    </bndbox>
  </object>
  <object>
    <name>person</name>
    <pose>Right</pose>
    <truncated>1</truncated>
    <difficult>0</difficult>
    <bndbox>
      <xmin>358</xmin>
      <ymin>63</ymin>
      <xmax>500</xmax>
      <ymax>375</ymax>
    </bndbox>
  </object>
  <object>
    <name>cow</name>
    <pose>Unspecified</pose>
    <truncated>0</truncated>
    <difficult>0</difficult>
    <bndbox>
      <xmin>315</xmin>
      <ymin>196</ymin>
      <xmax>462</xmax>
      <ymax>278</ymax>
    </bndbox>
  </object>
</annotation>
