<annotation>
  <folder>VOC2007</folder>
  <filename>001319.jpg</filename>
  <source>
    <database>The VOC2007 Database</database>
    <annotation>PASCAL VOC2007</annotation>
    <image>flickr</image>
    <flickrid>335794087</flickrid>
  </source>
  <owner>
    <flickrid>durdawg</flickrid>
    <name>?</name>
  </owner>
  <size>
    <width>500</width>
    <height>375</height>
    <depth>3</depth>
  </size>
  <segmented>0</segmented>
  <object>
    <name>chair</name>
    <pose>Right</pose>
    <truncated>1</truncated>
    <difficult>0</difficult>
    <bndbox>
      <xmin>68</xmin>
      <ymin>204</ymin>
      <xmax>254</xmax>
      <ymax>375</ymax>
    </bndbox>
  </object>
  <object>
    <name>person</name>
    <pose>Right</pose>
    <truncated>0</truncated>
    <difficult>0</difficult>
    <bndbox>
      <xmin>111</xmin>
      <ymin>99</ymin>
      <xmax>266</xmax>
      <ymax>340</ymax>
    </bndbox>
    <part>
      <name>hand</name>
      <bndbox>
        <xmin>241</xmin>
        <ymin>181</ymin>
        <xmax>264</xmax>
        <ymax>199</ymax>
      </bndbox>
    </part>
    <part>
      <name>head</name>
      <bndbox>
        <xmin>172</xmin>
        <ymin>101</ymin>
        <xmax>243</xmax>
        <ymax>169</ymax>
      </bndbox>
    </part>
    <part>
      <name>foot</name>
      <bndbox>
        <xmin>161</xmin>
        <ymin>318</ymin>
        <xmax>198</xmax>
        <ymax>337</ymax>
      </bndbox>
    </part>
    <part>
      <name>foot</name>
      <bndbox>
        <xmin>176</xmin>
        <ymin>298</ymin>
        <xmax>199</xmax>
        <ymax>309</ymax>
      </bndbox>
    </part>
  </object>
  <object>
    <name>cow</name>
    <pose>Unspecified</pose>
    <truncated>0</truncated>
    <difficult>0</difficult>
    <bndbox>
      <xmin>179</xmin>
      <ymin>108</ymin>
      <xmax>326</xmax>
      <ymax>190</ymax>
    </bndbox>
  </object>
</annotation>
