<annotation>
  <folder>VOC2007</folder>
  <filename>001354.jpg</filename>
  <source>
    <database>The VOC2007 Database</database>
    <annotation>PASCAL VOC2007</annotation>
    <image>flickr</image>
    <flickrid>340462848</flickrid>
  </source>
  <owner>
    <flickrid>Sheree K</flickrid>
    <name>Sheree</name>
  </owner>
  <size>
    <width>480</width>
    <height>361</height>
    <depth>3</depth>
  </size>
  <segmented>0</segmented>
  <object>
    <name>bottle</name>
    <pose>Unspecified</pose>
    <truncated>1</truncated>
    <difficult>0</difficult>
    <bndbox>
      <xmin>337</xmin>
      <ymin>263</ymin>
      <xmax>376</xmax>
      <ymax>361</ymax>
    </bndbox>
  </object>
  <object>
    <name>bottle</name>
    <pose>Unspecified</pose>
    <truncated>0</truncated>
    <difficult>0</difficult>
    <bndbox>
      <xmin>98</xmin>
      <ymin>199</ymin>
      <xmax>122</xmax>
      <ymax>277</ymax>
    </bndbox>
  </object>
  <object>
    <name>diningtable</name>
    <pose>Unspecified</pose>
    <truncated>1</truncated>
    <difficult>0</difficult>
    <bndbox>
      <xmin>2</xmin>
      <ymin>214</ymin>
      <xmax>480</xmax>
      <ymax>361</ymax>
    </bndbox>
  </object>
  <object>
    <name>person</name>
    <pose>Unspecified</pose>
    <truncated>1</truncated>
    <difficult>0</difficult>
    <bndbox>
      <xmin>2</xmin>
      <ymin>47</ymin>
      <xmax>157</xmax>
      <ymax>255</ymax>
    </bndbox>
  </object>
  <object>
    <name>person</name>
    <pose>Unspecified</pose>
    <truncated>1</truncated>
    <difficult>0</difficult>
    <bndbox>
      <xmin>192</xmin>
      <ymin>71</ymin>
      <xmax>398</xmax>
      <ymax>267</ymax>
    </bndbox>
  </object>
  <object>
    <name>person</name>
    <pose>Frontal</pose>
    <truncated>1</truncated>
    <difficult>0</difficult>
    <bndbox>
      <xmin>114</xmin>
      <ymin>46</ymin>
      <xmax>188</xmax>
      <ymax>216</ymax>
    </bndbox>
  </object>
  <object>
    <name>person</name>
    <pose>Unspecified</pose>
    <truncated>1</truncated>
    <difficult>0</difficult>
    <bndbox>
      <xmin>183</xmin>
      <ymin>33</ymin>
      <xmax>264</xmax>
      <ymax>210</ymax>
    </bndbox>
  </object>
  <object>
    <name>cow</name>
    <pose>Unspecified</pose>
    <truncated>0</truncated>
    <difficult>0</difficult>
    <bndbox>
      <xmin>245</xmin>
      <ymin>96</ymin>
      <xmax>392</xmax>
      <ymax>178</ymax>
    </bndbox>
  </object>
</annotation>
