<annotation>
  <folder>VOC2007</folder>
  <filename>001599.jpg</filename>
  <source>
    <database>The VOC2007 Database</database>
    <annotation>PASCAL VOC2007</annotation>
    <image>flickr</image>
    <flickrid>328821287</flickrid>
  </source>
  <owner>
    <flickrid>norby871</flickrid>
    <name>Deb Shaffer</name>
  </owner>
  <size>
    <width>500</width>
    <height>375</height>
    <depth>3</depth>
  </size>
  <segmented>0</segmented>
  <object>
    <name>chair</name>
    <pose>Frontal</pose>
    <truncated>0</truncated>
    <difficult>0</difficult>
    <bndbox>
      <xmin>250</xmin>
      <ymin>146</ymin>
      <xmax>323</xmax>
      <ymax>232</ymax>
    </bndbox>
  </object>
  <object>
    <name>chair</name>
    <pose>Frontal</pose>
    <truncated>0</truncated>
    <difficult>0</difficult>
    <bndbox>
      <xmin>163</xmin>
      <ymin>149</ymin>
      <xmax>239</xmax>
      <ymax>239</ymax>
    </bndbox>
  </object>
  <object>
    <name>chair</name>
    <pose>Unspecified</pose>
    <truncated>1</truncated>
    <difficult>1</difficult>
    <bndbox>
      <xmin>471</xmin>
      <ymin>212</ymin>
      <xmax>500</xmax>
      <ymax>284</ymax>
    </bndbox>
  </object>
  <object>
    <name>chair</name>
    <pose>Unspecified</pose>
    <truncated>1</truncated>
    <difficult>1</difficult>
    <bndbox>
      <xmin>362</xmin>
      <ymin>256</ymin>
      <xmax>475</xmax>
      <ymax>317</ymax>
    </bndbox>
  </object>
  <object>
    <name>cow</name>
    <pose>Unspecified</pose>
    <truncated>0</truncated>
    <difficult>0</difficult>
    <bndbox>
      <xmin>312</xmin>
      <ymin>10</ymin>
      <xmax>459</xmax>
      <ymax>92</ymax>
    </bndbox>
  </object>
</annotation>
