<annotation>
  <folder>VOC2007</folder>
  <filename>001508.jpg</filename>
  <source>
    <database>The VOC2007 Database</database>
    <annotation>PASCAL VOC2007</annotation>
    <image>flickr</image>
    <flickrid>339301268</flickrid>
  </source>
  <owner>
    <flickrid>Andrea Blackler</flickrid>
    <name>?</name>
  </owner>
  <size>
    <width>375</width>
    <height>500</height>
    <depth>3</depth>
  </size>
  <segmented>0</segmented>
  <object>
    <name>cow</name>
    <pose>Unspecified</pose>
    <truncated>1</truncated>
    <difficult>0</difficult>
    <bndbox>
      <xmin>114</xmin>
      <ymin>242</ymin>
      <xmax>375</xmax>
      <ymax>500</ymax>
    </bndbox>
  </object>
  <object>
    <name>bird</name>
    <pose>Unspecified</pose>
    <truncated>0</truncated>
    <difficult>1</difficult>
    <bndbox>
      <xmin>359</xmin>
      <ymin>204</ymin>
      <xmax>373</xmax>
      <ymax>223</ymax>
    </bndbox>
  </object>
  <object>
    <name>bird</name>
    <pose>Unspecified</pose>
    <truncated>0</truncated>
    <difficult>0</difficult>
    <bndbox>
      <xmin>234</xmin>
      <ymin>230</ymin>
      <xmax>256</xmax>
      <ymax>263</ymax>
    </bndbox>
  </object>
  <object>
    <name>bird</name>
    <pose>Unspecified</pose>
    <truncated>0</truncated>
    <difficult>0</difficult>
    <bndbox>
      <xmin>293</xmin>
      <ymin>198</ymin>
      <xmax>309</xmax>
      <ymax>215</ymax>
    </bndbox>
  </object>
  <object>
    <name>bird</name>
    <pose>Unspecified</pose>
    <truncated>0</truncated>
    <difficult>1</difficult>
    <bndbox>
      <xmin>188</xmin>
      <ymin>217</ymin>
      <xmax>216</xmax>
      <ymax>236</ymax>
    </bndbox>
  </object>
  <object>
    <name>bird</name>
    <pose>Unspecified</pose>
    <truncated>0</truncated>
    <difficult>1</difficult>
    <bndbox>
      <xmin>113</xmin>
      <ymin>203</ymin>
      <xmax>137</xmax>
      <ymax>229</ymax>
    </bndbox>
  </object>
  <object>
    <name>bird</name>
    <pose>Unspecified</pose>
    <truncated>0</truncated>
    <difficult>1</difficult>
    <bndbox>
      <xmin>32</xmin>
      <ymin>441</ymin>
      <xmax>51</xmax>
      <ymax>458</ymax>
    </bndbox>
  </object>
  <object>
    <name>bird</name>
    <pose>Unspecified</pose>
    <truncated>0</truncated>
    <difficult>1</difficult>
    <bndbox>
      <xmin>23</xmin>
      <ymin>450</ymin>
      <xmax>39</xmax>
      <ymax>471</ymax>
    </bndbox>
  </object>
  <object>
    <name>cow</name>
    <pose>Unspecified</pose>
    <truncated>0</truncated>
    <difficult>0</difficult>
    <bndbox>
      <xmin>8</xmin>
      <ymin>218</ymin>
      <xmax>155</xmax>
      <ymax>300</ymax>
    </bndbox>
  </object>
</annotation>
