<annotation>
  <folder>VOC2007</folder>
  <filename>001670.jpg</filename>
  <source>
    <database>The VOC2007 Database</database>
    <annotation>PASCAL VOC2007</annotation>
    <image>flickr</image>
    <flickrid>335582316</flickrid>
  </source>
  <owner>
    <flickrid>Alex Kalff</flickrid>
    <name>Alex Kalff</name>
  </owner>
  <size>
    <width>375</width>
    <height>500</height>
    <depth>3</depth>
  </size>
  <segmented>0</segmented>
  <object>
    <name>chair</name>
    <pose>Unspecified</pose>
    <truncated>1</truncated>
    <difficult>0</difficult>
    <bndbox>
      <xmin>209</xmin>
      <ymin>49</ymin>
      <xmax>339</xmax>
      <ymax>181</ymax>
    </bndbox>
  </object>
  <object>
    <name>chair</name>
    <pose>Unspecified</pose>
    <truncated>1</truncated>
    <difficult>0</difficult>
    <bndbox>
      <xmin>306</xmin>
      <ymin>33</ymin>
      <xmax>375</xmax>
      <ymax>128</ymax>
    </bndbox>
  </object>
  <object>
    <name>cow</name>
    <pose>Unspecified</pose>
    <truncated>0</truncated>
    <difficult>0</difficult>
    <bndbox>
      <xmin>75</xmin>
      <ymin>36</ymin>
      <xmax>222</xmax>
      <ymax>118</ymax>
    </bndbox>
  </object>
</annotation>
