<annotation>
  <folder>VOC2007</folder>
  <filename>001773.jpg</filename>
  <source>
    <database>The VOC2007 Database</database>
    <annotation>PASCAL VOC2007</annotation>
    <image>flickr</image>
    <flickrid>312031284</flickrid>
  </source>
  <owner>
    <flickrid>kinemapoetics</flickrid>
    <name>Charles Jensen</name>
  </owner>
  <size>
    <width>500</width>
    <height>376</height>
    <depth>3</depth>
  </size>
  <segmented>0</segmented>
  <object>
    <name>chair</name>
    <pose>Unspecified</pose>
    <truncated>1</truncated>
    <difficult>1</difficult>
    <bndbox>
      <xmin>227</xmin>
      <ymin>194</ymin>
      <xmax>271</xmax>
      <ymax>215</ymax>
    </bndbox>
  </object>
  <object>
    <name>chair</name>
    <pose>Rear</pose>
    <truncated>0</truncated>
    <difficult>0</difficult>
    <bndbox>
      <xmin>196</xmin>
      <ymin>219</ymin>
      <xmax>277</xmax>
      <ymax>346</ymax>
    </bndbox>
  </object>
  <object>
    <name>chair</name>
    <pose>Right</pose>
    <truncated>0</truncated>
    <difficult>0</difficult>
    <bndbox>
      <xmin>107</xmin>
      <ymin>204</ymin>
      <xmax>188</xmax>
      <ymax>321</ymax>
    </bndbox>
  </object>
  <object>
    <name>cow</name>
    <pose>Unspecified</pose>
    <truncated>0</truncated>
    <difficult>0</difficult>
    <bndbox>
      <xmin>198</xmin>
      <ymin>86</ymin>
      <xmax>345</xmax>
      <ymax>168</ymax>
    </bndbox>
  </object>
</annotation>
