<annotation>
  <folder>VOC2007</folder>
  <filename>001740.jpg</filename>
  <source>
    <database>The VOC2007 Database</database>
    <annotation>PASCAL VOC2007</annotation>
    <image>flickr</image>
    <flickrid>332012994</flickrid>
  </source>
  <owner>
    <flickrid>digitalia</flickrid>
    <name>digitalia</name>
  </owner>
  <size>
    <width>500</width>
    <height>375</height>
    <depth>3</depth>
  </size>
  <segmented>0</segmented>
  <object>
    <name>diningtable</name>
    <pose>Unspecified</pose>
    <truncated>1</truncated>
    <difficult>0</difficult>
    <bndbox>
      <xmin>5</xmin>
      <ymin>43</ymin>
      <xmax>497</xmax>
      <ymax>373</ymax>
    </bndbox>
  </object>
  <object>
    <name>cow</name>
    <pose>Unspecified</pose>
    <truncated>0</truncated>
    <difficult>0</difficult>
    <bndbox>
      <xmin>203</xmin>
      <ymin>39</ymin>
      <xmax>350</xmax>
      <ymax>121</ymax>
    </bndbox>
  </object>
</annotation>
