<annotation>
  <folder>VOC2007</folder>
  <filename>001716.jpg</filename>
  <source>
    <database>The VOC2007 Database</database>
    <annotation>PASCAL VOC2007</annotation>
    <image>flickr</image>
    <flickrid>325396757</flickrid>
  </source>
  <owner>
    <flickrid>pamramsey</flickrid>
    <name>?</name>
  </owner>
  <size>
    <width>500</width>
    <height>325</height>
    <depth>3</depth>
  </size>
  <segmented>0</segmented>
  <object>
    <name>cow</name>
    <pose>Unspecified</pose>
    <truncated>0</truncated>
    <difficult>1</difficult>
    <bndbox>
      <xmin>454</xmin>
      <ymin>191</ymin>
      <xmax>495</xmax>
      <ymax>216</ymax>
    </bndbox>
  </object>
  <object>
    <name>cow</name>
    <pose>Unspecified</pose>
    <truncated>0</truncated>
    <difficult>1</difficult>
    <bndbox>
      <xmin>386</xmin>
      <ymin>166</ymin>
      <xmax>409</xmax>
      <ymax>189</ymax>
    </bndbox>
  </object>
  <object>
    <name>cow</name>
    <pose>Right</pose>
    <truncated>0</truncated>
    <difficult>0</difficult>
    <bndbox>
      <xmin>265</xmin>
      <ymin>181</ymin>
      <xmax>321</xmax>
      <ymax>234</ymax>
    </bndbox>
  </object>
  <object>
    <name>cow</name>
    <pose>Unspecified</pose>
    <truncated>1</truncated>
    <difficult>1</difficult>
    <bndbox>
      <xmin>274</xmin>
      <ymin>150</ymin>
      <xmax>302</xmax>
      <ymax>182</ymax>
    </bndbox>
  </object>
  <object>
    <name>cow</name>
    <pose>Unspecified</pose>
    <truncated>0</truncated>
    <difficult>1</difficult>
    <bndbox>
      <xmin>252</xmin>
      <ymin>167</ymin>
      <xmax>273</xmax>
      <ymax>210</ymax>
    </bndbox>
  </object>
  <object>
    <name>cow</name>
    <pose>Unspecified</pose>
    <truncated>0</truncated>
    <difficult>1</difficult>
    <bndbox>
      <xmin>213</xmin>
      <ymin>176</ymin>
      <xmax>255</xmax>
      <ymax>238</ymax>
    </bndbox>
  </object>
  <object>
    <name>cow</name>
    <pose>Unspecified</pose>
    <truncated>0</truncated>
    <difficult>1</difficult>
    <bndbox>
      <xmin>170</xmin>
      <ymin>160</ymin>
      <xmax>206</xmax>
      <ymax>223</ymax>
    </bndbox>
  </object>
  <object>
    <name>cow</name>
    <pose>Unspecified</pose>
    <truncated>1</truncated>
    <difficult>1</difficult>
    <bndbox>
      <xmin>122</xmin>
      <ymin>148</ymin>
      <xmax>168</xmax>
      <ymax>199</ymax>
    </bndbox>
  </object>
  <object>
    <name>cow</name>
    <pose>Unspecified</pose>
    <truncated>0</truncated>
    <difficult>1</difficult>
    <bndbox>
      <xmin>114</xmin>
      <ymin>108</ymin>
      <xmax>171</xmax>
      <ymax>163</ymax>
    </bndbox>
  </object>
  <object>
    <name>cow</name>
    <pose>Unspecified</pose>
    <truncated>0</truncated>
    <difficult>0</difficult>
    <bndbox>
      <xmin>347</xmin>
      <ymin>217</ymin>
      <xmax>494</xmax>
      <ymax>299</ymax>
    </bndbox>
  </object>
</annotation>
