<annotation>
  <folder>VOC2007</folder>
  <filename>001829.jpg</filename>
  <source>
    <database>The VOC2007 Database</database>
    <annotation>PASCAL VOC2007</annotation>
    <image>flickr</image>
    <flickrid>336751453</flickrid>
  </source>
  <owner>
    <flickrid>angies</flickrid>
    <name>Angie Muldowney</name>
  </owner>
  <size>
    <width>375</width>
    <height>500</height>
    <depth>3</depth>
  </size>
  <segmented>0</segmented>
  <object>
    <name>bottle</name>
    <pose>Unspecified</pose>
    <truncated>1</truncated>
    <difficult>0</difficult>
    <bndbox>
      <xmin>48</xmin>
      <ymin>373</ymin>
      <xmax>111</xmax>
      <ymax>500</ymax>
    </bndbox>
  </object>
  <object>
    <name>cow</name>
    <pose>Unspecified</pose>
    <truncated>0</truncated>
    <difficult>0</difficult>
    <bndbox>
      <xmin>175</xmin>
      <ymin>206</ymin>
      <xmax>322</xmax>
      <ymax>288</ymax>
    </bndbox>
  </object>
</annotation>
