<annotation>
  <folder>VOC2007</folder>
  <filename>001811.jpg</filename>
  <source>
    <database>The VOC2007 Database</database>
    <annotation>PASCAL VOC2007</annotation>
    <image>flickr</image>
    <flickrid>319207848</flickrid>
  </source>
  <owner>
    <flickrid>AJKandy</flickrid>
    <name>AJ</name>
  </owner>
  <size>
    <width>500</width>
    <height>375</height>
    <depth>3</depth>
  </size>
  <segmented>0</segmented>
  <object>
    <name>tvmonitor</name>
    <pose>Unspecified</pose>
    <truncated>0</truncated>
    <difficult>1</difficult>
    <bndbox>
      <xmin>294</xmin>
      <ymin>149</ymin>
      <xmax>341</xmax>
      <ymax>186</ymax>
    </bndbox>
  </object>
  <object>
    <name>sofa</name>
    <pose>Unspecified</pose>
    <truncated>1</truncated>
    <difficult>1</difficult>
    <bndbox>
      <xmin>118</xmin>
      <ymin>189</ymin>
      <xmax>351</xmax>
      <ymax>291</ymax>
    </bndbox>
  </object>
  <object>
    <name>sofa</name>
    <pose>Unspecified</pose>
    <truncated>1</truncated>
    <difficult>1</difficult>
    <bndbox>
      <xmin>354</xmin>
      <ymin>199</ymin>
      <xmax>500</xmax>
      <ymax>285</ymax>
    </bndbox>
  </object>
  <object>
    <name>chair</name>
    <pose>Unspecified</pose>
    <truncated>1</truncated>
    <difficult>1</difficult>
    <bndbox>
      <xmin>412</xmin>
      <ymin>162</ymin>
      <xmax>457</xmax>
      <ymax>197</ymax>
    </bndbox>
  </object>
  <object>
    <name>chair</name>
    <pose>Unspecified</pose>
    <truncated>1</truncated>
    <difficult>1</difficult>
    <bndbox>
      <xmin>135</xmin>
      <ymin>175</ymin>
      <xmax>166</xmax>
      <ymax>193</ymax>
    </bndbox>
  </object>
  <object>
    <name>pottedplant</name>
    <pose>Unspecified</pose>
    <truncated>1</truncated>
    <difficult>0</difficult>
    <bndbox>
      <xmin>1</xmin>
      <ymin>167</ymin>
      <xmax>40</xmax>
      <ymax>241</ymax>
    </bndbox>
  </object>
  <object>
    <name>pottedplant</name>
    <pose>Unspecified</pose>
    <truncated>1</truncated>
    <difficult>1</difficult>
    <bndbox>
      <xmin>170</xmin>
      <ymin>109</ymin>
      <xmax>197</xmax>
      <ymax>193</ymax>
    </bndbox>
  </object>
  <object>
    <name>pottedplant</name>
    <pose>Unspecified</pose>
    <truncated>1</truncated>
    <difficult>0</difficult>
    <bndbox>
      <xmin>196</xmin>
      <ymin>169</ymin>
      <xmax>222</xmax>
      <ymax>195</ymax>
    </bndbox>
  </object>
  <object>
    <name>cow</name>
    <pose>Unspecified</pose>
    <truncated>0</truncated>
    <difficult>0</difficult>
    <bndbox>
      <xmin>295</xmin>
      <ymin>129</ymin>
      <xmax>442</xmax>
      <ymax>211</ymax>
    </bndbox>
  </object>
</annotation>
