<annotation>
  <folder>VOC2007</folder>
  <filename>001805.jpg</filename>
  <source>
    <database>The VOC2007 Database</database>
    <annotation>PASCAL VOC2007</annotation>
    <image>flickr</image>
    <flickrid>331219073</flickrid>
  </source>
  <owner>
    <flickrid>brighterworlds</flickrid>
    <name>Tracey</name>
  </owner>
  <size>
    <width>500</width>
    <height>332</height>
    <depth>3</depth>
  </size>
  <segmented>0</segmented>
  <object>
    <name>person</name>
    <pose>Left</pose>
    <truncated>1</truncated>
    <difficult>0</difficult>
    <bndbox>
      <xmin>331</xmin>
      <ymin>12</ymin>
      <xmax>500</xmax>
      <ymax>332</ymax>
    </bndbox>
  </object>
  <object>
    <name>person</name>
    <pose>Right</pose>
    <truncated>1</truncated>
    <difficult>0</difficult>
    <bndbox>
      <xmin>43</xmin>
      <ymin>46</ymin>
      <xmax>157</xmax>
      <ymax>218</ymax>
    </bndbox>
  </object>
  <object>
    <name>chair</name>
    <pose>Unspecified</pose>
    <truncated>1</truncated>
    <difficult>1</difficult>
    <bndbox>
      <xmin>259</xmin>
      <ymin>97</ymin>
      <xmax>379</xmax>
      <ymax>148</ymax>
    </bndbox>
  </object>
  <object>
    <name>chair</name>
    <pose>Unspecified</pose>
    <truncated>1</truncated>
    <difficult>1</difficult>
    <bndbox>
      <xmin>3</xmin>
      <ymin>128</ymin>
      <xmax>39</xmax>
      <ymax>221</ymax>
    </bndbox>
  </object>
  <object>
    <name>diningtable</name>
    <pose>Unspecified</pose>
    <truncated>1</truncated>
    <difficult>0</difficult>
    <bndbox>
      <xmin>5</xmin>
      <ymin>130</ymin>
      <xmax>417</xmax>
      <ymax>332</ymax>
    </bndbox>
  </object>
  <object>
    <name>cow</name>
    <pose>Unspecified</pose>
    <truncated>0</truncated>
    <difficult>0</difficult>
    <bndbox>
      <xmin>345</xmin>
      <ymin>79</ymin>
      <xmax>492</xmax>
      <ymax>161</ymax>
    </bndbox>
  </object>
</annotation>
