<annotation>
  <folder>VOC2007</folder>
  <filename>002092.jpg</filename>
  <source>
    <database>The VOC2007 Database</database>
    <annotation>PASCAL VOC2007</annotation>
    <image>flickr</image>
    <flickrid>327443501</flickrid>
  </source>
  <owner>
    <flickrid>hikayeanlaticisi</flickrid>
    <name>selin yurdakul</name>
  </owner>
  <size>
    <width>387</width>
    <height>500</height>
    <depth>3</depth>
  </size>
  <segmented>0</segmented>
  <object>
    <name>cow</name>
    <pose>Left</pose>
    <truncated>0</truncated>
    <difficult>0</difficult>
    <bndbox>
      <xmin>105</xmin>
      <ymin>324</ymin>
      <xmax>215</xmax>
      <ymax>412</ymax>
    </bndbox>
  </object>
  <object>
    <name>cow</name>
    <pose>Left</pose>
    <truncated>1</truncated>
    <difficult>0</difficult>
    <bndbox>
      <xmin>11</xmin>
      <ymin>342</ymin>
      <xmax>91</xmax>
      <ymax>424</ymax>
    </bndbox>
  </object>
  <object>
    <name>cow</name>
    <pose>Unspecified</pose>
    <truncated>0</truncated>
    <difficult>0</difficult>
    <bndbox>
      <xmin>112</xmin>
      <ymin>375</ymin>
      <xmax>259</xmax>
      <ymax>457</ymax>
    </bndbox>
  </object>
</annotation>
