<annotation>
  <folder>VOC2007</folder>
  <filename>002264.jpg</filename>
  <source>
    <database>The VOC2007 Database</database>
    <annotation>PASCAL VOC2007</annotation>
    <image>flickr</image>
    <flickrid>329543959</flickrid>
  </source>
  <owner>
    <flickrid>ButterLover</flickrid>
    <name>Sara McLoud</name>
  </owner>
  <size>
    <width>375</width>
    <height>500</height>
    <depth>3</depth>
  </size>
  <segmented>0</segmented>
  <object>
    <name>chair</name>
    <pose>Frontal</pose>
    <truncated>0</truncated>
    <difficult>0</difficult>
    <bndbox>
      <xmin>210</xmin>
      <ymin>219</ymin>
      <xmax>274</xmax>
      <ymax>363</ymax>
    </bndbox>
  </object>
  <object>
    <name>cow</name>
    <pose>Unspecified</pose>
    <truncated>0</truncated>
    <difficult>0</difficult>
    <bndbox>
      <xmin>136</xmin>
      <ymin>202</ymin>
      <xmax>283</xmax>
      <ymax>284</ymax>
    </bndbox>
  </object>
</annotation>
