<annotation>
  <folder>VOC2007</folder>
  <filename>002463.jpg</filename>
  <source>
    <database>The VOC2007 Database</database>
    <annotation>PASCAL VOC2007</annotation>
    <image>flickr</image>
    <flickrid>224118102</flickrid>
  </source>
  <owner>
    <flickrid>suburbanite</flickrid>
    <name>Angie</name>
  </owner>
  <size>
    <width>333</width>
    <height>500</height>
    <depth>3</depth>
  </size>
  <segmented>0</segmented>
  <object>
    <name>person</name>
    <pose>Unspecified</pose>
    <truncated>0</truncated>
    <difficult>0</difficult>
    <part>
      <name>head</name>
      <bndbox>
        <xmin>212</xmin>
        <ymin>152</ymin>
        <xmax>257</xmax>
        <ymax>200</ymax>
      </bndbox>
    </part>
    <part>
      <name>hand</name>
      <bndbox>
        <xmin>205</xmin>
        <ymin>260</ymin>
        <xmax>229</xmax>
        <ymax>296</ymax>
      </bndbox>
    </part>
    <part>
      <name>hand</name>
      <bndbox>
        <xmin>211</xmin>
        <ymin>298</ymin>
        <xmax>240</xmax>
        <ymax>322</ymax>
      </bndbox>
    </part>
    <part>
      <name>foot</name>
      <bndbox>
        <xmin>274</xmin>
        <ymin>403</ymin>
        <xmax>305</xmax>
        <ymax>445</ymax>
      </bndbox>
    </part>
    <part>
      <name>foot</name>
      <bndbox>
        <xmin>189</xmin>
        <ymin>417</ymin>
        <xmax>242</xmax>
        <ymax>453</ymax>
      </bndbox>
    </part>
    <bndbox>
      <xmin>183</xmin>
      <ymin>152</ymin>
      <xmax>308</xmax>
      <ymax>455</ymax>
    </bndbox>
  </object>
  <object>
    <name>person</name>
    <pose>Unspecified</pose>
    <truncated>0</truncated>
    <difficult>0</difficult>
    <part>
      <name>foot</name>
      <bndbox>
        <xmin>140</xmin>
        <ymin>414</ymin>
        <xmax>198</xmax>
        <ymax>449</ymax>
      </bndbox>
    </part>
    <part>
      <name>foot</name>
      <bndbox>
        <xmin>63</xmin>
        <ymin>425</ymin>
        <xmax>107</xmax>
        <ymax>466</ymax>
      </bndbox>
    </part>
    <part>
      <name>hand</name>
      <bndbox>
        <xmin>47</xmin>
        <ymin>176</ymin>
        <xmax>86</xmax>
        <ymax>205</ymax>
      </bndbox>
    </part>
    <part>
      <name>head</name>
      <bndbox>
        <xmin>72</xmin>
        <ymin>32</ymin>
        <xmax>124</xmax>
        <ymax>86</ymax>
      </bndbox>
    </part>
    <bndbox>
      <xmin>3</xmin>
      <ymin>28</ymin>
      <xmax>202</xmax>
      <ymax>464</ymax>
    </bndbox>
  </object>
  <object>
    <name>person</name>
    <pose>Unspecified</pose>
    <truncated>1</truncated>
    <difficult>0</difficult>
    <part>
      <name>head</name>
      <bndbox>
        <xmin>185</xmin>
        <ymin>112</ymin>
        <xmax>230</xmax>
        <ymax>158</ymax>
      </bndbox>
    </part>
    <part>
      <name>hand</name>
      <bndbox>
        <xmin>152</xmin>
        <ymin>249</ymin>
        <xmax>165</xmax>
        <ymax>263</ymax>
      </bndbox>
    </part>
    <bndbox>
      <xmin>156</xmin>
      <ymin>111</ymin>
      <xmax>268</xmax>
      <ymax>261</ymax>
    </bndbox>
  </object>
  <object>
    <name>chair</name>
    <pose>Unspecified</pose>
    <truncated>1</truncated>
    <difficult>0</difficult>
    <bndbox>
      <xmin>263</xmin>
      <ymin>208</ymin>
      <xmax>333</xmax>
      <ymax>440</ymax>
    </bndbox>
  </object>
  <object>
    <name>chair</name>
    <pose>Unspecified</pose>
    <truncated>1</truncated>
    <difficult>1</difficult>
    <bndbox>
      <xmin>5</xmin>
      <ymin>311</ymin>
      <xmax>111</xmax>
      <ymax>410</ymax>
    </bndbox>
  </object>
  <object>
    <name>diningtable</name>
    <pose>Unspecified</pose>
    <truncated>1</truncated>
    <difficult>1</difficult>
    <bndbox>
      <xmin>1</xmin>
      <ymin>258</ymin>
      <xmax>205</xmax>
      <ymax>291</ymax>
    </bndbox>
  </object>
  <object>
    <name>cow</name>
    <pose>Unspecified</pose>
    <truncated>0</truncated>
    <difficult>0</difficult>
    <bndbox>
      <xmin>14</xmin>
      <ymin>340</ymin>
      <xmax>161</xmax>
      <ymax>422</ymax>
    </bndbox>
  </object>
</annotation>
