<annotation>
  <folder>VOC2007</folder>
  <filename>002536.jpg</filename>
  <source>
    <database>The VOC2007 Database</database>
    <annotation>PASCAL VOC2007</annotation>
    <image>flickr</image>
    <flickrid>338605206</flickrid>
  </source>
  <owner>
    <flickrid>lsalcedo</flickrid>
    <name>Leon Salcedo</name>
  </owner>
  <size>
    <width>500</width>
    <height>333</height>
    <depth>3</depth>
  </size>
  <segmented>0</segmented>
  <object>
    <name>diningtable</name>
    <pose>Unspecified</pose>
    <truncated>0</truncated>
    <difficult>0</difficult>
    <bndbox>
      <xmin>3</xmin>
      <ymin>136</ymin>
      <xmax>489</xmax>
      <ymax>330</ymax>
    </bndbox>
  </object>
  <object>
    <name>bottle</name>
    <pose>Unspecified</pose>
    <truncated>0</truncated>
    <difficult>0</difficult>
    <bndbox>
      <xmin>246</xmin>
      <ymin>117</ymin>
      <xmax>266</xmax>
      <ymax>180</ymax>
    </bndbox>
  </object>
  <object>
    <name>cow</name>
    <pose>Unspecified</pose>
    <truncated>0</truncated>
    <difficult>0</difficult>
    <bndbox>
      <xmin>341</xmin>
      <ymin>99</ymin>
      <xmax>488</xmax>
      <ymax>181</ymax>
    </bndbox>
  </object>
</annotation>
