<annotation>
  <folder>VOC2007</folder>
  <filename>002676.jpg</filename>
  <source>
    <database>The VOC2007 Database</database>
    <annotation>PASCAL VOC2007</annotation>
    <image>flickr</image>
    <flickrid>316687823</flickrid>
  </source>
  <owner>
    <flickrid>subindie</flickrid>
    <name>?</name>
  </owner>
  <size>
    <width>500</width>
    <height>333</height>
    <depth>3</depth>
  </size>
  <segmented>0</segmented>
  <object>
    <name>cow</name>
    <pose>Right</pose>
    <truncated>0</truncated>
    <difficult>0</difficult>
    <bndbox>
      <xmin>426</xmin>
      <ymin>273</ymin>
      <xmax>458</xmax>
      <ymax>296</ymax>
    </bndbox>
  </object>
  <object>
    <name>cow</name>
    <pose>Right</pose>
    <truncated>0</truncated>
    <difficult>0</difficult>
    <bndbox>
      <xmin>382</xmin>
      <ymin>271</ymin>
      <xmax>418</xmax>
      <ymax>300</ymax>
    </bndbox>
  </object>
  <object>
    <name>cow</name>
    <pose>Frontal</pose>
    <truncated>0</truncated>
    <difficult>0</difficult>
    <bndbox>
      <xmin>348</xmin>
      <ymin>244</ymin>
      <xmax>384</xmax>
      <ymax>296</ymax>
    </bndbox>
  </object>
  <object>
    <name>cow</name>
    <pose>Unspecified</pose>
    <truncated>0</truncated>
    <difficult>0</difficult>
    <bndbox>
      <xmin>286</xmin>
      <ymin>252</ymin>
      <xmax>337</xmax>
      <ymax>304</ymax>
    </bndbox>
  </object>
  <object>
    <name>cow</name>
    <pose>Unspecified</pose>
    <truncated>0</truncated>
    <difficult>0</difficult>
    <bndbox>
      <xmin>245</xmin>
      <ymin>248</ymin>
      <xmax>286</xmax>
      <ymax>299</ymax>
    </bndbox>
  </object>
  <object>
    <name>cow</name>
    <pose>Unspecified</pose>
    <truncated>0</truncated>
    <difficult>0</difficult>
    <bndbox>
      <xmin>204</xmin>
      <ymin>252</ymin>
      <xmax>256</xmax>
      <ymax>308</ymax>
    </bndbox>
  </object>
  <object>
    <name>cow</name>
    <pose>Unspecified</pose>
    <truncated>0</truncated>
    <difficult>1</difficult>
    <bndbox>
      <xmin>215</xmin>
      <ymin>282</ymin>
      <xmax>238</xmax>
      <ymax>309</ymax>
    </bndbox>
  </object>
  <object>
    <name>cow</name>
    <pose>Unspecified</pose>
    <truncated>0</truncated>
    <difficult>0</difficult>
    <bndbox>
      <xmin>130</xmin>
      <ymin>33</ymin>
      <xmax>277</xmax>
      <ymax>115</ymax>
    </bndbox>
  </object>
</annotation>
