<annotation>
  <folder>VOC2007</folder>
  <filename>002617.jpg</filename>
  <source>
    <database>The VOC2007 Database</database>
    <annotation>PASCAL VOC2007</annotation>
    <image>flickr</image>
    <flickrid>322600378</flickrid>
  </source>
  <owner>
    <flickrid>kopu0798</flickrid>
    <name>?</name>
  </owner>
  <size>
    <width>500</width>
    <height>375</height>
    <depth>3</depth>
  </size>
  <segmented>0</segmented>
  <object>
    <name>chair</name>
    <pose>Unspecified</pose>
    <truncated>1</truncated>
    <difficult>0</difficult>
    <bndbox>
      <xmin>46</xmin>
      <ymin>134</ymin>
      <xmax>125</xmax>
      <ymax>232</ymax>
    </bndbox>
  </object>
  <object>
    <name>chair</name>
    <pose>Unspecified</pose>
    <truncated>1</truncated>
    <difficult>0</difficult>
    <bndbox>
      <xmin>13</xmin>
      <ymin>129</ymin>
      <xmax>67</xmax>
      <ymax>220</ymax>
    </bndbox>
  </object>
  <object>
    <name>tvmonitor</name>
    <pose>Unspecified</pose>
    <truncated>1</truncated>
    <difficult>1</difficult>
    <bndbox>
      <xmin>370</xmin>
      <ymin>192</ymin>
      <xmax>417</xmax>
      <ymax>247</ymax>
    </bndbox>
  </object>
  <object>
    <name>cow</name>
    <pose>Unspecified</pose>
    <truncated>0</truncated>
    <difficult>0</difficult>
    <bndbox>
      <xmin>304</xmin>
      <ymin>249</ymin>
      <xmax>451</xmax>
      <ymax>331</ymax>
    </bndbox>
  </object>
</annotation>
