<annotation>
  <folder>VOC2007</folder>
  <filename>002799.jpg</filename>
  <source>
    <database>The VOC2007 Database</database>
    <annotation>PASCAL VOC2007</annotation>
    <image>flickr</image>
    <flickrid>336472740</flickrid>
  </source>
  <owner>
    <flickrid>angelicchiatrullall</flickrid>
    <name>angela m</name>
  </owner>
  <size>
    <width>500</width>
    <height>376</height>
    <depth>3</depth>
  </size>
  <segmented>0</segmented>
  <object>
    <name>diningtable</name>
    <pose>Unspecified</pose>
    <truncated>1</truncated>
    <difficult>0</difficult>
    <bndbox>
      <xmin>6</xmin>
      <ymin>133</ymin>
      <xmax>500</xmax>
      <ymax>376</ymax>
    </bndbox>
  </object>
  <object>
    <name>cow</name>
    <pose>Unspecified</pose>
    <truncated>0</truncated>
    <difficult>0</difficult>
    <bndbox>
      <xmin>336</xmin>
      <ymin>33</ymin>
      <xmax>483</xmax>
      <ymax>115</ymax>
    </bndbox>
  </object>
</annotation>
