<annotation>
  <folder>VOC2007</folder>
  <filename>002789.jpg</filename>
  <source>
    <database>The VOC2007 Database</database>
    <annotation>PASCAL VOC2007</annotation>
    <image>flickr</image>
    <flickrid>324188724</flickrid>
  </source>
  <owner>
    <flickrid>radioskip</flickrid>
    <name>?</name>
  </owner>
  <size>
    <width>500</width>
    <height>314</height>
    <depth>3</depth>
  </size>
  <segmented>1</segmented>
  <object>
    <name>person</name>
    <pose>Left</pose>
    <truncated>0</truncated>
    <difficult>0</difficult>
    <bndbox>
      <xmin>376</xmin>
      <ymin>128</ymin>
      <xmax>427</xmax>
      <ymax>222</ymax>
    </bndbox>
  </object>
  <object>
    <name>cow</name>
    <pose>Right</pose>
    <truncated>0</truncated>
    <difficult>0</difficult>
    <bndbox>
      <xmin>50</xmin>
      <ymin>130</ymin>
      <xmax>174</xmax>
      <ymax>219</ymax>
    </bndbox>
  </object>
  <object>
    <name>cow</name>
    <pose>Unspecified</pose>
    <truncated>1</truncated>
    <difficult>1</difficult>
    <bndbox>
      <xmin>195</xmin>
      <ymin>170</ymin>
      <xmax>205</xmax>
      <ymax>187</ymax>
    </bndbox>
  </object>
  <object>
    <name>cow</name>
    <pose>Unspecified</pose>
    <truncated>0</truncated>
    <difficult>1</difficult>
    <bndbox>
      <xmin>220</xmin>
      <ymin>172</ymin>
      <xmax>241</xmax>
      <ymax>189</ymax>
    </bndbox>
  </object>
  <object>
    <name>cow</name>
    <pose>Unspecified</pose>
    <truncated>1</truncated>
    <difficult>1</difficult>
    <bndbox>
      <xmin>478</xmin>
      <ymin>196</ymin>
      <xmax>500</xmax>
      <ymax>206</ymax>
    </bndbox>
  </object>
  <object>
    <name>cow</name>
    <pose>Unspecified</pose>
    <truncated>0</truncated>
    <difficult>1</difficult>
    <bndbox>
      <xmin>461</xmin>
      <ymin>194</ymin>
      <xmax>479</xmax>
      <ymax>208</ymax>
    </bndbox>
  </object>
  <object>
    <name>cow</name>
    <pose>Unspecified</pose>
    <truncated>1</truncated>
    <difficult>1</difficult>
    <bndbox>
      <xmin>454</xmin>
      <ymin>191</ymin>
      <xmax>479</xmax>
      <ymax>198</ymax>
    </bndbox>
  </object>
  <object>
    <name>cow</name>
    <pose>Unspecified</pose>
    <truncated>0</truncated>
    <difficult>1</difficult>
    <bndbox>
      <xmin>415</xmin>
      <ymin>188</ymin>
      <xmax>429</xmax>
      <ymax>198</ymax>
    </bndbox>
  </object>
  <object>
    <name>cow</name>
    <pose>Unspecified</pose>
    <truncated>1</truncated>
    <difficult>1</difficult>
    <bndbox>
      <xmin>375</xmin>
      <ymin>188</ymin>
      <xmax>397</xmax>
      <ymax>198</ymax>
    </bndbox>
  </object>
  <object>
    <name>car</name>
    <pose>Right</pose>
    <truncated>0</truncated>
    <difficult>0</difficult>
    <bndbox>
      <xmin>459</xmin>
      <ymin>174</ymin>
      <xmax>485</xmax>
      <ymax>184</ymax>
    </bndbox>
  </object>
  <object>
    <name>car</name>
    <pose>Unspecified</pose>
    <truncated>1</truncated>
    <difficult>1</difficult>
    <bndbox>
      <xmin>376</xmin>
      <ymin>175</ymin>
      <xmax>402</xmax>
      <ymax>182</ymax>
    </bndbox>
  </object>
  <object>
    <name>car</name>
    <pose>Unspecified</pose>
    <truncated>0</truncated>
    <difficult>1</difficult>
    <bndbox>
      <xmin>314</xmin>
      <ymin>173</ymin>
      <xmax>337</xmax>
      <ymax>184</ymax>
    </bndbox>
  </object>
  <object>
    <name>car</name>
    <pose>Unspecified</pose>
    <truncated>0</truncated>
    <difficult>1</difficult>
    <bndbox>
      <xmin>239</xmin>
      <ymin>173</ymin>
      <xmax>259</xmax>
      <ymax>182</ymax>
    </bndbox>
  </object>
  <object>
    <name>cow</name>
    <pose>Unspecified</pose>
    <truncated>0</truncated>
    <difficult>0</difficult>
    <bndbox>
      <xmin>141</xmin>
      <ymin>64</ymin>
      <xmax>288</xmax>
      <ymax>146</ymax>
    </bndbox>
  </object>
</annotation>
