<annotation>
  <folder>VOC2007</folder>
  <filename>002792.jpg</filename>
  <source>
    <database>The VOC2007 Database</database>
    <annotation>PASCAL VOC2007</annotation>
    <image>flickr</image>
    <flickrid>329429227</flickrid>
  </source>
  <owner>
    <flickrid>onlymerk!</flickrid>
    <name>?</name>
  </owner>
  <size>
    <width>500</width>
    <height>375</height>
    <depth>3</depth>
  </size>
  <segmented>0</segmented>
  <object>
    <name>tvmonitor</name>
    <pose>Frontal</pose>
    <truncated>0</truncated>
    <difficult>0</difficult>
    <bndbox>
      <xmin>29</xmin>
      <ymin>25</ymin>
      <xmax>265</xmax>
      <ymax>190</ymax>
    </bndbox>
  </object>
  <object>
    <name>person</name>
    <pose>Unspecified</pose>
    <truncated>1</truncated>
    <difficult>0</difficult>
    <bndbox>
      <xmin>2</xmin>
      <ymin>47</ymin>
      <xmax>225</xmax>
      <ymax>374</ymax>
    </bndbox>
    <part>
      <name>head</name>
      <bndbox>
        <xmin>30</xmin>
        <ymin>63</ymin>
        <xmax>105</xmax>
        <ymax>133</ymax>
      </bndbox>
    </part>
    <part>
      <name>hand</name>
      <bndbox>
        <xmin>128</xmin>
        <ymin>253</ymin>
        <xmax>156</xmax>
        <ymax>290</ymax>
      </bndbox>
    </part>
    <part>
      <name>hand</name>
      <bndbox>
        <xmin>130</xmin>
        <ymin>288</ymin>
        <xmax>180</xmax>
        <ymax>336</ymax>
      </bndbox>
    </part>
    <part>
      <name>foot</name>
      <bndbox>
        <xmin>88</xmin>
        <ymin>325</ymin>
        <xmax>174</xmax>
        <ymax>375</ymax>
      </bndbox>
    </part>
  </object>
  <object>
    <name>person</name>
    <pose>Unspecified</pose>
    <truncated>1</truncated>
    <difficult>0</difficult>
    <bndbox>
      <xmin>194</xmin>
      <ymin>75</ymin>
      <xmax>426</xmax>
      <ymax>375</ymax>
    </bndbox>
    <part>
      <name>head</name>
      <bndbox>
        <xmin>249</xmin>
        <ymin>79</ymin>
        <xmax>299</xmax>
        <ymax>142</ymax>
      </bndbox>
    </part>
    <part>
      <name>hand</name>
      <bndbox>
        <xmin>231</xmin>
        <ymin>227</ymin>
        <xmax>262</xmax>
        <ymax>254</ymax>
      </bndbox>
    </part>
    <part>
      <name>hand</name>
      <bndbox>
        <xmin>307</xmin>
        <ymin>218</ymin>
        <xmax>324</xmax>
        <ymax>232</ymax>
      </bndbox>
    </part>
    <part>
      <name>foot</name>
      <bndbox>
        <xmin>369</xmin>
        <ymin>273</ymin>
        <xmax>425</xmax>
        <ymax>323</ymax>
      </bndbox>
    </part>
  </object>
  <object>
    <name>person</name>
    <pose>Frontal</pose>
    <truncated>0</truncated>
    <difficult>0</difficult>
    <bndbox>
      <xmin>371</xmin>
      <ymin>66</ymin>
      <xmax>471</xmax>
      <ymax>365</ymax>
    </bndbox>
    <part>
      <name>head</name>
      <bndbox>
        <xmin>415</xmin>
        <ymin>67</ymin>
        <xmax>458</xmax>
        <ymax>127</ymax>
      </bndbox>
    </part>
    <part>
      <name>hand</name>
      <bndbox>
        <xmin>419</xmin>
        <ymin>142</ymin>
        <xmax>452</xmax>
        <ymax>169</ymax>
      </bndbox>
    </part>
    <part>
      <name>foot</name>
      <bndbox>
        <xmin>420</xmin>
        <ymin>330</ymin>
        <xmax>447</xmax>
        <ymax>364</ymax>
      </bndbox>
    </part>
    <part>
      <name>foot</name>
      <bndbox>
        <xmin>375</xmin>
        <ymin>301</ymin>
        <xmax>414</xmax>
        <ymax>338</ymax>
      </bndbox>
    </part>
  </object>
  <object>
    <name>chair</name>
    <pose>Unspecified</pose>
    <truncated>1</truncated>
    <difficult>1</difficult>
    <bndbox>
      <xmin>219</xmin>
      <ymin>254</ymin>
      <xmax>305</xmax>
      <ymax>374</ymax>
    </bndbox>
  </object>
  <object>
    <name>cow</name>
    <pose>Unspecified</pose>
    <truncated>0</truncated>
    <difficult>0</difficult>
    <bndbox>
      <xmin>218</xmin>
      <ymin>110</ymin>
      <xmax>365</xmax>
      <ymax>192</ymax>
    </bndbox>
  </object>
</annotation>
