<annotation>
  <folder>VOC2007</folder>
  <filename>002818.jpg</filename>
  <source>
    <database>The VOC2007 Database</database>
    <annotation>PASCAL VOC2007</annotation>
    <image>flickr</image>
    <flickrid>333692270</flickrid>
  </source>
  <owner>
    <flickrid>ninjanoisy</flickrid>
    <name>?</name>
  </owner>
  <size>
    <width>500</width>
    <height>375</height>
    <depth>3</depth>
  </size>
  <segmented>0</segmented>
  <object>
    <name>cow</name>
    <pose>Unspecified</pose>
    <truncated>0</truncated>
    <difficult>0</difficult>
    <bndbox>
      <xmin>390</xmin>
      <ymin>209</ymin>
      <xmax>437</xmax>
      <ymax>259</ymax>
    </bndbox>
  </object>
  <object>
    <name>cow</name>
    <pose>Unspecified</pose>
    <truncated>0</truncated>
    <difficult>1</difficult>
    <bndbox>
      <xmin>458</xmin>
      <ymin>213</ymin>
      <xmax>496</xmax>
      <ymax>254</ymax>
    </bndbox>
  </object>
  <object>
    <name>cow</name>
    <pose>Unspecified</pose>
    <truncated>0</truncated>
    <difficult>0</difficult>
    <bndbox>
      <xmin>3</xmin>
      <ymin>215</ymin>
      <xmax>41</xmax>
      <ymax>258</ymax>
    </bndbox>
  </object>
  <object>
    <name>cow</name>
    <pose>Unspecified</pose>
    <truncated>0</truncated>
    <difficult>0</difficult>
    <bndbox>
      <xmin>3</xmin>
      <ymin>206</ymin>
      <xmax>53</xmax>
      <ymax>247</ymax>
    </bndbox>
  </object>
  <object>
    <name>cow</name>
    <pose>Rear</pose>
    <truncated>0</truncated>
    <difficult>0</difficult>
    <bndbox>
      <xmin>79</xmin>
      <ymin>216</ymin>
      <xmax>121</xmax>
      <ymax>271</ymax>
    </bndbox>
  </object>
  <object>
    <name>cow</name>
    <pose>Rear</pose>
    <truncated>0</truncated>
    <difficult>0</difficult>
    <bndbox>
      <xmin>125</xmin>
      <ymin>211</ymin>
      <xmax>154</xmax>
      <ymax>256</ymax>
    </bndbox>
  </object>
  <object>
    <name>cow</name>
    <pose>Frontal</pose>
    <truncated>0</truncated>
    <difficult>0</difficult>
    <bndbox>
      <xmin>153</xmin>
      <ymin>221</ymin>
      <xmax>182</xmax>
      <ymax>273</ymax>
    </bndbox>
  </object>
  <object>
    <name>cow</name>
    <pose>Unspecified</pose>
    <truncated>0</truncated>
    <difficult>1</difficult>
    <bndbox>
      <xmin>313</xmin>
      <ymin>223</ymin>
      <xmax>376</xmax>
      <ymax>283</ymax>
    </bndbox>
  </object>
  <object>
    <name>cow</name>
    <pose>Unspecified</pose>
    <truncated>0</truncated>
    <difficult>1</difficult>
    <bndbox>
      <xmin>266</xmin>
      <ymin>225</ymin>
      <xmax>323</xmax>
      <ymax>276</ymax>
    </bndbox>
  </object>
  <object>
    <name>cow</name>
    <pose>Unspecified</pose>
    <truncated>0</truncated>
    <difficult>1</difficult>
    <bndbox>
      <xmin>244</xmin>
      <ymin>211</ymin>
      <xmax>289</xmax>
      <ymax>265</ymax>
    </bndbox>
  </object>
  <object>
    <name>cow</name>
    <pose>Unspecified</pose>
    <truncated>0</truncated>
    <difficult>1</difficult>
    <bndbox>
      <xmin>229</xmin>
      <ymin>208</ymin>
      <xmax>276</xmax>
      <ymax>248</ymax>
    </bndbox>
  </object>
  <object>
    <name>cow</name>
    <pose>Unspecified</pose>
    <truncated>1</truncated>
    <difficult>1</difficult>
    <bndbox>
      <xmin>281</xmin>
      <ymin>204</ymin>
      <xmax>330</xmax>
      <ymax>231</ymax>
    </bndbox>
  </object>
  <object>
    <name>cow</name>
    <pose>Unspecified</pose>
    <truncated>0</truncated>
    <difficult>0</difficult>
    <bndbox>
      <xmin>291</xmin>
      <ymin>86</ymin>
      <xmax>438</xmax>
      <ymax>168</ymax>
    </bndbox>
  </object>
</annotation>
