<annotation>
  <folder>VOC2007</folder>
  <filename>002862.jpg</filename>
  <source>
    <database>The VOC2007 Database</database>
    <annotation>PASCAL VOC2007</annotation>
    <image>flickr</image>
    <flickrid>311669644</flickrid>
  </source>
  <owner>
    <flickrid>WhyteHouse</flickrid>
    <name>Melinda</name>
  </owner>
  <size>
    <width>500</width>
    <height>334</height>
    <depth>3</depth>
  </size>
  <segmented>0</segmented>
  <object>
    <name>diningtable</name>
    <pose>Unspecified</pose>
    <truncated>0</truncated>
    <difficult>0</difficult>
    <bndbox>
      <xmin>98</xmin>
      <ymin>201</ymin>
      <xmax>269</xmax>
      <ymax>325</ymax>
    </bndbox>
  </object>
  <object>
    <name>chair</name>
    <pose>Right</pose>
    <truncated>1</truncated>
    <difficult>0</difficult>
    <bndbox>
      <xmin>48</xmin>
      <ymin>244</ymin>
      <xmax>121</xmax>
      <ymax>334</ymax>
    </bndbox>
  </object>
  <object>
    <name>chair</name>
    <pose>Left</pose>
    <truncated>0</truncated>
    <difficult>0</difficult>
    <bndbox>
      <xmin>210</xmin>
      <ymin>219</ymin>
      <xmax>271</xmax>
      <ymax>306</ymax>
    </bndbox>
  </object>
  <object>
    <name>chair</name>
    <pose>Right</pose>
    <truncated>0</truncated>
    <difficult>0</difficult>
    <bndbox>
      <xmin>86</xmin>
      <ymin>202</ymin>
      <xmax>124</xmax>
      <ymax>252</ymax>
    </bndbox>
  </object>
  <object>
    <name>chair</name>
    <pose>Unspecified</pose>
    <truncated>1</truncated>
    <difficult>1</difficult>
    <bndbox>
      <xmin>215</xmin>
      <ymin>217</ymin>
      <xmax>236</xmax>
      <ymax>231</ymax>
    </bndbox>
  </object>
  <object>
    <name>chair</name>
    <pose>Unspecified</pose>
    <truncated>1</truncated>
    <difficult>1</difficult>
    <bndbox>
      <xmin>188</xmin>
      <ymin>211</ymin>
      <xmax>203</xmax>
      <ymax>223</ymax>
    </bndbox>
  </object>
  <object>
    <name>cow</name>
    <pose>Unspecified</pose>
    <truncated>0</truncated>
    <difficult>0</difficult>
    <bndbox>
      <xmin>210</xmin>
      <ymin>242</ymin>
      <xmax>357</xmax>
      <ymax>324</ymax>
    </bndbox>
  </object>
</annotation>
