<annotation>
  <folder>VOC2007</folder>
  <filename>002813.jpg</filename>
  <source>
    <database>The VOC2007 Database</database>
    <annotation>PASCAL VOC2007</annotation>
    <image>flickr</image>
    <flickrid>286085132</flickrid>
  </source>
  <owner>
    <flickrid>Tiny Tomato</flickrid>
    <name>Eveliina</name>
  </owner>
  <size>
    <width>500</width>
    <height>375</height>
    <depth>3</depth>
  </size>
  <segmented>0</segmented>
  <object>
    <name>chair</name>
    <pose>Unspecified</pose>
    <truncated>1</truncated>
    <difficult>0</difficult>
    <bndbox>
      <xmin>266</xmin>
      <ymin>161</ymin>
      <xmax>335</xmax>
      <ymax>246</ymax>
    </bndbox>
  </object>
  <object>
    <name>chair</name>
    <pose>Left</pose>
    <truncated>0</truncated>
    <difficult>0</difficult>
    <bndbox>
      <xmin>196</xmin>
      <ymin>213</ymin>
      <xmax>392</xmax>
      <ymax>373</ymax>
    </bndbox>
  </object>
  <object>
    <name>person</name>
    <pose>Unspecified</pose>
    <truncated>0</truncated>
    <difficult>0</difficult>
    <bndbox>
      <xmin>184</xmin>
      <ymin>135</ymin>
      <xmax>290</xmax>
      <ymax>273</ymax>
    </bndbox>
  </object>
  <object>
    <name>cow</name>
    <pose>Unspecified</pose>
    <truncated>0</truncated>
    <difficult>0</difficult>
    <bndbox>
      <xmin>243</xmin>
      <ymin>227</ymin>
      <xmax>390</xmax>
      <ymax>309</ymax>
    </bndbox>
  </object>
</annotation>
