<annotation>
  <folder>VOC2007</folder>
  <filename>002991.jpg</filename>
  <source>
    <database>The VOC2007 Database</database>
    <annotation>PASCAL VOC2007</annotation>
    <image>flickr</image>
    <flickrid>335618541</flickrid>
  </source>
  <owner>
    <flickrid>liilliil</flickrid>
    <name>Paul K.</name>
  </owner>
  <size>
    <width>375</width>
    <height>500</height>
    <depth>3</depth>
  </size>
  <segmented>0</segmented>
  <object>
    <name>cow</name>
    <pose>Frontal</pose>
    <truncated>0</truncated>
    <difficult>0</difficult>
    <bndbox>
      <xmin>72</xmin>
      <ymin>91</ymin>
      <xmax>309</xmax>
      <ymax>500</ymax>
    </bndbox>
  </object>
  <object>
    <name>cow</name>
    <pose>Unspecified</pose>
    <truncated>0</truncated>
    <difficult>0</difficult>
    <bndbox>
      <xmin>17</xmin>
      <ymin>130</ymin>
      <xmax>164</xmax>
      <ymax>212</ymax>
    </bndbox>
  </object>
</annotation>
