<annotation>
  <folder>VOC2007</folder>
  <filename>003141.jpg</filename>
  <source>
    <database>The VOC2007 Database</database>
    <annotation>PASCAL VOC2007</annotation>
    <image>flickr</image>
    <flickrid>336986977</flickrid>
  </source>
  <owner>
    <flickrid>Captain Maniac</flickrid>
    <name>Colin Hartridge</name>
  </owner>
  <size>
    <width>500</width>
    <height>375</height>
    <depth>3</depth>
  </size>
  <segmented>0</segmented>
  <object>
    <name>chair</name>
    <pose>Unspecified</pose>
    <truncated>1</truncated>
    <difficult>1</difficult>
    <bndbox>
      <xmin>249</xmin>
      <ymin>158</ymin>
      <xmax>320</xmax>
      <ymax>202</ymax>
    </bndbox>
  </object>
  <object>
    <name>chair</name>
    <pose>Unspecified</pose>
    <truncated>1</truncated>
    <difficult>1</difficult>
    <bndbox>
      <xmin>326</xmin>
      <ymin>165</ymin>
      <xmax>390</xmax>
      <ymax>228</ymax>
    </bndbox>
  </object>
  <object>
    <name>chair</name>
    <pose>Unspecified</pose>
    <truncated>1</truncated>
    <difficult>0</difficult>
    <bndbox>
      <xmin>391</xmin>
      <ymin>188</ymin>
      <xmax>457</xmax>
      <ymax>340</ymax>
    </bndbox>
  </object>
  <object>
    <name>chair</name>
    <pose>Left</pose>
    <truncated>1</truncated>
    <difficult>0</difficult>
    <bndbox>
      <xmin>389</xmin>
      <ymin>219</ymin>
      <xmax>500</xmax>
      <ymax>375</ymax>
    </bndbox>
  </object>
  <object>
    <name>chair</name>
    <pose>Unspecified</pose>
    <truncated>1</truncated>
    <difficult>1</difficult>
    <bndbox>
      <xmin>132</xmin>
      <ymin>162</ymin>
      <xmax>192</xmax>
      <ymax>234</ymax>
    </bndbox>
  </object>
  <object>
    <name>chair</name>
    <pose>Unspecified</pose>
    <truncated>1</truncated>
    <difficult>1</difficult>
    <bndbox>
      <xmin>74</xmin>
      <ymin>182</ymin>
      <xmax>138</xmax>
      <ymax>277</ymax>
    </bndbox>
  </object>
  <object>
    <name>chair</name>
    <pose>Unspecified</pose>
    <truncated>1</truncated>
    <difficult>1</difficult>
    <bndbox>
      <xmin>1</xmin>
      <ymin>214</ymin>
      <xmax>95</xmax>
      <ymax>369</ymax>
    </bndbox>
  </object>
  <object>
    <name>chair</name>
    <pose>Unspecified</pose>
    <truncated>1</truncated>
    <difficult>1</difficult>
    <bndbox>
      <xmin>47</xmin>
      <ymin>314</ymin>
      <xmax>302</xmax>
      <ymax>375</ymax>
    </bndbox>
  </object>
  <object>
    <name>diningtable</name>
    <pose>Unspecified</pose>
    <truncated>1</truncated>
    <difficult>0</difficult>
    <bndbox>
      <xmin>96</xmin>
      <ymin>203</ymin>
      <xmax>404</xmax>
      <ymax>375</ymax>
    </bndbox>
  </object>
  <object>
    <name>cow</name>
    <pose>Unspecified</pose>
    <truncated>0</truncated>
    <difficult>0</difficult>
    <bndbox>
      <xmin>151</xmin>
      <ymin>272</ymin>
      <xmax>298</xmax>
      <ymax>354</ymax>
    </bndbox>
  </object>
</annotation>
