<annotation>
  <folder>VOC2007</folder>
  <filename>003278.jpg</filename>
  <source>
    <database>The VOC2007 Database</database>
    <annotation>PASCAL VOC2007</annotation>
    <image>flickr</image>
    <flickrid>339861002</flickrid>
  </source>
  <owner>
    <flickrid>tantek</flickrid>
    <name>Tantek ?elik</name>
  </owner>
  <size>
    <width>500</width>
    <height>375</height>
    <depth>3</depth>
  </size>
  <segmented>0</segmented>
  <object>
    <name>bottle</name>
    <pose>Unspecified</pose>
    <truncated>1</truncated>
    <difficult>0</difficult>
    <bndbox>
      <xmin>20</xmin>
      <ymin>278</ymin>
      <xmax>82</xmax>
      <ymax>375</ymax>
    </bndbox>
  </object>
  <object>
    <name>person</name>
    <pose>Frontal</pose>
    <truncated>1</truncated>
    <difficult>0</difficult>
    <bndbox>
      <xmin>15</xmin>
      <ymin>26</ymin>
      <xmax>287</xmax>
      <ymax>284</ymax>
    </bndbox>
    <part>
      <name>head</name>
      <bndbox>
        <xmin>63.8399</xmin>
        <ymin>27.5857</ymin>
        <xmax>167.1433</xmax>
        <ymax>141.8074</ymax>
      </bndbox>
    </part>
    <part>
      <name>hand</name>
      <bndbox>
        <xmin>151.1859</xmin>
        <ymin>149.3662</ymin>
        <xmax>231.3931</xmax>
        <ymax>216.5554</ymax>
      </bndbox>
    </part>
    <part>
      <name>hand</name>
      <bndbox>
        <xmin>73.0784</xmin>
        <ymin>234.6125</ymin>
        <xmax>168.4031</xmax>
        <ymax>276.6058</ymax>
      </bndbox>
    </part>
  </object>
  <object>
    <name>person</name>
    <pose>Unspecified</pose>
    <truncated>1</truncated>
    <difficult>0</difficult>
    <bndbox>
      <xmin>257</xmin>
      <ymin>7</ymin>
      <xmax>500</xmax>
      <ymax>337</ymax>
    </bndbox>
    <part>
      <name>head</name>
      <bndbox>
        <xmin>375.0101</xmin>
        <ymin>9.1086</ymin>
        <xmax>473.2744</xmax>
        <ymax>126.6898</ymax>
      </bndbox>
    </part>
    <part>
      <name>hand</name>
      <bndbox>
        <xmin>259.5286</xmin>
        <ymin>219.495</ymin>
        <xmax>321.6786</xmax>
        <ymax>250.9899</ymax>
      </bndbox>
    </part>
    <part>
      <name>hand</name>
      <bndbox>
        <xmin>380.8891</xmin>
        <ymin>271.9866</ymin>
        <xmax>445.5588</xmax>
        <ymax>313.5599</ymax>
      </bndbox>
    </part>
  </object>
  <object>
    <name>diningtable</name>
    <pose>Unspecified</pose>
    <truncated>1</truncated>
    <difficult>1</difficult>
    <bndbox>
      <xmin>3</xmin>
      <ymin>263</ymin>
      <xmax>500</xmax>
      <ymax>375</ymax>
    </bndbox>
  </object>
  <object>
    <name>cow</name>
    <pose>Unspecified</pose>
    <truncated>0</truncated>
    <difficult>0</difficult>
    <bndbox>
      <xmin>301</xmin>
      <ymin>128</ymin>
      <xmax>448</xmax>
      <ymax>210</ymax>
    </bndbox>
  </object>
</annotation>
