<annotation>
  <folder>VOC2007</folder>
  <filename>003215.jpg</filename>
  <source>
    <database>The VOC2007 Database</database>
    <annotation>PASCAL VOC2007</annotation>
    <image>flickr</image>
    <flickrid>311325100</flickrid>
  </source>
  <owner>
    <flickrid>silberhalogen</flickrid>
    <name>?</name>
  </owner>
  <size>
    <width>500</width>
    <height>335</height>
    <depth>3</depth>
  </size>
  <segmented>0</segmented>
  <object>
    <name>cow</name>
    <pose>Frontal</pose>
    <truncated>0</truncated>
    <difficult>0</difficult>
    <bndbox>
      <xmin>105</xmin>
      <ymin>232</ymin>
      <xmax>178</xmax>
      <ymax>287</ymax>
    </bndbox>
  </object>
  <object>
    <name>cow</name>
    <pose>Unspecified</pose>
    <truncated>0</truncated>
    <difficult>0</difficult>
    <bndbox>
      <xmin>198</xmin>
      <ymin>190</ymin>
      <xmax>345</xmax>
      <ymax>272</ymax>
    </bndbox>
  </object>
</annotation>
