<annotation>
  <folder>VOC2007</folder>
  <filename>003384.jpg</filename>
  <source>
    <database>The VOC2007 Database</database>
    <annotation>PASCAL VOC2007</annotation>
    <image>flickr</image>
    <flickrid>316542773</flickrid>
  </source>
  <owner>
    <flickrid>titatj</flickrid>
    <name>Tita Tj</name>
  </owner>
  <size>
    <width>500</width>
    <height>375</height>
    <depth>3</depth>
  </size>
  <segmented>0</segmented>
  <object>
    <name>dog</name>
    <pose>Unspecified</pose>
    <truncated>0</truncated>
    <difficult>1</difficult>
    <bndbox>
      <xmin>211</xmin>
      <ymin>82</ymin>
      <xmax>400</xmax>
      <ymax>340</ymax>
    </bndbox>
  </object>
  <object>
    <name>chair</name>
    <pose>Unspecified</pose>
    <truncated>1</truncated>
    <difficult>0</difficult>
    <bndbox>
      <xmin>121</xmin>
      <ymin>1</ymin>
      <xmax>246</xmax>
      <ymax>140</ymax>
    </bndbox>
  </object>
  <object>
    <name>chair</name>
    <pose>Unspecified</pose>
    <truncated>1</truncated>
    <difficult>0</difficult>
    <bndbox>
      <xmin>267</xmin>
      <ymin>1</ymin>
      <xmax>387</xmax>
      <ymax>98</ymax>
    </bndbox>
  </object>
  <object>
    <name>cow</name>
    <pose>Unspecified</pose>
    <truncated>0</truncated>
    <difficult>0</difficult>
    <bndbox>
      <xmin>315</xmin>
      <ymin>41</ymin>
      <xmax>462</xmax>
      <ymax>123</ymax>
    </bndbox>
  </object>
</annotation>
