<annotation>
  <folder>VOC2007</folder>
  <filename>003438.jpg</filename>
  <source>
    <database>The VOC2007 Database</database>
    <annotation>PASCAL VOC2007</annotation>
    <image>flickr</image>
    <flickrid>331269990</flickrid>
  </source>
  <owner>
    <flickrid>maximorgana</flickrid>
    <name>maximorgana ros</name>
  </owner>
  <size>
    <width>500</width>
    <height>375</height>
    <depth>3</depth>
  </size>
  <segmented>0</segmented>
  <object>
    <name>chair</name>
    <pose>Right</pose>
    <truncated>0</truncated>
    <difficult>0</difficult>
    <bndbox>
      <xmin>164</xmin>
      <ymin>22</ymin>
      <xmax>355</xmax>
      <ymax>340</ymax>
    </bndbox>
  </object>
  <object>
    <name>cow</name>
    <pose>Unspecified</pose>
    <truncated>0</truncated>
    <difficult>0</difficult>
    <bndbox>
      <xmin>295</xmin>
      <ymin>196</ymin>
      <xmax>442</xmax>
      <ymax>278</ymax>
    </bndbox>
  </object>
</annotation>
