<annotation>
  <folder>VOC2007</folder>
  <filename>003446.jpg</filename>
  <source>
    <database>The VOC2007 Database</database>
    <annotation>PASCAL VOC2007</annotation>
    <image>flickr</image>
    <flickrid>309201538</flickrid>
  </source>
  <owner>
    <flickrid>feebleoreo</flickrid>
    <name>Aaron Curry</name>
  </owner>
  <size>
    <width>500</width>
    <height>374</height>
    <depth>3</depth>
  </size>
  <segmented>0</segmented>
  <object>
    <name>bottle</name>
    <pose>Unspecified</pose>
    <truncated>0</truncated>
    <difficult>0</difficult>
    <bndbox>
      <xmin>238</xmin>
      <ymin>162</ymin>
      <xmax>288</xmax>
      <ymax>346</ymax>
    </bndbox>
  </object>
  <object>
    <name>bottle</name>
    <pose>Unspecified</pose>
    <truncated>0</truncated>
    <difficult>0</difficult>
    <bndbox>
      <xmin>174</xmin>
      <ymin>150</ymin>
      <xmax>224</xmax>
      <ymax>316</ymax>
    </bndbox>
  </object>
  <object>
    <name>cow</name>
    <pose>Unspecified</pose>
    <truncated>0</truncated>
    <difficult>0</difficult>
    <bndbox>
      <xmin>187</xmin>
      <ymin>118</ymin>
      <xmax>334</xmax>
      <ymax>200</ymax>
    </bndbox>
  </object>
</annotation>
