<annotation>
  <folder>VOC2007</folder>
  <filename>003561.jpg</filename>
  <source>
    <database>The VOC2007 Database</database>
    <annotation>PASCAL VOC2007</annotation>
    <image>flickr</image>
    <flickrid>333056374</flickrid>
  </source>
  <owner>
    <flickrid>.Dominic</flickrid>
    <name>Dominic Hallau</name>
  </owner>
  <size>
    <width>333</width>
    <height>500</height>
    <depth>3</depth>
  </size>
  <segmented>0</segmented>
  <object>
    <name>diningtable</name>
    <pose>Unspecified</pose>
    <truncated>1</truncated>
    <difficult>0</difficult>
    <bndbox>
      <xmin>2</xmin>
      <ymin>125</ymin>
      <xmax>333</xmax>
      <ymax>500</ymax>
    </bndbox>
  </object>
  <object>
    <name>cow</name>
    <pose>Unspecified</pose>
    <truncated>0</truncated>
    <difficult>0</difficult>
    <bndbox>
      <xmin>57</xmin>
      <ymin>59</ymin>
      <xmax>204</xmax>
      <ymax>141</ymax>
    </bndbox>
  </object>
</annotation>
