<annotation>
  <folder>VOC2007</folder>
  <filename>003643.jpg</filename>
  <source>
    <database>The VOC2007 Database</database>
    <annotation>PASCAL VOC2007</annotation>
    <image>flickr</image>
    <flickrid>337069185</flickrid>
  </source>
  <owner>
    <flickrid>sunJness</flickrid>
    <name>?</name>
  </owner>
  <size>
    <width>375</width>
    <height>500</height>
    <depth>3</depth>
  </size>
  <segmented>0</segmented>
  <object>
    <name>bottle</name>
    <pose>Unspecified</pose>
    <truncated>0</truncated>
    <difficult>0</difficult>
    <bndbox>
      <xmin>234</xmin>
      <ymin>285</ymin>
      <xmax>280</xmax>
      <ymax>465</ymax>
    </bndbox>
  </object>
  <object>
    <name>diningtable</name>
    <pose>Unspecified</pose>
    <truncated>1</truncated>
    <difficult>1</difficult>
    <bndbox>
      <xmin>1</xmin>
      <ymin>413</ymin>
      <xmax>349</xmax>
      <ymax>500</ymax>
    </bndbox>
  </object>
  <object>
    <name>chair</name>
    <pose>Unspecified</pose>
    <truncated>1</truncated>
    <difficult>0</difficult>
    <bndbox>
      <xmin>327</xmin>
      <ymin>291</ymin>
      <xmax>372</xmax>
      <ymax>471</ymax>
    </bndbox>
  </object>
  <object>
    <name>chair</name>
    <pose>Unspecified</pose>
    <truncated>1</truncated>
    <difficult>1</difficult>
    <bndbox>
      <xmin>4</xmin>
      <ymin>293</ymin>
      <xmax>134</xmax>
      <ymax>419</ymax>
    </bndbox>
  </object>
  <object>
    <name>person</name>
    <pose>Frontal</pose>
    <truncated>1</truncated>
    <difficult>0</difficult>
    <bndbox>
      <xmin>128</xmin>
      <ymin>71</ymin>
      <xmax>326</xmax>
      <ymax>421</ymax>
    </bndbox>
  </object>
  <object>
    <name>cow</name>
    <pose>Unspecified</pose>
    <truncated>0</truncated>
    <difficult>0</difficult>
    <bndbox>
      <xmin>17</xmin>
      <ymin>206</ymin>
      <xmax>164</xmax>
      <ymax>288</ymax>
    </bndbox>
  </object>
</annotation>
