<annotation>
  <folder>VOC2007</folder>
  <filename>003742.jpg</filename>
  <source>
    <database>The VOC2007 Database</database>
    <annotation>PASCAL VOC2007</annotation>
    <image>flickr</image>
    <flickrid>331700530</flickrid>
  </source>
  <owner>
    <flickrid>Ry Jones</flickrid>
    <name>Ry Jones</name>
  </owner>
  <size>
    <width>240</width>
    <height>320</height>
    <depth>3</depth>
  </size>
  <segmented>1</segmented>
  <object>
    <name>diningtable</name>
    <pose>Unspecified</pose>
    <truncated>1</truncated>
    <difficult>1</difficult>
    <bndbox>
      <xmin>2</xmin>
      <ymin>198</ymin>
      <xmax>240</xmax>
      <ymax>320</ymax>
    </bndbox>
  </object>
  <object>
    <name>person</name>
    <pose>Frontal</pose>
    <truncated>1</truncated>
    <difficult>0</difficult>
    <bndbox>
      <xmin>2</xmin>
      <ymin>24</ymin>
      <xmax>181</xmax>
      <ymax>236</ymax>
    </bndbox>
  </object>
  <object>
    <name>cow</name>
    <pose>Unspecified</pose>
    <truncated>0</truncated>
    <difficult>0</difficult>
    <bndbox>
      <xmin>20</xmin>
      <ymin>13</ymin>
      <xmax>167</xmax>
      <ymax>95</ymax>
    </bndbox>
  </object>
</annotation>
