<annotation>
  <folder>VOC2007</folder>
  <filename>003819.jpg</filename>
  <source>
    <database>The VOC2007 Database</database>
    <annotation>PASCAL VOC2007</annotation>
    <image>flickr</image>
    <flickrid>339774045</flickrid>
  </source>
  <owner>
    <flickrid>tansydog</flickrid>
    <name>Melanie Pratt</name>
  </owner>
  <size>
    <width>500</width>
    <height>376</height>
    <depth>3</depth>
  </size>
  <segmented>0</segmented>
  <object>
    <name>dog</name>
    <pose>Left</pose>
    <truncated>0</truncated>
    <difficult>0</difficult>
    <bndbox>
      <xmin>146</xmin>
      <ymin>52</ymin>
      <xmax>386</xmax>
      <ymax>264</ymax>
    </bndbox>
  </object>
  <object>
    <name>dog</name>
    <pose>Unspecified</pose>
    <truncated>0</truncated>
    <difficult>0</difficult>
    <bndbox>
      <xmin>69</xmin>
      <ymin>208</ymin>
      <xmax>322</xmax>
      <ymax>360</ymax>
    </bndbox>
  </object>
  <object>
    <name>person</name>
    <pose>Unspecified</pose>
    <truncated>1</truncated>
    <difficult>0</difficult>
    <bndbox>
      <xmin>1</xmin>
      <ymin>1</ymin>
      <xmax>221</xmax>
      <ymax>235</ymax>
    </bndbox>
  </object>
  <object>
    <name>chair</name>
    <pose>Unspecified</pose>
    <truncated>1</truncated>
    <difficult>1</difficult>
    <bndbox>
      <xmin>382</xmin>
      <ymin>1</ymin>
      <xmax>499</xmax>
      <ymax>212</ymax>
    </bndbox>
  </object>
  <object>
    <name>cow</name>
    <pose>Unspecified</pose>
    <truncated>0</truncated>
    <difficult>0</difficult>
    <bndbox>
      <xmin>74</xmin>
      <ymin>291</ymin>
      <xmax>221</xmax>
      <ymax>373</ymax>
    </bndbox>
  </object>
</annotation>
