<annotation>
  <folder>VOC2007</folder>
  <filename>003902.jpg</filename>
  <source>
    <database>The VOC2007 Database</database>
    <annotation>PASCAL VOC2007</annotation>
    <image>flickr</image>
    <flickrid>336628433</flickrid>
  </source>
  <owner>
    <flickrid>Sarah Scribbles</flickrid>
    <name>Sarah</name>
  </owner>
  <size>
    <width>375</width>
    <height>500</height>
    <depth>3</depth>
  </size>
  <segmented>0</segmented>
  <object>
    <name>diningtable</name>
    <pose>Unspecified</pose>
    <truncated>1</truncated>
    <difficult>0</difficult>
    <bndbox>
      <xmin>3</xmin>
      <ymin>234</ymin>
      <xmax>375</xmax>
      <ymax>500</ymax>
    </bndbox>
  </object>
  <object>
    <name>chair</name>
    <pose>Unspecified</pose>
    <truncated>1</truncated>
    <difficult>1</difficult>
    <bndbox>
      <xmin>292</xmin>
      <ymin>201</ymin>
      <xmax>352</xmax>
      <ymax>317</ymax>
    </bndbox>
  </object>
  <object>
    <name>chair</name>
    <pose>Unspecified</pose>
    <truncated>1</truncated>
    <difficult>1</difficult>
    <bndbox>
      <xmin>335</xmin>
      <ymin>245</ymin>
      <xmax>375</xmax>
      <ymax>393</ymax>
    </bndbox>
  </object>
  <object>
    <name>chair</name>
    <pose>Unspecified</pose>
    <truncated>1</truncated>
    <difficult>1</difficult>
    <bndbox>
      <xmin>4</xmin>
      <ymin>185</ymin>
      <xmax>60</xmax>
      <ymax>316</ymax>
    </bndbox>
  </object>
  <object>
    <name>cow</name>
    <pose>Unspecified</pose>
    <truncated>0</truncated>
    <difficult>0</difficult>
    <bndbox>
      <xmin>224</xmin>
      <ymin>162</ymin>
      <xmax>371</xmax>
      <ymax>244</ymax>
    </bndbox>
  </object>
</annotation>
