<annotation>
  <folder>VOC2007</folder>
  <filename>003942.jpg</filename>
  <source>
    <database>The VOC2007 Database</database>
    <annotation>PASCAL VOC2007</annotation>
    <image>flickr</image>
    <flickrid>335307500</flickrid>
  </source>
  <owner>
    <flickrid>sklose</flickrid>
    <name>?</name>
  </owner>
  <size>
    <width>480</width>
    <height>360</height>
    <depth>3</depth>
  </size>
  <segmented>0</segmented>
  <object>
    <name>person</name>
    <pose>Frontal</pose>
    <truncated>1</truncated>
    <difficult>0</difficult>
    <bndbox>
      <xmin>154</xmin>
      <ymin>125</ymin>
      <xmax>271</xmax>
      <ymax>233</ymax>
    </bndbox>
  </object>
  <object>
    <name>bottle</name>
    <pose>Unspecified</pose>
    <truncated>0</truncated>
    <difficult>0</difficult>
    <bndbox>
      <xmin>17</xmin>
      <ymin>149</ymin>
      <xmax>42</xmax>
      <ymax>237</ymax>
    </bndbox>
  </object>
  <object>
    <name>cow</name>
    <pose>Unspecified</pose>
    <truncated>0</truncated>
    <difficult>0</difficult>
    <bndbox>
      <xmin>332</xmin>
      <ymin>171</ymin>
      <xmax>479</xmax>
      <ymax>253</ymax>
    </bndbox>
  </object>
</annotation>
