<annotation>
  <folder>VOC2007</folder>
  <filename>004166.jpg</filename>
  <source>
    <database>The VOC2007 Database</database>
    <annotation>PASCAL VOC2007</annotation>
    <image>flickr</image>
    <flickrid>328619829</flickrid>
  </source>
  <owner>
    <flickrid>ejwines2</flickrid>
    <name>Erica Wines</name>
  </owner>
  <size>
    <width>500</width>
    <height>332</height>
    <depth>3</depth>
  </size>
  <segmented>1</segmented>
  <object>
    <name>tvmonitor</name>
    <pose>Unspecified</pose>
    <truncated>0</truncated>
    <difficult>1</difficult>
    <bndbox>
      <xmin>243</xmin>
      <ymin>129</ymin>
      <xmax>304</xmax>
      <ymax>181</ymax>
    </bndbox>
  </object>
  <object>
    <name>chair</name>
    <pose>Unspecified</pose>
    <truncated>1</truncated>
    <difficult>1</difficult>
    <bndbox>
      <xmin>485</xmin>
      <ymin>189</ymin>
      <xmax>500</xmax>
      <ymax>222</ymax>
    </bndbox>
  </object>
  <object>
    <name>chair</name>
    <pose>Unspecified</pose>
    <truncated>1</truncated>
    <difficult>1</difficult>
    <bndbox>
      <xmin>358</xmin>
      <ymin>195</ymin>
      <xmax>398</xmax>
      <ymax>239</ymax>
    </bndbox>
  </object>
  <object>
    <name>chair</name>
    <pose>Unspecified</pose>
    <truncated>1</truncated>
    <difficult>1</difficult>
    <bndbox>
      <xmin>300</xmin>
      <ymin>205</ymin>
      <xmax>355</xmax>
      <ymax>254</ymax>
    </bndbox>
  </object>
  <object>
    <name>chair</name>
    <pose>Unspecified</pose>
    <truncated>1</truncated>
    <difficult>1</difficult>
    <bndbox>
      <xmin>265</xmin>
      <ymin>278</ymin>
      <xmax>374</xmax>
      <ymax>332</ymax>
    </bndbox>
  </object>
  <object>
    <name>sofa</name>
    <pose>Unspecified</pose>
    <truncated>1</truncated>
    <difficult>1</difficult>
    <bndbox>
      <xmin>1</xmin>
      <ymin>199</ymin>
      <xmax>99</xmax>
      <ymax>332</ymax>
    </bndbox>
  </object>
  <object>
    <name>diningtable</name>
    <pose>Unspecified</pose>
    <truncated>1</truncated>
    <difficult>0</difficult>
    <bndbox>
      <xmin>234</xmin>
      <ymin>204</ymin>
      <xmax>500</xmax>
      <ymax>332</ymax>
    </bndbox>
  </object>
  <object>
    <name>dog</name>
    <pose>Unspecified</pose>
    <truncated>0</truncated>
    <difficult>0</difficult>
    <bndbox>
      <xmin>210</xmin>
      <ymin>194</ymin>
      <xmax>257</xmax>
      <ymax>234</ymax>
    </bndbox>
  </object>
  <object>
    <name>cow</name>
    <pose>Unspecified</pose>
    <truncated>0</truncated>
    <difficult>0</difficult>
    <bndbox>
      <xmin>122</xmin>
      <ymin>127</ymin>
      <xmax>269</xmax>
      <ymax>209</ymax>
    </bndbox>
  </object>
</annotation>
