<annotation>
  <folder>VOC2007</folder>
  <filename>004445.jpg</filename>
  <source>
    <database>The VOC2007 Database</database>
    <annotation>PASCAL VOC2007</annotation>
    <image>flickr</image>
    <flickrid>323808455</flickrid>
  </source>
  <owner>
    <flickrid>Richie Richie</flickrid>
    <name>Richard Thomas</name>
  </owner>
  <size>
    <width>500</width>
    <height>375</height>
    <depth>3</depth>
  </size>
  <segmented>0</segmented>
  <object>
    <name>cow</name>
    <pose>Right</pose>
    <truncated>0</truncated>
    <difficult>0</difficult>
    <bndbox>
      <xmin>235</xmin>
      <ymin>72</ymin>
      <xmax>459</xmax>
      <ymax>221</ymax>
    </bndbox>
  </object>
  <object>
    <name>cow</name>
    <pose>Right</pose>
    <truncated>1</truncated>
    <difficult>0</difficult>
    <bndbox>
      <xmin>75</xmin>
      <ymin>88</ymin>
      <xmax>178</xmax>
      <ymax>152</ymax>
    </bndbox>
  </object>
  <object>
    <name>cow</name>
    <pose>Unspecified</pose>
    <truncated>0</truncated>
    <difficult>0</difficult>
    <bndbox>
      <xmin>44</xmin>
      <ymin>131</ymin>
      <xmax>147</xmax>
      <ymax>253</ymax>
    </bndbox>
  </object>
  <object>
    <name>cow</name>
    <pose>Rear</pose>
    <truncated>0</truncated>
    <difficult>0</difficult>
    <bndbox>
      <xmin>224</xmin>
      <ymin>140</ymin>
      <xmax>270</xmax>
      <ymax>238</ymax>
    </bndbox>
  </object>
  <object>
    <name>cow</name>
    <pose>Unspecified</pose>
    <truncated>1</truncated>
    <difficult>0</difficult>
    <bndbox>
      <xmin>447</xmin>
      <ymin>145</ymin>
      <xmax>500</xmax>
      <ymax>288</ymax>
    </bndbox>
  </object>
  <object>
    <name>cow</name>
    <pose>Unspecified</pose>
    <truncated>0</truncated>
    <difficult>0</difficult>
    <bndbox>
      <xmin>13</xmin>
      <ymin>93</ymin>
      <xmax>160</xmax>
      <ymax>175</ymax>
    </bndbox>
  </object>
</annotation>
