<annotation>
  <folder>VOC2007</folder>
  <filename>004422.jpg</filename>
  <source>
    <database>The VOC2007 Database</database>
    <annotation>PASCAL VOC2007</annotation>
    <image>flickr</image>
    <flickrid>338644414</flickrid>
  </source>
  <owner>
    <flickrid>.kerem.</flickrid>
    <name>kerem ba?aran</name>
  </owner>
  <size>
    <width>500</width>
    <height>375</height>
    <depth>3</depth>
  </size>
  <segmented>0</segmented>
  <object>
    <name>bottle</name>
    <pose>Unspecified</pose>
    <truncated>1</truncated>
    <difficult>1</difficult>
    <bndbox>
      <xmin>389</xmin>
      <ymin>219</ymin>
      <xmax>408</xmax>
      <ymax>291</ymax>
    </bndbox>
  </object>
  <object>
    <name>bottle</name>
    <pose>Unspecified</pose>
    <truncated>1</truncated>
    <difficult>1</difficult>
    <bndbox>
      <xmin>381</xmin>
      <ymin>205</ymin>
      <xmax>390</xmax>
      <ymax>241</ymax>
    </bndbox>
  </object>
  <object>
    <name>bottle</name>
    <pose>Unspecified</pose>
    <truncated>1</truncated>
    <difficult>1</difficult>
    <bndbox>
      <xmin>371</xmin>
      <ymin>216</ymin>
      <xmax>386</xmax>
      <ymax>286</ymax>
    </bndbox>
  </object>
  <object>
    <name>bottle</name>
    <pose>Unspecified</pose>
    <truncated>1</truncated>
    <difficult>1</difficult>
    <bndbox>
      <xmin>352</xmin>
      <ymin>223</ymin>
      <xmax>371</xmax>
      <ymax>294</ymax>
    </bndbox>
  </object>
  <object>
    <name>bottle</name>
    <pose>Unspecified</pose>
    <truncated>1</truncated>
    <difficult>1</difficult>
    <bndbox>
      <xmin>343</xmin>
      <ymin>211</ymin>
      <xmax>355</xmax>
      <ymax>289</ymax>
    </bndbox>
  </object>
  <object>
    <name>bottle</name>
    <pose>Unspecified</pose>
    <truncated>1</truncated>
    <difficult>1</difficult>
    <bndbox>
      <xmin>330</xmin>
      <ymin>215</ymin>
      <xmax>344</xmax>
      <ymax>288</ymax>
    </bndbox>
  </object>
  <object>
    <name>pottedplant</name>
    <pose>Unspecified</pose>
    <truncated>1</truncated>
    <difficult>1</difficult>
    <bndbox>
      <xmin>361</xmin>
      <ymin>96</ymin>
      <xmax>468</xmax>
      <ymax>189</ymax>
    </bndbox>
  </object>
  <object>
    <name>pottedplant</name>
    <pose>Unspecified</pose>
    <truncated>1</truncated>
    <difficult>0</difficult>
    <bndbox>
      <xmin>323</xmin>
      <ymin>143</ymin>
      <xmax>415</xmax>
      <ymax>220</ymax>
    </bndbox>
  </object>
  <object>
    <name>pottedplant</name>
    <pose>Unspecified</pose>
    <truncated>1</truncated>
    <difficult>1</difficult>
    <bndbox>
      <xmin>281</xmin>
      <ymin>142</ymin>
      <xmax>328</xmax>
      <ymax>223</ymax>
    </bndbox>
  </object>
  <object>
    <name>pottedplant</name>
    <pose>Unspecified</pose>
    <truncated>1</truncated>
    <difficult>1</difficult>
    <bndbox>
      <xmin>288</xmin>
      <ymin>109</ymin>
      <xmax>344</xmax>
      <ymax>192</ymax>
    </bndbox>
  </object>
  <object>
    <name>cow</name>
    <pose>Unspecified</pose>
    <truncated>0</truncated>
    <difficult>0</difficult>
    <bndbox>
      <xmin>62</xmin>
      <ymin>18</ymin>
      <xmax>209</xmax>
      <ymax>100</ymax>
    </bndbox>
  </object>
</annotation>
