<annotation>
  <folder>VOC2007</folder>
  <filename>004559.jpg</filename>
  <source>
    <database>The VOC2007 Database</database>
    <annotation>PASCAL VOC2007</annotation>
    <image>flickr</image>
    <flickrid>307791348</flickrid>
  </source>
  <owner>
    <flickrid>Gilbertson Photography</flickrid>
    <name>?</name>
  </owner>
  <size>
    <width>500</width>
    <height>327</height>
    <depth>3</depth>
  </size>
  <segmented>0</segmented>
  <object>
    <name>diningtable</name>
    <pose>Unspecified</pose>
    <truncated>1</truncated>
    <difficult>0</difficult>
    <bndbox>
      <xmin>315</xmin>
      <ymin>270</ymin>
      <xmax>500</xmax>
      <ymax>327</ymax>
    </bndbox>
  </object>
  <object>
    <name>diningtable</name>
    <pose>Unspecified</pose>
    <truncated>1</truncated>
    <difficult>0</difficult>
    <bndbox>
      <xmin>319</xmin>
      <ymin>242</ymin>
      <xmax>447</xmax>
      <ymax>275</ymax>
    </bndbox>
  </object>
  <object>
    <name>diningtable</name>
    <pose>Unspecified</pose>
    <truncated>1</truncated>
    <difficult>1</difficult>
    <bndbox>
      <xmin>322</xmin>
      <ymin>220</ymin>
      <xmax>414</xmax>
      <ymax>242</ymax>
    </bndbox>
  </object>
  <object>
    <name>diningtable</name>
    <pose>Unspecified</pose>
    <truncated>1</truncated>
    <difficult>1</difficult>
    <bndbox>
      <xmin>303</xmin>
      <ymin>199</ymin>
      <xmax>390</xmax>
      <ymax>218</ymax>
    </bndbox>
  </object>
  <object>
    <name>chair</name>
    <pose>Right</pose>
    <truncated>1</truncated>
    <difficult>0</difficult>
    <bndbox>
      <xmin>262</xmin>
      <ymin>241</ymin>
      <xmax>366</xmax>
      <ymax>327</ymax>
    </bndbox>
  </object>
  <object>
    <name>chair</name>
    <pose>Right</pose>
    <truncated>1</truncated>
    <difficult>0</difficult>
    <bndbox>
      <xmin>281</xmin>
      <ymin>221</ymin>
      <xmax>320</xmax>
      <ymax>304</ymax>
    </bndbox>
  </object>
  <object>
    <name>chair</name>
    <pose>Right</pose>
    <truncated>1</truncated>
    <difficult>0</difficult>
    <bndbox>
      <xmin>295</xmin>
      <ymin>210</ymin>
      <xmax>352</xmax>
      <ymax>274</ymax>
    </bndbox>
  </object>
  <object>
    <name>chair</name>
    <pose>Unspecified</pose>
    <truncated>1</truncated>
    <difficult>0</difficult>
    <bndbox>
      <xmin>298</xmin>
      <ymin>194</ymin>
      <xmax>329</xmax>
      <ymax>244</ymax>
    </bndbox>
  </object>
  <object>
    <name>chair</name>
    <pose>Unspecified</pose>
    <truncated>1</truncated>
    <difficult>1</difficult>
    <bndbox>
      <xmin>327</xmin>
      <ymin>192</ymin>
      <xmax>350</xmax>
      <ymax>222</ymax>
    </bndbox>
  </object>
  <object>
    <name>chair</name>
    <pose>Unspecified</pose>
    <truncated>1</truncated>
    <difficult>1</difficult>
    <bndbox>
      <xmin>422</xmin>
      <ymin>210</ymin>
      <xmax>450</xmax>
      <ymax>275</ymax>
    </bndbox>
  </object>
  <object>
    <name>chair</name>
    <pose>Unspecified</pose>
    <truncated>1</truncated>
    <difficult>1</difficult>
    <bndbox>
      <xmin>447</xmin>
      <ymin>224</ymin>
      <xmax>483</xmax>
      <ymax>274</ymax>
    </bndbox>
  </object>
  <object>
    <name>chair</name>
    <pose>Rear</pose>
    <truncated>0</truncated>
    <difficult>0</difficult>
    <bndbox>
      <xmin>419</xmin>
      <ymin>192</ymin>
      <xmax>463</xmax>
      <ymax>245</ymax>
    </bndbox>
  </object>
  <object>
    <name>chair</name>
    <pose>Rear</pose>
    <truncated>1</truncated>
    <difficult>0</difficult>
    <bndbox>
      <xmin>483</xmin>
      <ymin>203</ymin>
      <xmax>500</xmax>
      <ymax>274</ymax>
    </bndbox>
  </object>
  <object>
    <name>chair</name>
    <pose>Unspecified</pose>
    <truncated>1</truncated>
    <difficult>1</difficult>
    <bndbox>
      <xmin>379</xmin>
      <ymin>193</ymin>
      <xmax>402</xmax>
      <ymax>219</ymax>
    </bndbox>
  </object>
  <object>
    <name>cow</name>
    <pose>Unspecified</pose>
    <truncated>0</truncated>
    <difficult>0</difficult>
    <bndbox>
      <xmin>255</xmin>
      <ymin>59</ymin>
      <xmax>402</xmax>
      <ymax>141</ymax>
    </bndbox>
  </object>
</annotation>
