<annotation>
  <folder>VOC2007</folder>
  <filename>004695.jpg</filename>
  <source>
    <database>The VOC2007 Database</database>
    <annotation>PASCAL VOC2007</annotation>
    <image>flickr</image>
    <flickrid>315477464</flickrid>
  </source>
  <owner>
    <flickrid>Lauren Hoernlein</flickrid>
    <name>Lauren Hoernlein</name>
  </owner>
  <size>
    <width>500</width>
    <height>375</height>
    <depth>3</depth>
  </size>
  <segmented>0</segmented>
  <object>
    <name>chair</name>
    <pose>Frontal</pose>
    <truncated>1</truncated>
    <difficult>0</difficult>
    <bndbox>
      <xmin>323</xmin>
      <ymin>216</ymin>
      <xmax>475</xmax>
      <ymax>343</ymax>
    </bndbox>
  </object>
  <object>
    <name>sofa</name>
    <pose>Unspecified</pose>
    <truncated>1</truncated>
    <difficult>1</difficult>
    <bndbox>
      <xmin>1</xmin>
      <ymin>311</ymin>
      <xmax>500</xmax>
      <ymax>375</ymax>
    </bndbox>
  </object>
  <object>
    <name>cow</name>
    <pose>Unspecified</pose>
    <truncated>0</truncated>
    <difficult>0</difficult>
    <bndbox>
      <xmin>41</xmin>
      <ymin>64</ymin>
      <xmax>188</xmax>
      <ymax>146</ymax>
    </bndbox>
  </object>
</annotation>
