<annotation>
  <folder>VOC2007</folder>
  <filename>004668.jpg</filename>
  <source>
    <database>The VOC2007 Database</database>
    <annotation>PASCAL VOC2007</annotation>
    <image>flickr</image>
    <flickrid>329987359</flickrid>
  </source>
  <owner>
    <flickrid>scottcfulton</flickrid>
    <name>Scott Fulton</name>
  </owner>
  <size>
    <width>500</width>
    <height>375</height>
    <depth>3</depth>
  </size>
  <segmented>0</segmented>
  <object>
    <name>chair</name>
    <pose>Frontal</pose>
    <truncated>1</truncated>
    <difficult>0</difficult>
    <bndbox>
      <xmin>288</xmin>
      <ymin>131</ymin>
      <xmax>500</xmax>
      <ymax>375</ymax>
    </bndbox>
  </object>
  <object>
    <name>chair</name>
    <pose>Frontal</pose>
    <truncated>1</truncated>
    <difficult>0</difficult>
    <bndbox>
      <xmin>1</xmin>
      <ymin>125</ymin>
      <xmax>290</xmax>
      <ymax>375</ymax>
    </bndbox>
  </object>
  <object>
    <name>person</name>
    <pose>Frontal</pose>
    <truncated>0</truncated>
    <difficult>0</difficult>
    <bndbox>
      <xmin>360</xmin>
      <ymin>128</ymin>
      <xmax>497</xmax>
      <ymax>323</ymax>
    </bndbox>
    <part>
      <name>head</name>
      <bndbox>
        <xmin>390.1277</xmin>
        <ymin>126.2699</ymin>
        <xmax>451.0179</xmax>
        <ymax>199.3382</ymax>
      </bndbox>
    </part>
    <part>
      <name>hand</name>
      <bndbox>
        <xmin>368.2912</xmin>
        <ymin>231.2531</ymin>
        <xmax>402.7256</xmax>
        <ymax>242.1713</ymax>
      </bndbox>
    </part>
    <part>
      <name>hand</name>
      <bndbox>
        <xmin>427.0817</xmin>
        <ymin>236.7122</ymin>
        <xmax>449.7581</xmax>
        <ymax>250.9899</ymax>
      </bndbox>
    </part>
    <part>
      <name>foot</name>
      <bndbox>
        <xmin>424.1422</xmin>
        <ymin>267.7872</ymin>
        <xmax>460.6764</xmax>
        <ymax>297.1825</ymax>
      </bndbox>
    </part>
    <part>
      <name>foot</name>
      <bndbox>
        <xmin>425.8219</xmin>
        <ymin>285.8443</ymin>
        <xmax>459.4166</xmax>
        <ymax>325.738</ymax>
      </bndbox>
    </part>
  </object>
  <object>
    <name>person</name>
    <pose>Frontal</pose>
    <truncated>0</truncated>
    <difficult>0</difficult>
    <bndbox>
      <xmin>38</xmin>
      <ymin>95</ymin>
      <xmax>210</xmax>
      <ymax>319</ymax>
    </bndbox>
    <part>
      <name>head</name>
      <bndbox>
        <xmin>102.0538</xmin>
        <ymin>93.5151</ymin>
        <xmax>172.6025</xmax>
        <ymax>176.6618</ymax>
      </bndbox>
    </part>
    <part>
      <name>hand</name>
      <bndbox>
        <xmin>70.5588</xmin>
        <ymin>238.8119</ymin>
        <xmax>92.3953</xmax>
        <ymax>260.2284</ymax>
      </bndbox>
    </part>
    <part>
      <name>hand</name>
      <bndbox>
        <xmin>146.5666</xmin>
        <ymin>266.9474</ymin>
        <xmax>171.3427</xmax>
        <ymax>294.6629</ymax>
      </bndbox>
    </part>
    <part>
      <name>foot</name>
      <bndbox>
        <xmin>149.9261</xmin>
        <ymin>283.3247</ymin>
        <xmax>208.7167</xmax>
        <ymax>313.5599</ymax>
      </bndbox>
    </part>
    <part>
      <name>foot</name>
      <bndbox>
        <xmin>36.9642</xmin>
        <ymin>274.9261</ymin>
        <xmax>91.9754</xmax>
        <ymax>317.7592</ymax>
      </bndbox>
    </part>
  </object>
  <object>
    <name>cow</name>
    <pose>Unspecified</pose>
    <truncated>0</truncated>
    <difficult>0</difficult>
    <bndbox>
      <xmin>207</xmin>
      <ymin>146</ymin>
      <xmax>354</xmax>
      <ymax>228</ymax>
    </bndbox>
  </object>
</annotation>
