<annotation>
  <folder>VOC2007</folder>
  <filename>004741.jpg</filename>
  <source>
    <database>The VOC2007 Database</database>
    <annotation>PASCAL VOC2007</annotation>
    <image>flickr</image>
    <flickrid>326172166</flickrid>
  </source>
  <owner>
    <flickrid>Marvin123</flickrid>
    <name>?</name>
  </owner>
  <size>
    <width>500</width>
    <height>375</height>
    <depth>3</depth>
  </size>
  <segmented>0</segmented>
  <object>
    <name>cow</name>
    <pose>Unspecified</pose>
    <truncated>0</truncated>
    <difficult>0</difficult>
    <bndbox>
      <xmin>139</xmin>
      <ymin>115</ymin>
      <xmax>223</xmax>
      <ymax>203</ymax>
    </bndbox>
  </object>
  <object>
    <name>cow</name>
    <pose>Left</pose>
    <truncated>0</truncated>
    <difficult>0</difficult>
    <bndbox>
      <xmin>243</xmin>
      <ymin>93</ymin>
      <xmax>367</xmax>
      <ymax>185</ymax>
    </bndbox>
  </object>
  <object>
    <name>cow</name>
    <pose>Unspecified</pose>
    <truncated>0</truncated>
    <difficult>0</difficult>
    <bndbox>
      <xmin>193</xmin>
      <ymin>108</ymin>
      <xmax>340</xmax>
      <ymax>190</ymax>
    </bndbox>
  </object>
</annotation>
