<annotation>
  <folder>VOC2007</folder>
  <filename>004780.jpg</filename>
  <source>
    <database>The VOC2007 Database</database>
    <annotation>PASCAL VOC2007</annotation>
    <image>flickr</image>
    <flickrid>279088380</flickrid>
  </source>
  <owner>
    <flickrid>nik chien</flickrid>
    <name>nik chien</name>
  </owner>
  <size>
    <width>375</width>
    <height>500</height>
    <depth>3</depth>
  </size>
  <segmented>0</segmented>
  <object>
    <name>car</name>
    <pose>Right</pose>
    <truncated>1</truncated>
    <difficult>0</difficult>
    <bndbox>
      <xmin>158</xmin>
      <ymin>383</ymin>
      <xmax>263</xmax>
      <ymax>451</ymax>
    </bndbox>
  </object>
  <object>
    <name>car</name>
    <pose>Right</pose>
    <truncated>0</truncated>
    <difficult>0</difficult>
    <bndbox>
      <xmin>19</xmin>
      <ymin>383</ymin>
      <xmax>147</xmax>
      <ymax>426</ymax>
    </bndbox>
  </object>
  <object>
    <name>pottedplant</name>
    <pose>Unspecified</pose>
    <truncated>0</truncated>
    <difficult>0</difficult>
    <bndbox>
      <xmin>109</xmin>
      <ymin>390</ymin>
      <xmax>142</xmax>
      <ymax>446</ymax>
    </bndbox>
  </object>
  <object>
    <name>pottedplant</name>
    <pose>Unspecified</pose>
    <truncated>0</truncated>
    <difficult>0</difficult>
    <bndbox>
      <xmin>44</xmin>
      <ymin>386</ymin>
      <xmax>74</xmax>
      <ymax>429</ymax>
    </bndbox>
  </object>
  <object>
    <name>pottedplant</name>
    <pose>Unspecified</pose>
    <truncated>1</truncated>
    <difficult>1</difficult>
    <bndbox>
      <xmin>96</xmin>
      <ymin>187</ymin>
      <xmax>114</xmax>
      <ymax>207</ymax>
    </bndbox>
  </object>
  <object>
    <name>pottedplant</name>
    <pose>Unspecified</pose>
    <truncated>1</truncated>
    <difficult>1</difficult>
    <bndbox>
      <xmin>118</xmin>
      <ymin>179</ymin>
      <xmax>131</xmax>
      <ymax>198</ymax>
    </bndbox>
  </object>
  <object>
    <name>pottedplant</name>
    <pose>Unspecified</pose>
    <truncated>1</truncated>
    <difficult>1</difficult>
    <bndbox>
      <xmin>138</xmin>
      <ymin>167</ymin>
      <xmax>156</xmax>
      <ymax>186</ymax>
    </bndbox>
  </object>
  <object>
    <name>pottedplant</name>
    <pose>Unspecified</pose>
    <truncated>1</truncated>
    <difficult>1</difficult>
    <bndbox>
      <xmin>89</xmin>
      <ymin>278</ymin>
      <xmax>109</xmax>
      <ymax>297</ymax>
    </bndbox>
  </object>
  <object>
    <name>pottedplant</name>
    <pose>Unspecified</pose>
    <truncated>1</truncated>
    <difficult>1</difficult>
    <bndbox>
      <xmin>110</xmin>
      <ymin>270</ymin>
      <xmax>130</xmax>
      <ymax>291</ymax>
    </bndbox>
  </object>
  <object>
    <name>pottedplant</name>
    <pose>Unspecified</pose>
    <truncated>0</truncated>
    <difficult>0</difficult>
    <bndbox>
      <xmin>212</xmin>
      <ymin>193</ymin>
      <xmax>266</xmax>
      <ymax>288</ymax>
    </bndbox>
  </object>
  <object>
    <name>pottedplant</name>
    <pose>Unspecified</pose>
    <truncated>0</truncated>
    <difficult>1</difficult>
    <bndbox>
      <xmin>188</xmin>
      <ymin>110</ymin>
      <xmax>216</xmax>
      <ymax>153</ymax>
    </bndbox>
  </object>
  <object>
    <name>motorbike</name>
    <pose>Unspecified</pose>
    <truncated>1</truncated>
    <difficult>1</difficult>
    <bndbox>
      <xmin>297</xmin>
      <ymin>404</ymin>
      <xmax>354</xmax>
      <ymax>450</ymax>
    </bndbox>
  </object>
  <object>
    <name>chair</name>
    <pose>Unspecified</pose>
    <truncated>1</truncated>
    <difficult>1</difficult>
    <bndbox>
      <xmin>296</xmin>
      <ymin>426</ymin>
      <xmax>320</xmax>
      <ymax>464</ymax>
    </bndbox>
  </object>
  <object>
    <name>cow</name>
    <pose>Unspecified</pose>
    <truncated>0</truncated>
    <difficult>0</difficult>
    <bndbox>
      <xmin>74</xmin>
      <ymin>183</ymin>
      <xmax>221</xmax>
      <ymax>265</ymax>
    </bndbox>
  </object>
</annotation>
