<annotation>
  <folder>VOC2007</folder>
  <filename>004720.jpg</filename>
  <source>
    <database>The VOC2007 Database</database>
    <annotation>PASCAL VOC2007</annotation>
    <image>flickr</image>
    <flickrid>320438347</flickrid>
  </source>
  <owner>
    <flickrid>Bykergrl</flickrid>
    <name>Sara</name>
  </owner>
  <size>
    <width>500</width>
    <height>375</height>
    <depth>3</depth>
  </size>
  <segmented>0</segmented>
  <object>
    <name>cat</name>
    <pose>Right</pose>
    <truncated>0</truncated>
    <difficult>0</difficult>
    <bndbox>
      <xmin>241</xmin>
      <ymin>146</ymin>
      <xmax>320</xmax>
      <ymax>228</ymax>
    </bndbox>
  </object>
  <object>
    <name>bottle</name>
    <pose>Unspecified</pose>
    <truncated>0</truncated>
    <difficult>0</difficult>
    <bndbox>
      <xmin>154</xmin>
      <ymin>154</ymin>
      <xmax>169</xmax>
      <ymax>193</ymax>
    </bndbox>
  </object>
  <object>
    <name>cow</name>
    <pose>Unspecified</pose>
    <truncated>0</truncated>
    <difficult>0</difficult>
    <bndbox>
      <xmin>165</xmin>
      <ymin>207</ymin>
      <xmax>312</xmax>
      <ymax>289</ymax>
    </bndbox>
  </object>
</annotation>
