<annotation>
  <folder>VOC2007</folder>
  <filename>004980.jpg</filename>
  <source>
    <database>The VOC2007 Database</database>
    <annotation>PASCAL VOC2007</annotation>
    <image>flickr</image>
    <flickrid>311351083</flickrid>
  </source>
  <owner>
    <flickrid>lynn mathias</flickrid>
    <name>danielle mathias</name>
  </owner>
  <size>
    <width>500</width>
    <height>333</height>
    <depth>3</depth>
  </size>
  <segmented>0</segmented>
  <object>
    <name>cow</name>
    <pose>Unspecified</pose>
    <truncated>0</truncated>
    <difficult>1</difficult>
    <bndbox>
      <xmin>309</xmin>
      <ymin>195</ymin>
      <xmax>337</xmax>
      <ymax>213</ymax>
    </bndbox>
  </object>
  <object>
    <name>cow</name>
    <pose>Left</pose>
    <truncated>0</truncated>
    <difficult>0</difficult>
    <bndbox>
      <xmin>381</xmin>
      <ymin>208</ymin>
      <xmax>466</xmax>
      <ymax>252</ymax>
    </bndbox>
  </object>
  <object>
    <name>cow</name>
    <pose>Unspecified</pose>
    <truncated>0</truncated>
    <difficult>1</difficult>
    <bndbox>
      <xmin>465</xmin>
      <ymin>197</ymin>
      <xmax>496</xmax>
      <ymax>224</ymax>
    </bndbox>
  </object>
  <object>
    <name>cow</name>
    <pose>Right</pose>
    <truncated>0</truncated>
    <difficult>0</difficult>
    <bndbox>
      <xmin>91</xmin>
      <ymin>201</ymin>
      <xmax>132</xmax>
      <ymax>229</ymax>
    </bndbox>
  </object>
  <object>
    <name>cow</name>
    <pose>Right</pose>
    <truncated>0</truncated>
    <difficult>0</difficult>
    <bndbox>
      <xmin>22</xmin>
      <ymin>201</ymin>
      <xmax>72</xmax>
      <ymax>233</ymax>
    </bndbox>
  </object>
  <object>
    <name>cow</name>
    <pose>Unspecified</pose>
    <truncated>0</truncated>
    <difficult>1</difficult>
    <bndbox>
      <xmin>147</xmin>
      <ymin>185</ymin>
      <xmax>162</xmax>
      <ymax>202</ymax>
    </bndbox>
  </object>
  <object>
    <name>cow</name>
    <pose>Unspecified</pose>
    <truncated>0</truncated>
    <difficult>0</difficult>
    <bndbox>
      <xmin>359</xmin>
      <ymin>199</ymin>
      <xmax>390</xmax>
      <ymax>226</ymax>
    </bndbox>
  </object>
  <object>
    <name>cow</name>
    <pose>Unspecified</pose>
    <truncated>0</truncated>
    <difficult>0</difficult>
    <bndbox>
      <xmin>180</xmin>
      <ymin>110</ymin>
      <xmax>327</xmax>
      <ymax>192</ymax>
    </bndbox>
  </object>
</annotation>
