<annotation>
  <folder>VOC2007</folder>
  <filename>004919.jpg</filename>
  <source>
    <database>The VOC2007 Database</database>
    <annotation>PASCAL VOC2007</annotation>
    <image>flickr</image>
    <flickrid>329636946</flickrid>
  </source>
  <owner>
    <flickrid>noxipoo</flickrid>
    <name>noah's experiences</name>
  </owner>
  <size>
    <width>500</width>
    <height>375</height>
    <depth>3</depth>
  </size>
  <segmented>0</segmented>
  <object>
    <name>bottle</name>
    <pose>Unspecified</pose>
    <truncated>0</truncated>
    <difficult>0</difficult>
    <bndbox>
      <xmin>310</xmin>
      <ymin>32</ymin>
      <xmax>429</xmax>
      <ymax>261</ymax>
    </bndbox>
  </object>
  <object>
    <name>cow</name>
    <pose>Unspecified</pose>
    <truncated>0</truncated>
    <difficult>0</difficult>
    <bndbox>
      <xmin>51</xmin>
      <ymin>29</ymin>
      <xmax>198</xmax>
      <ymax>111</ymax>
    </bndbox>
  </object>
</annotation>
