<annotation>
  <folder>VOC2007</folder>
  <filename>004918.jpg</filename>
  <source>
    <database>The VOC2007 Database</database>
    <annotation>PASCAL VOC2007</annotation>
    <image>flickr</image>
    <flickrid>307087178</flickrid>
  </source>
  <owner>
    <flickrid>&amp;Bandiette</flickrid>
    <name>Felipe S. Morin G.</name>
  </owner>
  <size>
    <width>500</width>
    <height>290</height>
    <depth>3</depth>
  </size>
  <segmented>0</segmented>
  <object>
    <name>person</name>
    <pose>Unspecified</pose>
    <truncated>1</truncated>
    <difficult>0</difficult>
    <bndbox>
      <xmin>164</xmin>
      <ymin>8</ymin>
      <xmax>500</xmax>
      <ymax>285</ymax>
    </bndbox>
  </object>
  <object>
    <name>chair</name>
    <pose>Frontal</pose>
    <truncated>1</truncated>
    <difficult>0</difficult>
    <bndbox>
      <xmin>2</xmin>
      <ymin>75</ymin>
      <xmax>500</xmax>
      <ymax>283</ymax>
    </bndbox>
  </object>
  <object>
    <name>cow</name>
    <pose>Unspecified</pose>
    <truncated>0</truncated>
    <difficult>0</difficult>
    <bndbox>
      <xmin>110</xmin>
      <ymin>179</ymin>
      <xmax>257</xmax>
      <ymax>261</ymax>
    </bndbox>
  </object>
</annotation>
