<annotation>
  <folder>VOC2007</folder>
  <filename>005096.jpg</filename>
  <source>
    <database>The VOC2007 Database</database>
    <annotation>PASCAL VOC2007</annotation>
    <image>flickr</image>
    <flickrid>333271026</flickrid>
  </source>
  <owner>
    <flickrid>Gifted Gourmet</flickrid>
    <name>Melissa Goodman</name>
  </owner>
  <size>
    <width>320</width>
    <height>306</height>
    <depth>3</depth>
  </size>
  <segmented>0</segmented>
  <object>
    <name>bottle</name>
    <pose>Unspecified</pose>
    <truncated>1</truncated>
    <difficult>0</difficult>
    <bndbox>
      <xmin>2</xmin>
      <ymin>2</ymin>
      <xmax>163</xmax>
      <ymax>285</ymax>
    </bndbox>
  </object>
  <object>
    <name>cow</name>
    <pose>Unspecified</pose>
    <truncated>0</truncated>
    <difficult>0</difficult>
    <bndbox>
      <xmin>34</xmin>
      <ymin>68</ymin>
      <xmax>181</xmax>
      <ymax>150</ymax>
    </bndbox>
  </object>
</annotation>
