<annotation>
  <folder>VOC2007</folder>
  <filename>005302.jpg</filename>
  <source>
    <database>The VOC2007 Database</database>
    <annotation>PASCAL VOC2007</annotation>
    <image>flickr</image>
    <flickrid>299994419</flickrid>
  </source>
  <owner>
    <flickrid>jolisoleil</flickrid>
    <name>Pieter Smits</name>
  </owner>
  <size>
    <width>500</width>
    <height>332</height>
    <depth>3</depth>
  </size>
  <segmented>0</segmented>
  <object>
    <name>chair</name>
    <pose>Right</pose>
    <truncated>0</truncated>
    <difficult>0</difficult>
    <bndbox>
      <xmin>111</xmin>
      <ymin>193</ymin>
      <xmax>137</xmax>
      <ymax>243</ymax>
    </bndbox>
  </object>
  <object>
    <name>chair</name>
    <pose>Right</pose>
    <truncated>0</truncated>
    <difficult>0</difficult>
    <bndbox>
      <xmin>142</xmin>
      <ymin>191</ymin>
      <xmax>166</xmax>
      <ymax>240</ymax>
    </bndbox>
  </object>
  <object>
    <name>chair</name>
    <pose>Unspecified</pose>
    <truncated>0</truncated>
    <difficult>1</difficult>
    <bndbox>
      <xmin>170</xmin>
      <ymin>190</ymin>
      <xmax>187</xmax>
      <ymax>244</ymax>
    </bndbox>
  </object>
  <object>
    <name>chair</name>
    <pose>Unspecified</pose>
    <truncated>0</truncated>
    <difficult>0</difficult>
    <bndbox>
      <xmin>187</xmin>
      <ymin>191</ymin>
      <xmax>214</xmax>
      <ymax>237</ymax>
    </bndbox>
  </object>
  <object>
    <name>chair</name>
    <pose>Unspecified</pose>
    <truncated>0</truncated>
    <difficult>1</difficult>
    <bndbox>
      <xmin>86</xmin>
      <ymin>187</ymin>
      <xmax>114</xmax>
      <ymax>232</ymax>
    </bndbox>
  </object>
  <object>
    <name>chair</name>
    <pose>Unspecified</pose>
    <truncated>1</truncated>
    <difficult>1</difficult>
    <bndbox>
      <xmin>115</xmin>
      <ymin>178</ymin>
      <xmax>135</xmax>
      <ymax>196</ymax>
    </bndbox>
  </object>
  <object>
    <name>chair</name>
    <pose>Unspecified</pose>
    <truncated>1</truncated>
    <difficult>1</difficult>
    <bndbox>
      <xmin>99</xmin>
      <ymin>183</ymin>
      <xmax>111</xmax>
      <ymax>199</ymax>
    </bndbox>
  </object>
  <object>
    <name>chair</name>
    <pose>Unspecified</pose>
    <truncated>1</truncated>
    <difficult>1</difficult>
    <bndbox>
      <xmin>140</xmin>
      <ymin>182</ymin>
      <xmax>156</xmax>
      <ymax>198</ymax>
    </bndbox>
  </object>
  <object>
    <name>chair</name>
    <pose>Unspecified</pose>
    <truncated>1</truncated>
    <difficult>1</difficult>
    <bndbox>
      <xmin>163</xmin>
      <ymin>179</ymin>
      <xmax>178</xmax>
      <ymax>203</ymax>
    </bndbox>
  </object>
  <object>
    <name>chair</name>
    <pose>Unspecified</pose>
    <truncated>1</truncated>
    <difficult>1</difficult>
    <bndbox>
      <xmin>195</xmin>
      <ymin>185</ymin>
      <xmax>207</xmax>
      <ymax>201</ymax>
    </bndbox>
  </object>
  <object>
    <name>chair</name>
    <pose>Unspecified</pose>
    <truncated>0</truncated>
    <difficult>1</difficult>
    <bndbox>
      <xmin>243</xmin>
      <ymin>179</ymin>
      <xmax>259</xmax>
      <ymax>218</ymax>
    </bndbox>
  </object>
  <object>
    <name>chair</name>
    <pose>Unspecified</pose>
    <truncated>0</truncated>
    <difficult>1</difficult>
    <bndbox>
      <xmin>259</xmin>
      <ymin>184</ymin>
      <xmax>268</xmax>
      <ymax>224</ymax>
    </bndbox>
  </object>
  <object>
    <name>chair</name>
    <pose>Unspecified</pose>
    <truncated>0</truncated>
    <difficult>1</difficult>
    <bndbox>
      <xmin>270</xmin>
      <ymin>187</ymin>
      <xmax>281</xmax>
      <ymax>224</ymax>
    </bndbox>
  </object>
  <object>
    <name>cow</name>
    <pose>Unspecified</pose>
    <truncated>0</truncated>
    <difficult>0</difficult>
    <bndbox>
      <xmin>128</xmin>
      <ymin>66</ymin>
      <xmax>275</xmax>
      <ymax>148</ymax>
    </bndbox>
  </object>
</annotation>
