<annotation>
  <folder>VOC2007</folder>
  <filename>005335.jpg</filename>
  <source>
    <database>The VOC2007 Database</database>
    <annotation>PASCAL VOC2007</annotation>
    <image>flickr</image>
    <flickrid>311199751</flickrid>
  </source>
  <owner>
    <flickrid>akarin</flickrid>
    <name>karin mary</name>
  </owner>
  <size>
    <width>500</width>
    <height>375</height>
    <depth>3</depth>
  </size>
  <segmented>0</segmented>
  <object>
    <name>cow</name>
    <pose>Left</pose>
    <truncated>0</truncated>
    <difficult>0</difficult>
    <bndbox>
      <xmin>295</xmin>
      <ymin>215</ymin>
      <xmax>435</xmax>
      <ymax>315</ymax>
    </bndbox>
  </object>
  <object>
    <name>cow</name>
    <pose>Unspecified</pose>
    <truncated>1</truncated>
    <difficult>1</difficult>
    <bndbox>
      <xmin>411</xmin>
      <ymin>212</ymin>
      <xmax>459</xmax>
      <ymax>291</ymax>
    </bndbox>
  </object>
  <object>
    <name>cow</name>
    <pose>Frontal</pose>
    <truncated>0</truncated>
    <difficult>0</difficult>
    <bndbox>
      <xmin>207</xmin>
      <ymin>209</ymin>
      <xmax>267</xmax>
      <ymax>280</ymax>
    </bndbox>
  </object>
  <object>
    <name>cow</name>
    <pose>Unspecified</pose>
    <truncated>0</truncated>
    <difficult>1</difficult>
    <bndbox>
      <xmin>49</xmin>
      <ymin>205</ymin>
      <xmax>78</xmax>
      <ymax>256</ymax>
    </bndbox>
  </object>
  <object>
    <name>cow</name>
    <pose>Unspecified</pose>
    <truncated>0</truncated>
    <difficult>0</difficult>
    <bndbox>
      <xmin>42</xmin>
      <ymin>207</ymin>
      <xmax>189</xmax>
      <ymax>289</ymax>
    </bndbox>
  </object>
</annotation>
