<annotation>
  <folder>VOC2007</folder>
  <filename>005545.jpg</filename>
  <source>
    <database>The VOC2007 Database</database>
    <annotation>PASCAL VOC2007</annotation>
    <image>flickr</image>
    <flickrid>324646109</flickrid>
  </source>
  <owner>
    <flickrid>mark6mauno</flickrid>
    <name>Mark</name>
  </owner>
  <size>
    <width>334</width>
    <height>500</height>
    <depth>3</depth>
  </size>
  <segmented>0</segmented>
  <object>
    <name>tvmonitor</name>
    <pose>Right</pose>
    <truncated>1</truncated>
    <difficult>0</difficult>
    <bndbox>
      <xmin>43</xmin>
      <ymin>177</ymin>
      <xmax>84</xmax>
      <ymax>243</ymax>
    </bndbox>
  </object>
  <object>
    <name>chair</name>
    <pose>Left</pose>
    <truncated>1</truncated>
    <difficult>0</difficult>
    <bndbox>
      <xmin>46</xmin>
      <ymin>247</ymin>
      <xmax>83</xmax>
      <ymax>396</ymax>
    </bndbox>
  </object>
  <object>
    <name>sofa</name>
    <pose>Unspecified</pose>
    <truncated>1</truncated>
    <difficult>1</difficult>
    <bndbox>
      <xmin>240</xmin>
      <ymin>249</ymin>
      <xmax>264</xmax>
      <ymax>319</ymax>
    </bndbox>
  </object>
  <object>
    <name>cow</name>
    <pose>Unspecified</pose>
    <truncated>0</truncated>
    <difficult>0</difficult>
    <bndbox>
      <xmin>114</xmin>
      <ymin>114</ymin>
      <xmax>261</xmax>
      <ymax>196</ymax>
    </bndbox>
  </object>
</annotation>
