<annotation>
  <folder>VOC2007</folder>
  <filename>005623.jpg</filename>
  <source>
    <database>The VOC2007 Database</database>
    <annotation>PASCAL VOC2007</annotation>
    <image>flickr</image>
    <flickrid>290764662</flickrid>
  </source>
  <owner>
    <flickrid>timcarney</flickrid>
    <name>Tim Carney</name>
  </owner>
  <size>
    <width>500</width>
    <height>403</height>
    <depth>3</depth>
  </size>
  <segmented>0</segmented>
  <object>
    <name>chair</name>
    <pose>Frontal</pose>
    <truncated>1</truncated>
    <difficult>0</difficult>
    <bndbox>
      <xmin>378</xmin>
      <ymin>1</ymin>
      <xmax>496</xmax>
      <ymax>119</ymax>
    </bndbox>
  </object>
  <object>
    <name>cow</name>
    <pose>Unspecified</pose>
    <truncated>0</truncated>
    <difficult>0</difficult>
    <bndbox>
      <xmin>135</xmin>
      <ymin>295</ymin>
      <xmax>282</xmax>
      <ymax>377</ymax>
    </bndbox>
  </object>
</annotation>
