<annotation>
  <folder>VOC2007</folder>
  <filename>005617.jpg</filename>
  <source>
    <database>The VOC2007 Database</database>
    <annotation>PASCAL VOC2007</annotation>
    <image>flickr</image>
    <flickrid>317368925</flickrid>
  </source>
  <owner>
    <flickrid>belovedshoshanna</flickrid>
    <name>?</name>
  </owner>
  <size>
    <width>500</width>
    <height>375</height>
    <depth>3</depth>
  </size>
  <segmented>0</segmented>
  <object>
    <name>cow</name>
    <pose>Unspecified</pose>
    <truncated>0</truncated>
    <difficult>0</difficult>
    <bndbox>
      <xmin>199</xmin>
      <ymin>142</ymin>
      <xmax>346</xmax>
      <ymax>270</ymax>
    </bndbox>
  </object>
  <object>
    <name>person</name>
    <pose>Frontal</pose>
    <truncated>0</truncated>
    <difficult>0</difficult>
    <bndbox>
      <xmin>66</xmin>
      <ymin>71</ymin>
      <xmax>160</xmax>
      <ymax>267</ymax>
    </bndbox>
    <part>
      <name>head</name>
      <bndbox>
        <xmin>107.0929</xmin>
        <ymin>72.0985</ymin>
        <xmax>127.2497</xmax>
        <ymax>101.0739</ymax>
      </bndbox>
    </part>
    <part>
      <name>hand</name>
      <bndbox>
        <xmin>66.3595</xmin>
        <ymin>161.5442</ymin>
        <xmax>78.5375</xmax>
        <ymax>177.5017</ymax>
      </bndbox>
    </part>
    <part>
      <name>hand</name>
      <bndbox>
        <xmin>144.8869</xmin>
        <ymin>155.6652</ymin>
        <xmax>157.0649</xmax>
        <ymax>168.6831</ymax>
      </bndbox>
    </part>
    <part>
      <name>foot</name>
      <bndbox>
        <xmin>91.5554</xmin>
        <ymin>257.2889</ymin>
        <xmax>105.4132</xmax>
        <ymax>264.8477</ymax>
      </bndbox>
    </part>
  </object>
  <object>
    <name>cow</name>
    <pose>Unspecified</pose>
    <truncated>0</truncated>
    <difficult>0</difficult>
    <bndbox>
      <xmin>67</xmin>
      <ymin>260</ymin>
      <xmax>214</xmax>
      <ymax>342</ymax>
    </bndbox>
  </object>
</annotation>
