<annotation>
  <folder>VOC2007</folder>
  <filename>005612.jpg</filename>
  <source>
    <database>The VOC2007 Database</database>
    <annotation>PASCAL VOC2007</annotation>
    <image>flickr</image>
    <flickrid>329506179</flickrid>
  </source>
  <owner>
    <flickrid>blubberfotos</flickrid>
    <name>Micheal Lim</name>
  </owner>
  <size>
    <width>270</width>
    <height>360</height>
    <depth>3</depth>
  </size>
  <segmented>0</segmented>
  <object>
    <name>person</name>
    <pose>Frontal</pose>
    <truncated>1</truncated>
    <difficult>0</difficult>
    <bndbox>
      <xmin>113</xmin>
      <ymin>4</ymin>
      <xmax>270</xmax>
      <ymax>244</ymax>
    </bndbox>
  </object>
  <object>
    <name>person</name>
    <pose>Unspecified</pose>
    <truncated>1</truncated>
    <difficult>0</difficult>
    <bndbox>
      <xmin>1</xmin>
      <ymin>30</ymin>
      <xmax>153</xmax>
      <ymax>312</ymax>
    </bndbox>
  </object>
  <object>
    <name>person</name>
    <pose>Unspecified</pose>
    <truncated>1</truncated>
    <difficult>0</difficult>
    <bndbox>
      <xmin>235</xmin>
      <ymin>59</ymin>
      <xmax>270</xmax>
      <ymax>113</ymax>
    </bndbox>
  </object>
  <object>
    <name>person</name>
    <pose>Unspecified</pose>
    <truncated>1</truncated>
    <difficult>1</difficult>
    <bndbox>
      <xmin>133</xmin>
      <ymin>98</ymin>
      <xmax>147</xmax>
      <ymax>111</ymax>
    </bndbox>
  </object>
  <object>
    <name>person</name>
    <pose>Unspecified</pose>
    <truncated>1</truncated>
    <difficult>1</difficult>
    <bndbox>
      <xmin>111</xmin>
      <ymin>100</ymin>
      <xmax>126</xmax>
      <ymax>117</ymax>
    </bndbox>
  </object>
  <object>
    <name>person</name>
    <pose>Unspecified</pose>
    <truncated>1</truncated>
    <difficult>0</difficult>
    <bndbox>
      <xmin>93</xmin>
      <ymin>101</ymin>
      <xmax>111</xmax>
      <ymax>119</ymax>
    </bndbox>
  </object>
  <object>
    <name>diningtable</name>
    <pose>Unspecified</pose>
    <truncated>1</truncated>
    <difficult>1</difficult>
    <bndbox>
      <xmin>6</xmin>
      <ymin>225</ymin>
      <xmax>270</xmax>
      <ymax>356</ymax>
    </bndbox>
  </object>
  <object>
    <name>cow</name>
    <pose>Unspecified</pose>
    <truncated>0</truncated>
    <difficult>0</difficult>
    <bndbox>
      <xmin>47</xmin>
      <ymin>29</ymin>
      <xmax>194</xmax>
      <ymax>111</ymax>
    </bndbox>
  </object>
</annotation>
