<annotation>
  <folder>VOC2007</folder>
  <filename>005703.jpg</filename>
  <source>
    <database>The VOC2007 Database</database>
    <annotation>PASCAL VOC2007</annotation>
    <image>flickr</image>
    <flickrid>332433319</flickrid>
  </source>
  <owner>
    <flickrid>?ellie?</flickrid>
    <name>?</name>
  </owner>
  <size>
    <width>375</width>
    <height>500</height>
    <depth>3</depth>
  </size>
  <segmented>0</segmented>
  <object>
    <name>chair</name>
    <pose>Unspecified</pose>
    <truncated>0</truncated>
    <difficult>0</difficult>
    <bndbox>
      <xmin>76</xmin>
      <ymin>108</ymin>
      <xmax>374</xmax>
      <ymax>483</ymax>
    </bndbox>
  </object>
  <object>
    <name>dog</name>
    <pose>Unspecified</pose>
    <truncated>0</truncated>
    <difficult>0</difficult>
    <bndbox>
      <xmin>134</xmin>
      <ymin>146</ymin>
      <xmax>238</xmax>
      <ymax>275</ymax>
    </bndbox>
  </object>
  <object>
    <name>pottedplant</name>
    <pose>Unspecified</pose>
    <truncated>1</truncated>
    <difficult>0</difficult>
    <bndbox>
      <xmin>1</xmin>
      <ymin>161</ymin>
      <xmax>120</xmax>
      <ymax>330</ymax>
    </bndbox>
  </object>
  <object>
    <name>person</name>
    <pose>Unspecified</pose>
    <truncated>0</truncated>
    <difficult>0</difficult>
    <bndbox>
      <xmin>70</xmin>
      <ymin>12</ymin>
      <xmax>335</xmax>
      <ymax>500</ymax>
    </bndbox>
    <part>
      <name>head</name>
      <bndbox>
        <xmin>162.5241</xmin>
        <ymin>15.3376</ymin>
        <xmax>225.794</xmax>
        <ymax>96.5246</ymax>
      </bndbox>
    </part>
    <part>
      <name>hand</name>
      <bndbox>
        <xmin>206.1971</xmin>
        <ymin>183.3108</ymin>
        <xmax>250.43</xmax>
        <ymax>234.8225</ymax>
      </bndbox>
    </part>
    <part>
      <name>hand</name>
      <bndbox>
        <xmin>129.4894</xmin>
        <ymin>200.1081</ymin>
        <xmax>172.0426</xmax>
        <ymax>251.6198</ymax>
      </bndbox>
    </part>
    <part>
      <name>foot</name>
      <bndbox>
        <xmin>69.5789</xmin>
        <ymin>416.2335</ymin>
        <xmax>160.8443</xmax>
        <ymax>462.706</ymax>
      </bndbox>
    </part>
    <part>
      <name>foot</name>
      <bndbox>
        <xmin>163.6439</xmin>
        <ymin>439.7497</ymin>
        <xmax>247.0705</xmax>
        <ymax>500</ymax>
      </bndbox>
    </part>
  </object>
  <object>
    <name>cow</name>
    <pose>Unspecified</pose>
    <truncated>0</truncated>
    <difficult>0</difficult>
    <bndbox>
      <xmin>83</xmin>
      <ymin>236</ymin>
      <xmax>230</xmax>
      <ymax>318</ymax>
    </bndbox>
  </object>
</annotation>
