<annotation>
  <folder>VOC2007</folder>
  <filename>005898.jpg</filename>
  <source>
    <database>The VOC2007 Database</database>
    <annotation>PASCAL VOC2007</annotation>
    <image>flickr</image>
    <flickrid>328517307</flickrid>
  </source>
  <owner>
    <flickrid>wrportman</flickrid>
    <name>?</name>
  </owner>
  <size>
    <width>500</width>
    <height>375</height>
    <depth>3</depth>
  </size>
  <segmented>0</segmented>
  <object>
    <name>tvmonitor</name>
    <pose>Unspecified</pose>
    <truncated>0</truncated>
    <difficult>0</difficult>
    <bndbox>
      <xmin>68</xmin>
      <ymin>130</ymin>
      <xmax>139</xmax>
      <ymax>192</ymax>
    </bndbox>
  </object>
  <object>
    <name>chair</name>
    <pose>Unspecified</pose>
    <truncated>1</truncated>
    <difficult>1</difficult>
    <bndbox>
      <xmin>1</xmin>
      <ymin>199</ymin>
      <xmax>57</xmax>
      <ymax>354</ymax>
    </bndbox>
  </object>
  <object>
    <name>sofa</name>
    <pose>Frontal</pose>
    <truncated>0</truncated>
    <difficult>0</difficult>
    <bndbox>
      <xmin>188</xmin>
      <ymin>167</ymin>
      <xmax>397</xmax>
      <ymax>287</ymax>
    </bndbox>
  </object>
  <object>
    <name>person</name>
    <pose>Unspecified</pose>
    <truncated>0</truncated>
    <difficult>0</difficult>
    <bndbox>
      <xmin>209</xmin>
      <ymin>155</ymin>
      <xmax>382</xmax>
      <ymax>235</ymax>
    </bndbox>
    <part>
      <name>head</name>
      <bndbox>
        <xmin>343.0952</xmin>
        <ymin>157.7648</ymin>
        <xmax>376.6898</xmax>
        <ymax>193.8791</ymax>
      </bndbox>
    </part>
    <part>
      <name>hand</name>
      <bndbox>
        <xmin>299.8421</xmin>
        <ymin>208.5767</ymin>
        <xmax>309.9205</xmax>
        <ymax>223.2744</ymax>
      </bndbox>
    </part>
    <part>
      <name>hand</name>
      <bndbox>
        <xmin>278.0056</xmin>
        <ymin>208.5767</ymin>
        <xmax>291.0235</xmax>
        <ymax>224.9541</ymax>
      </bndbox>
    </part>
    <part>
      <name>foot</name>
      <bndbox>
        <xmin>208.2968</xmin>
        <ymin>174.5622</ymin>
        <xmax>233.9127</xmax>
        <ymax>196.8186</ymax>
      </bndbox>
    </part>
    <part>
      <name>foot</name>
      <bndbox>
        <xmin>208.7167</xmin>
        <ymin>181.701</ymin>
        <xmax>236.0123</xmax>
        <ymax>209.4166</ymax>
      </bndbox>
    </part>
  </object>
  <object>
    <name>chair</name>
    <pose>Unspecified</pose>
    <truncated>1</truncated>
    <difficult>1</difficult>
    <bndbox>
      <xmin>426</xmin>
      <ymin>124</ymin>
      <xmax>465</xmax>
      <ymax>159</ymax>
    </bndbox>
  </object>
  <object>
    <name>chair</name>
    <pose>Left</pose>
    <truncated>1</truncated>
    <difficult>0</difficult>
    <bndbox>
      <xmin>405</xmin>
      <ymin>121</ymin>
      <xmax>472</xmax>
      <ymax>195</ymax>
    </bndbox>
  </object>
  <object>
    <name>chair</name>
    <pose>Left</pose>
    <truncated>1</truncated>
    <difficult>0</difficult>
    <bndbox>
      <xmin>420</xmin>
      <ymin>124</ymin>
      <xmax>479</xmax>
      <ymax>214</ymax>
    </bndbox>
  </object>
  <object>
    <name>chair</name>
    <pose>Unspecified</pose>
    <truncated>1</truncated>
    <difficult>1</difficult>
    <bndbox>
      <xmin>311</xmin>
      <ymin>117</ymin>
      <xmax>350</xmax>
      <ymax>156</ymax>
    </bndbox>
  </object>
  <object>
    <name>chair</name>
    <pose>Unspecified</pose>
    <truncated>1</truncated>
    <difficult>1</difficult>
    <bndbox>
      <xmin>295</xmin>
      <ymin>122</ymin>
      <xmax>347</xmax>
      <ymax>160</ymax>
    </bndbox>
  </object>
  <object>
    <name>chair</name>
    <pose>Unspecified</pose>
    <truncated>1</truncated>
    <difficult>1</difficult>
    <bndbox>
      <xmin>281</xmin>
      <ymin>125</ymin>
      <xmax>346</xmax>
      <ymax>167</ymax>
    </bndbox>
  </object>
  <object>
    <name>chair</name>
    <pose>Unspecified</pose>
    <truncated>1</truncated>
    <difficult>1</difficult>
    <bndbox>
      <xmin>257</xmin>
      <ymin>115</ymin>
      <xmax>290</xmax>
      <ymax>161</ymax>
    </bndbox>
  </object>
  <object>
    <name>chair</name>
    <pose>Right</pose>
    <truncated>1</truncated>
    <difficult>0</difficult>
    <bndbox>
      <xmin>244</xmin>
      <ymin>121</ymin>
      <xmax>282</xmax>
      <ymax>170</ymax>
    </bndbox>
  </object>
  <object>
    <name>chair</name>
    <pose>Right</pose>
    <truncated>1</truncated>
    <difficult>0</difficult>
    <bndbox>
      <xmin>185</xmin>
      <ymin>134</ymin>
      <xmax>227</xmax>
      <ymax>189</ymax>
    </bndbox>
  </object>
  <object>
    <name>chair</name>
    <pose>Unspecified</pose>
    <truncated>1</truncated>
    <difficult>1</difficult>
    <bndbox>
      <xmin>369</xmin>
      <ymin>114</ymin>
      <xmax>407</xmax>
      <ymax>135</ymax>
    </bndbox>
  </object>
  <object>
    <name>chair</name>
    <pose>Unspecified</pose>
    <truncated>1</truncated>
    <difficult>1</difficult>
    <bndbox>
      <xmin>348</xmin>
      <ymin>135</ymin>
      <xmax>397</xmax>
      <ymax>202</ymax>
    </bndbox>
  </object>
  <object>
    <name>diningtable</name>
    <pose>Unspecified</pose>
    <truncated>1</truncated>
    <difficult>0</difficult>
    <bndbox>
      <xmin>330</xmin>
      <ymin>129</ymin>
      <xmax>424</xmax>
      <ymax>204</ymax>
    </bndbox>
  </object>
  <object>
    <name>cow</name>
    <pose>Unspecified</pose>
    <truncated>0</truncated>
    <difficult>0</difficult>
    <bndbox>
      <xmin>113</xmin>
      <ymin>257</ymin>
      <xmax>260</xmax>
      <ymax>339</ymax>
    </bndbox>
  </object>
</annotation>
