<annotation>
  <folder>VOC2007</folder>
  <filename>005858.jpg</filename>
  <source>
    <database>The VOC2007 Database</database>
    <annotation>PASCAL VOC2007</annotation>
    <image>flickr</image>
    <flickrid>338449252</flickrid>
  </source>
  <owner>
    <flickrid>boze3000</flickrid>
    <name>?</name>
  </owner>
  <size>
    <width>500</width>
    <height>333</height>
    <depth>3</depth>
  </size>
  <segmented>0</segmented>
  <object>
    <name>chair</name>
    <pose>Rear</pose>
    <truncated>0</truncated>
    <difficult>0</difficult>
    <bndbox>
      <xmin>160</xmin>
      <ymin>25</ymin>
      <xmax>206</xmax>
      <ymax>75</ymax>
    </bndbox>
  </object>
  <object>
    <name>chair</name>
    <pose>Frontal</pose>
    <truncated>0</truncated>
    <difficult>0</difficult>
    <bndbox>
      <xmin>224</xmin>
      <ymin>20</ymin>
      <xmax>256</xmax>
      <ymax>82</ymax>
    </bndbox>
  </object>
  <object>
    <name>chair</name>
    <pose>Unspecified</pose>
    <truncated>0</truncated>
    <difficult>0</difficult>
    <bndbox>
      <xmin>339</xmin>
      <ymin>22</ymin>
      <xmax>383</xmax>
      <ymax>76</ymax>
    </bndbox>
  </object>
  <object>
    <name>chair</name>
    <pose>Unspecified</pose>
    <truncated>0</truncated>
    <difficult>1</difficult>
    <bndbox>
      <xmin>384</xmin>
      <ymin>22</ymin>
      <xmax>415</xmax>
      <ymax>76</ymax>
    </bndbox>
  </object>
  <object>
    <name>chair</name>
    <pose>Unspecified</pose>
    <truncated>0</truncated>
    <difficult>0</difficult>
    <bndbox>
      <xmin>293</xmin>
      <ymin>20</ymin>
      <xmax>338</xmax>
      <ymax>75</ymax>
    </bndbox>
  </object>
  <object>
    <name>chair</name>
    <pose>Unspecified</pose>
    <truncated>0</truncated>
    <difficult>0</difficult>
    <bndbox>
      <xmin>419</xmin>
      <ymin>20</ymin>
      <xmax>474</xmax>
      <ymax>76</ymax>
    </bndbox>
  </object>
  <object>
    <name>cow</name>
    <pose>Unspecified</pose>
    <truncated>0</truncated>
    <difficult>0</difficult>
    <bndbox>
      <xmin>296</xmin>
      <ymin>192</ymin>
      <xmax>443</xmax>
      <ymax>274</ymax>
    </bndbox>
  </object>
</annotation>
