<annotation>
  <folder>VOC2007</folder>
  <filename>005827.jpg</filename>
  <source>
    <database>The VOC2007 Database</database>
    <annotation>PASCAL VOC2007</annotation>
    <image>flickr</image>
    <flickrid>22651487</flickrid>
  </source>
  <owner>
    <flickrid>AMagill</flickrid>
    <name>Andrew Magill</name>
  </owner>
  <size>
    <width>500</width>
    <height>375</height>
    <depth>3</depth>
  </size>
  <segmented>0</segmented>
  <object>
    <name>tvmonitor</name>
    <pose>Left</pose>
    <truncated>0</truncated>
    <difficult>0</difficult>
    <bndbox>
      <xmin>351</xmin>
      <ymin>65</ymin>
      <xmax>450</xmax>
      <ymax>161</ymax>
    </bndbox>
  </object>
  <object>
    <name>chair</name>
    <pose>Right</pose>
    <truncated>0</truncated>
    <difficult>0</difficult>
    <bndbox>
      <xmin>18</xmin>
      <ymin>107</ymin>
      <xmax>231</xmax>
      <ymax>344</ymax>
    </bndbox>
  </object>
  <object>
    <name>cow</name>
    <pose>Unspecified</pose>
    <truncated>0</truncated>
    <difficult>0</difficult>
    <bndbox>
      <xmin>311</xmin>
      <ymin>118</ymin>
      <xmax>458</xmax>
      <ymax>200</ymax>
    </bndbox>
  </object>
</annotation>
