<annotation>
  <folder>VOC2007</folder>
  <filename>005936.jpg</filename>
  <source>
    <database>The VOC2007 Database</database>
    <annotation>PASCAL VOC2007</annotation>
    <image>flickr</image>
    <flickrid>332620383</flickrid>
  </source>
  <owner>
    <flickrid>lila_86zg</flickrid>
    <name>Lila</name>
  </owner>
  <size>
    <width>500</width>
    <height>293</height>
    <depth>3</depth>
  </size>
  <segmented>0</segmented>
  <object>
    <name>cat</name>
    <pose>Left</pose>
    <truncated>0</truncated>
    <difficult>0</difficult>
    <bndbox>
      <xmin>65</xmin>
      <ymin>69</ymin>
      <xmax>422</xmax>
      <ymax>252</ymax>
    </bndbox>
  </object>
  <object>
    <name>bottle</name>
    <pose>Unspecified</pose>
    <truncated>0</truncated>
    <difficult>0</difficult>
    <bndbox>
      <xmin>174</xmin>
      <ymin>151</ymin>
      <xmax>500</xmax>
      <ymax>246</ymax>
    </bndbox>
  </object>
  <object>
    <name>cow</name>
    <pose>Unspecified</pose>
    <truncated>0</truncated>
    <difficult>0</difficult>
    <bndbox>
      <xmin>317</xmin>
      <ymin>51</ymin>
      <xmax>464</xmax>
      <ymax>133</ymax>
    </bndbox>
  </object>
</annotation>
