<annotation>
  <folder>VOC2007</folder>
  <filename>005942.jpg</filename>
  <source>
    <database>The VOC2007 Database</database>
    <annotation>PASCAL VOC2007</annotation>
    <image>flickr</image>
    <flickrid>327387090</flickrid>
  </source>
  <owner>
    <flickrid>yelpdotcom</flickrid>
    <name>yelp dotcom</name>
  </owner>
  <size>
    <width>500</width>
    <height>333</height>
    <depth>3</depth>
  </size>
  <segmented>0</segmented>
  <object>
    <name>person</name>
    <pose>Frontal</pose>
    <truncated>1</truncated>
    <difficult>0</difficult>
    <bndbox>
      <xmin>304</xmin>
      <ymin>64</ymin>
      <xmax>500</xmax>
      <ymax>333</ymax>
    </bndbox>
  </object>
  <object>
    <name>person</name>
    <pose>Left</pose>
    <truncated>1</truncated>
    <difficult>0</difficult>
    <bndbox>
      <xmin>1</xmin>
      <ymin>88</ymin>
      <xmax>170</xmax>
      <ymax>311</ymax>
    </bndbox>
  </object>
  <object>
    <name>bottle</name>
    <pose>Unspecified</pose>
    <truncated>1</truncated>
    <difficult>1</difficult>
    <bndbox>
      <xmin>31</xmin>
      <ymin>258</ymin>
      <xmax>61</xmax>
      <ymax>333</ymax>
    </bndbox>
  </object>
  <object>
    <name>bottle</name>
    <pose>Unspecified</pose>
    <truncated>1</truncated>
    <difficult>1</difficult>
    <bndbox>
      <xmin>13</xmin>
      <ymin>273</ymin>
      <xmax>41</xmax>
      <ymax>331</ymax>
    </bndbox>
  </object>
  <object>
    <name>bottle</name>
    <pose>Unspecified</pose>
    <truncated>1</truncated>
    <difficult>1</difficult>
    <bndbox>
      <xmin>409</xmin>
      <ymin>249</ymin>
      <xmax>437</xmax>
      <ymax>300</ymax>
    </bndbox>
  </object>
  <object>
    <name>cow</name>
    <pose>Unspecified</pose>
    <truncated>0</truncated>
    <difficult>0</difficult>
    <bndbox>
      <xmin>271</xmin>
      <ymin>132</ymin>
      <xmax>418</xmax>
      <ymax>214</ymax>
    </bndbox>
  </object>
</annotation>
