<annotation>
  <folder>VOC2007</folder>
  <filename>006081.jpg</filename>
  <source>
    <database>The VOC2007 Database</database>
    <annotation>PASCAL VOC2007</annotation>
    <image>flickr</image>
    <flickrid>336099952</flickrid>
  </source>
  <owner>
    <flickrid>Malbonster</flickrid>
    <name>Tim Malbon</name>
  </owner>
  <size>
    <width>281</width>
    <height>500</height>
    <depth>3</depth>
  </size>
  <segmented>0</segmented>
  <object>
    <name>diningtable</name>
    <pose>Unspecified</pose>
    <truncated>1</truncated>
    <difficult>0</difficult>
    <bndbox>
      <xmin>92</xmin>
      <ymin>191</ymin>
      <xmax>265</xmax>
      <ymax>299</ymax>
    </bndbox>
  </object>
  <object>
    <name>chair</name>
    <pose>Unspecified</pose>
    <truncated>1</truncated>
    <difficult>1</difficult>
    <bndbox>
      <xmin>97</xmin>
      <ymin>306</ymin>
      <xmax>148</xmax>
      <ymax>390</ymax>
    </bndbox>
  </object>
  <object>
    <name>chair</name>
    <pose>Left</pose>
    <truncated>1</truncated>
    <difficult>0</difficult>
    <bndbox>
      <xmin>207</xmin>
      <ymin>201</ymin>
      <xmax>268</xmax>
      <ymax>303</ymax>
    </bndbox>
  </object>
  <object>
    <name>chair</name>
    <pose>Unspecified</pose>
    <truncated>1</truncated>
    <difficult>0</difficult>
    <bndbox>
      <xmin>96</xmin>
      <ymin>208</ymin>
      <xmax>152</xmax>
      <ymax>290</ymax>
    </bndbox>
  </object>
  <object>
    <name>chair</name>
    <pose>Unspecified</pose>
    <truncated>1</truncated>
    <difficult>1</difficult>
    <bndbox>
      <xmin>95</xmin>
      <ymin>166</ymin>
      <xmax>123</xmax>
      <ymax>196</ymax>
    </bndbox>
  </object>
  <object>
    <name>chair</name>
    <pose>Unspecified</pose>
    <truncated>1</truncated>
    <difficult>1</difficult>
    <bndbox>
      <xmin>125</xmin>
      <ymin>166</ymin>
      <xmax>152</xmax>
      <ymax>192</ymax>
    </bndbox>
  </object>
  <object>
    <name>chair</name>
    <pose>Unspecified</pose>
    <truncated>1</truncated>
    <difficult>1</difficult>
    <bndbox>
      <xmin>237</xmin>
      <ymin>182</ymin>
      <xmax>264</xmax>
      <ymax>208</ymax>
    </bndbox>
  </object>
  <object>
    <name>chair</name>
    <pose>Unspecified</pose>
    <truncated>1</truncated>
    <difficult>1</difficult>
    <bndbox>
      <xmin>189</xmin>
      <ymin>178</ymin>
      <xmax>221</xmax>
      <ymax>199</ymax>
    </bndbox>
  </object>
  <object>
    <name>cow</name>
    <pose>Unspecified</pose>
    <truncated>0</truncated>
    <difficult>0</difficult>
    <bndbox>
      <xmin>60</xmin>
      <ymin>11</ymin>
      <xmax>207</xmax>
      <ymax>93</ymax>
    </bndbox>
  </object>
</annotation>
