<annotation>
  <folder>VOC2007</folder>
  <filename>006060.jpg</filename>
  <source>
    <database>The VOC2007 Database</database>
    <annotation>PASCAL VOC2007</annotation>
    <image>flickr</image>
    <flickrid>316804570</flickrid>
  </source>
  <owner>
    <flickrid>AlexisT</flickrid>
    <name>Alexis</name>
  </owner>
  <size>
    <width>500</width>
    <height>333</height>
    <depth>3</depth>
  </size>
  <segmented>0</segmented>
  <object>
    <name>person</name>
    <pose>Left</pose>
    <truncated>1</truncated>
    <difficult>0</difficult>
    <bndbox>
      <xmin>263</xmin>
      <ymin>69</ymin>
      <xmax>500</xmax>
      <ymax>333</ymax>
    </bndbox>
  </object>
  <object>
    <name>cow</name>
    <pose>Right</pose>
    <truncated>1</truncated>
    <difficult>0</difficult>
    <bndbox>
      <xmin>1</xmin>
      <ymin>165</ymin>
      <xmax>349</xmax>
      <ymax>333</ymax>
    </bndbox>
  </object>
  <object>
    <name>cow</name>
    <pose>Unspecified</pose>
    <truncated>0</truncated>
    <difficult>0</difficult>
    <bndbox>
      <xmin>276</xmin>
      <ymin>9</ymin>
      <xmax>423</xmax>
      <ymax>91</ymax>
    </bndbox>
  </object>
</annotation>
