<annotation>
  <folder>VOC2007</folder>
  <filename>006093.jpg</filename>
  <source>
    <database>The VOC2007 Database</database>
    <annotation>PASCAL VOC2007</annotation>
    <image>flickr</image>
    <flickrid>308842839</flickrid>
  </source>
  <owner>
    <flickrid>mulder_</flickrid>
    <name>val</name>
  </owner>
  <size>
    <width>500</width>
    <height>379</height>
    <depth>3</depth>
  </size>
  <segmented>0</segmented>
  <object>
    <name>person</name>
    <pose>Unspecified</pose>
    <truncated>1</truncated>
    <difficult>0</difficult>
    <bndbox>
      <xmin>212</xmin>
      <ymin>92</ymin>
      <xmax>414</xmax>
      <ymax>378</ymax>
    </bndbox>
  </object>
  <object>
    <name>person</name>
    <pose>Unspecified</pose>
    <truncated>1</truncated>
    <difficult>0</difficult>
    <bndbox>
      <xmin>433</xmin>
      <ymin>120</ymin>
      <xmax>486</xmax>
      <ymax>214</ymax>
    </bndbox>
  </object>
  <object>
    <name>person</name>
    <pose>Unspecified</pose>
    <truncated>1</truncated>
    <difficult>0</difficult>
    <bndbox>
      <xmin>362</xmin>
      <ymin>132</ymin>
      <xmax>447</xmax>
      <ymax>303</ymax>
    </bndbox>
  </object>
  <object>
    <name>person</name>
    <pose>Unspecified</pose>
    <truncated>1</truncated>
    <difficult>1</difficult>
    <bndbox>
      <xmin>4</xmin>
      <ymin>1</ymin>
      <xmax>65</xmax>
      <ymax>201</ymax>
    </bndbox>
  </object>
  <object>
    <name>bottle</name>
    <pose>Unspecified</pose>
    <truncated>0</truncated>
    <difficult>0</difficult>
    <bndbox>
      <xmin>187</xmin>
      <ymin>190</ymin>
      <xmax>289</xmax>
      <ymax>293</ymax>
    </bndbox>
  </object>
  <object>
    <name>diningtable</name>
    <pose>Unspecified</pose>
    <truncated>1</truncated>
    <difficult>1</difficult>
    <bndbox>
      <xmin>1</xmin>
      <ymin>266</ymin>
      <xmax>359</xmax>
      <ymax>377</ymax>
    </bndbox>
  </object>
  <object>
    <name>chair</name>
    <pose>Unspecified</pose>
    <truncated>1</truncated>
    <difficult>1</difficult>
    <bndbox>
      <xmin>394</xmin>
      <ymin>282</ymin>
      <xmax>483</xmax>
      <ymax>378</ymax>
    </bndbox>
  </object>
  <object>
    <name>chair</name>
    <pose>Unspecified</pose>
    <truncated>1</truncated>
    <difficult>0</difficult>
    <bndbox>
      <xmin>61</xmin>
      <ymin>158</ymin>
      <xmax>135</xmax>
      <ymax>266</ymax>
    </bndbox>
  </object>
  <object>
    <name>cow</name>
    <pose>Unspecified</pose>
    <truncated>0</truncated>
    <difficult>0</difficult>
    <bndbox>
      <xmin>170</xmin>
      <ymin>81</ymin>
      <xmax>317</xmax>
      <ymax>163</ymax>
    </bndbox>
  </object>
</annotation>
