<annotation>
  <folder>VOC2007</folder>
  <filename>006021.jpg</filename>
  <source>
    <database>The VOC2007 Database</database>
    <annotation>PASCAL VOC2007</annotation>
    <image>flickr</image>
    <flickrid>317983067</flickrid>
  </source>
  <owner>
    <flickrid>chrisjmorgan</flickrid>
    <name>Chris Morgan</name>
  </owner>
  <size>
    <width>320</width>
    <height>240</height>
    <depth>3</depth>
  </size>
  <segmented>0</segmented>
  <object>
    <name>cow</name>
    <pose>Right</pose>
    <truncated>0</truncated>
    <difficult>0</difficult>
    <bndbox>
      <xmin>69</xmin>
      <ymin>46</ymin>
      <xmax>249</xmax>
      <ymax>169</ymax>
    </bndbox>
  </object>
  <object>
    <name>cow</name>
    <pose>Unspecified</pose>
    <truncated>0</truncated>
    <difficult>0</difficult>
    <bndbox>
      <xmin>136</xmin>
      <ymin>33</ymin>
      <xmax>283</xmax>
      <ymax>115</ymax>
    </bndbox>
  </object>
</annotation>
