<annotation>
  <folder>VOC2007</folder>
  <filename>006145.jpg</filename>
  <source>
    <database>The VOC2007 Database</database>
    <annotation>PASCAL VOC2007</annotation>
    <image>flickr</image>
    <flickrid>339220816</flickrid>
  </source>
  <owner>
    <flickrid>SunFlowery</flickrid>
    <name>Amy Mingo</name>
  </owner>
  <size>
    <width>500</width>
    <height>333</height>
    <depth>3</depth>
  </size>
  <segmented>0</segmented>
  <object>
    <name>person</name>
    <pose>Unspecified</pose>
    <truncated>1</truncated>
    <difficult>0</difficult>
    <part>
      <name>head</name>
      <bndbox>
        <xmin>438</xmin>
        <ymin>69</ymin>
        <xmax>500</xmax>
        <ymax>148</ymax>
      </bndbox>
    </part>
    <part>
      <name>hand</name>
      <bndbox>
        <xmin>347</xmin>
        <ymin>219</ymin>
        <xmax>380</xmax>
        <ymax>253</ymax>
      </bndbox>
    </part>
    <bndbox>
      <xmin>289</xmin>
      <ymin>68</ymin>
      <xmax>500</xmax>
      <ymax>333</ymax>
    </bndbox>
  </object>
  <object>
    <name>person</name>
    <pose>Unspecified</pose>
    <truncated>0</truncated>
    <difficult>0</difficult>
    <part>
      <name>hand</name>
      <bndbox>
        <xmin>327</xmin>
        <ymin>142</ymin>
        <xmax>354</xmax>
        <ymax>168</ymax>
      </bndbox>
    </part>
    <part>
      <name>hand</name>
      <bndbox>
        <xmin>363</xmin>
        <ymin>143</ymin>
        <xmax>392</xmax>
        <ymax>155</ymax>
      </bndbox>
    </part>
    <part>
      <name>head</name>
      <bndbox>
        <xmin>359</xmin>
        <ymin>56</ymin>
        <xmax>397</xmax>
        <ymax>93</ymax>
      </bndbox>
    </part>
    <part>
      <name>foot</name>
      <bndbox>
        <xmin>318</xmin>
        <ymin>221</ymin>
        <xmax>333</xmax>
        <ymax>239</ymax>
      </bndbox>
    </part>
    <bndbox>
      <xmin>315</xmin>
      <ymin>55</ymin>
      <xmax>418</xmax>
      <ymax>245</ymax>
    </bndbox>
  </object>
  <object>
    <name>person</name>
    <pose>Frontal</pose>
    <truncated>0</truncated>
    <difficult>0</difficult>
    <part>
      <name>head</name>
      <bndbox>
        <xmin>222</xmin>
        <ymin>7</ymin>
        <xmax>248</xmax>
        <ymax>40</ymax>
      </bndbox>
    </part>
    <part>
      <name>hand</name>
      <bndbox>
        <xmin>248</xmin>
        <ymin>109</ymin>
        <xmax>261</xmax>
        <ymax>126</ymax>
      </bndbox>
    </part>
    <part>
      <name>hand</name>
      <bndbox>
        <xmin>263</xmin>
        <ymin>96</ymin>
        <xmax>280</xmax>
        <ymax>107</ymax>
      </bndbox>
    </part>
    <part>
      <name>foot</name>
      <bndbox>
        <xmin>258</xmin>
        <ymin>169</ymin>
        <xmax>277</xmax>
        <ymax>189</ymax>
      </bndbox>
    </part>
    <bndbox>
      <xmin>213</xmin>
      <ymin>4</ymin>
      <xmax>296</xmax>
      <ymax>201</ymax>
    </bndbox>
  </object>
  <object>
    <name>person</name>
    <pose>Frontal</pose>
    <truncated>0</truncated>
    <difficult>0</difficult>
    <part>
      <name>foot</name>
      <bndbox>
        <xmin>134</xmin>
        <ymin>194</ymin>
        <xmax>148</xmax>
        <ymax>209</ymax>
      </bndbox>
    </part>
    <part>
      <name>foot</name>
      <bndbox>
        <xmin>122</xmin>
        <ymin>186</ymin>
        <xmax>137</xmax>
        <ymax>203</ymax>
      </bndbox>
    </part>
    <part>
      <name>head</name>
      <bndbox>
        <xmin>124</xmin>
        <ymin>28</ymin>
        <xmax>152</xmax>
        <ymax>63</ymax>
      </bndbox>
    </part>
    <part>
      <name>hand</name>
      <bndbox>
        <xmin>144</xmin>
        <ymin>100</ymin>
        <xmax>162</xmax>
        <ymax>115</ymax>
      </bndbox>
    </part>
    <part>
      <name>hand</name>
      <bndbox>
        <xmin>131</xmin>
        <ymin>111</ymin>
        <xmax>148</xmax>
        <ymax>122</ymax>
      </bndbox>
    </part>
    <bndbox>
      <xmin>119</xmin>
      <ymin>25</ymin>
      <xmax>176</xmax>
      <ymax>207</ymax>
    </bndbox>
  </object>
  <object>
    <name>person</name>
    <pose>Unspecified</pose>
    <truncated>0</truncated>
    <difficult>0</difficult>
    <part>
      <name>head</name>
      <bndbox>
        <xmin>19</xmin>
        <ymin>11</ymin>
        <xmax>48</xmax>
        <ymax>47</ymax>
      </bndbox>
    </part>
    <part>
      <name>hand</name>
      <bndbox>
        <xmin>42</xmin>
        <ymin>103</ymin>
        <xmax>49</xmax>
        <ymax>116</ymax>
      </bndbox>
    </part>
    <bndbox>
      <xmin>8</xmin>
      <ymin>10</ymin>
      <xmax>106</xmax>
      <ymax>175</ymax>
    </bndbox>
  </object>
  <object>
    <name>person</name>
    <pose>Unspecified</pose>
    <truncated>0</truncated>
    <difficult>0</difficult>
    <part>
      <name>hand</name>
      <bndbox>
        <xmin>132</xmin>
        <ymin>153</ymin>
        <xmax>147</xmax>
        <ymax>170</ymax>
      </bndbox>
    </part>
    <part>
      <name>hand</name>
      <bndbox>
        <xmin>91</xmin>
        <ymin>190</ymin>
        <xmax>113</xmax>
        <ymax>204</ymax>
      </bndbox>
    </part>
    <part>
      <name>foot</name>
      <bndbox>
        <xmin>38</xmin>
        <ymin>229</ymin>
        <xmax>67</xmax>
        <ymax>259</ymax>
      </bndbox>
    </part>
    <part>
      <name>head</name>
      <bndbox>
        <xmin>50</xmin>
        <ymin>90</ymin>
        <xmax>100</xmax>
        <ymax>134</ymax>
      </bndbox>
    </part>
    <bndbox>
      <xmin>27</xmin>
      <ymin>87</ymin>
      <xmax>156</xmax>
      <ymax>283</ymax>
    </bndbox>
  </object>
  <object>
    <name>chair</name>
    <pose>Unspecified</pose>
    <truncated>1</truncated>
    <difficult>1</difficult>
    <bndbox>
      <xmin>369</xmin>
      <ymin>290</ymin>
      <xmax>500</xmax>
      <ymax>333</ymax>
    </bndbox>
  </object>
  <object>
    <name>chair</name>
    <pose>Unspecified</pose>
    <truncated>1</truncated>
    <difficult>0</difficult>
    <bndbox>
      <xmin>344</xmin>
      <ymin>75</ymin>
      <xmax>451</xmax>
      <ymax>192</ymax>
    </bndbox>
  </object>
  <object>
    <name>chair</name>
    <pose>Unspecified</pose>
    <truncated>1</truncated>
    <difficult>1</difficult>
    <bndbox>
      <xmin>220</xmin>
      <ymin>117</ymin>
      <xmax>279</xmax>
      <ymax>185</ymax>
    </bndbox>
  </object>
  <object>
    <name>chair</name>
    <pose>Unspecified</pose>
    <truncated>1</truncated>
    <difficult>1</difficult>
    <bndbox>
      <xmin>107</xmin>
      <ymin>116</ymin>
      <xmax>176</xmax>
      <ymax>189</ymax>
    </bndbox>
  </object>
  <object>
    <name>chair</name>
    <pose>Unspecified</pose>
    <truncated>1</truncated>
    <difficult>0</difficult>
    <bndbox>
      <xmin>3</xmin>
      <ymin>67</ymin>
      <xmax>66</xmax>
      <ymax>166</ymax>
    </bndbox>
  </object>
  <object>
    <name>cow</name>
    <pose>Unspecified</pose>
    <truncated>0</truncated>
    <difficult>0</difficult>
    <bndbox>
      <xmin>82</xmin>
      <ymin>39</ymin>
      <xmax>229</xmax>
      <ymax>121</ymax>
    </bndbox>
  </object>
</annotation>
