<annotation>
  <folder>VOC2007</folder>
  <filename>006359.jpg</filename>
  <source>
    <database>The VOC2007 Database</database>
    <annotation>PASCAL VOC2007</annotation>
    <image>flickr</image>
    <flickrid>284433829</flickrid>
  </source>
  <owner>
    <flickrid>dalmond</flickrid>
    <name>Daley Mikalson</name>
  </owner>
  <size>
    <width>500</width>
    <height>272</height>
    <depth>3</depth>
  </size>
  <segmented>0</segmented>
  <object>
    <name>bottle</name>
    <pose>Unspecified</pose>
    <truncated>0</truncated>
    <difficult>0</difficult>
    <bndbox>
      <xmin>193</xmin>
      <ymin>43</ymin>
      <xmax>217</xmax>
      <ymax>129</ymax>
    </bndbox>
  </object>
  <object>
    <name>bottle</name>
    <pose>Unspecified</pose>
    <truncated>0</truncated>
    <difficult>0</difficult>
    <bndbox>
      <xmin>221</xmin>
      <ymin>45</ymin>
      <xmax>244</xmax>
      <ymax>127</ymax>
    </bndbox>
  </object>
  <object>
    <name>pottedplant</name>
    <pose>Unspecified</pose>
    <truncated>1</truncated>
    <difficult>0</difficult>
    <bndbox>
      <xmin>82</xmin>
      <ymin>142</ymin>
      <xmax>186</xmax>
      <ymax>230</ymax>
    </bndbox>
  </object>
  <object>
    <name>chair</name>
    <pose>Left</pose>
    <truncated>1</truncated>
    <difficult>0</difficult>
    <bndbox>
      <xmin>167</xmin>
      <ymin>40</ymin>
      <xmax>500</xmax>
      <ymax>272</ymax>
    </bndbox>
  </object>
  <object>
    <name>chair</name>
    <pose>Unspecified</pose>
    <truncated>1</truncated>
    <difficult>1</difficult>
    <bndbox>
      <xmin>229</xmin>
      <ymin>138</ymin>
      <xmax>500</xmax>
      <ymax>272</ymax>
    </bndbox>
  </object>
  <object>
    <name>cow</name>
    <pose>Unspecified</pose>
    <truncated>0</truncated>
    <difficult>0</difficult>
    <bndbox>
      <xmin>240</xmin>
      <ymin>146</ymin>
      <xmax>387</xmax>
      <ymax>228</ymax>
    </bndbox>
  </object>
</annotation>
