<annotation>
  <folder>VOC2007</folder>
  <filename>006307.jpg</filename>
  <source>
    <database>The VOC2007 Database</database>
    <annotation>PASCAL VOC2007</annotation>
    <image>flickr</image>
    <flickrid>291790841</flickrid>
  </source>
  <owner>
    <flickrid>Charles DH Crosbie</flickrid>
    <name>Charles DH Crosbie</name>
  </owner>
  <size>
    <width>500</width>
    <height>187</height>
    <depth>3</depth>
  </size>
  <segmented>0</segmented>
  <object>
    <name>tvmonitor</name>
    <pose>Unspecified</pose>
    <truncated>0</truncated>
    <difficult>0</difficult>
    <bndbox>
      <xmin>129</xmin>
      <ymin>62</ymin>
      <xmax>173</xmax>
      <ymax>101</ymax>
    </bndbox>
  </object>
  <object>
    <name>tvmonitor</name>
    <pose>Unspecified</pose>
    <truncated>0</truncated>
    <difficult>0</difficult>
    <bndbox>
      <xmin>214</xmin>
      <ymin>59</ymin>
      <xmax>246</xmax>
      <ymax>87</ymax>
    </bndbox>
  </object>
  <object>
    <name>pottedplant</name>
    <pose>Unspecified</pose>
    <truncated>0</truncated>
    <difficult>0</difficult>
    <bndbox>
      <xmin>210</xmin>
      <ymin>24</ymin>
      <xmax>235</xmax>
      <ymax>57</ymax>
    </bndbox>
  </object>
  <object>
    <name>sofa</name>
    <pose>Unspecified</pose>
    <truncated>1</truncated>
    <difficult>1</difficult>
    <bndbox>
      <xmin>297</xmin>
      <ymin>108</ymin>
      <xmax>440</xmax>
      <ymax>187</ymax>
    </bndbox>
  </object>
  <object>
    <name>sofa</name>
    <pose>Unspecified</pose>
    <truncated>0</truncated>
    <difficult>0</difficult>
    <bndbox>
      <xmin>289</xmin>
      <ymin>65</ymin>
      <xmax>426</xmax>
      <ymax>116</ymax>
    </bndbox>
  </object>
  <object>
    <name>chair</name>
    <pose>Rear</pose>
    <truncated>0</truncated>
    <difficult>0</difficult>
    <bndbox>
      <xmin>150</xmin>
      <ymin>105</ymin>
      <xmax>288</xmax>
      <ymax>173</ymax>
    </bndbox>
  </object>
  <object>
    <name>person</name>
    <pose>Unspecified</pose>
    <truncated>1</truncated>
    <difficult>1</difficult>
    <bndbox>
      <xmin>164</xmin>
      <ymin>81</ymin>
      <xmax>235</xmax>
      <ymax>139</ymax>
    </bndbox>
  </object>
  <object>
    <name>cow</name>
    <pose>Unspecified</pose>
    <truncated>0</truncated>
    <difficult>0</difficult>
    <bndbox>
      <xmin>140</xmin>
      <ymin>1</ymin>
      <xmax>287</xmax>
      <ymax>83</ymax>
    </bndbox>
  </object>
</annotation>
