<annotation>
  <folder>VOC2007</folder>
  <filename>006316.jpg</filename>
  <source>
    <database>The VOC2007 Database</database>
    <annotation>PASCAL VOC2007</annotation>
    <image>flickr</image>
    <flickrid>316233654</flickrid>
  </source>
  <owner>
    <flickrid>~Dezz~</flickrid>
    <name>Desirae</name>
  </owner>
  <size>
    <width>500</width>
    <height>321</height>
    <depth>3</depth>
  </size>
  <segmented>0</segmented>
  <object>
    <name>cow</name>
    <pose>Unspecified</pose>
    <truncated>0</truncated>
    <difficult>0</difficult>
    <bndbox>
      <xmin>12</xmin>
      <ymin>37</ymin>
      <xmax>216</xmax>
      <ymax>301</ymax>
    </bndbox>
  </object>
  <object>
    <name>cow</name>
    <pose>Unspecified</pose>
    <truncated>0</truncated>
    <difficult>0</difficult>
    <bndbox>
      <xmin>181</xmin>
      <ymin>26</ymin>
      <xmax>402</xmax>
      <ymax>268</ymax>
    </bndbox>
  </object>
  <object>
    <name>cow</name>
    <pose>Unspecified</pose>
    <truncated>1</truncated>
    <difficult>0</difficult>
    <bndbox>
      <xmin>284</xmin>
      <ymin>39</ymin>
      <xmax>500</xmax>
      <ymax>270</ymax>
    </bndbox>
  </object>
  <object>
    <name>cow</name>
    <pose>Unspecified</pose>
    <truncated>0</truncated>
    <difficult>0</difficult>
    <bndbox>
      <xmin>349</xmin>
      <ymin>204</ymin>
      <xmax>496</xmax>
      <ymax>286</ymax>
    </bndbox>
  </object>
</annotation>
