<annotation>
  <folder>VOC2007</folder>
  <filename>006414.jpg</filename>
  <source>
    <database>The VOC2007 Database</database>
    <annotation>PASCAL VOC2007</annotation>
    <image>flickr</image>
    <flickrid>330479435</flickrid>
  </source>
  <owner>
    <flickrid>gregthemayor</flickrid>
    <name>GREG ANDREWS</name>
  </owner>
  <size>
    <width>500</width>
    <height>333</height>
    <depth>3</depth>
  </size>
  <segmented>0</segmented>
  <object>
    <name>cow</name>
    <pose>Frontal</pose>
    <truncated>0</truncated>
    <difficult>0</difficult>
    <bndbox>
      <xmin>180</xmin>
      <ymin>3</ymin>
      <xmax>500</xmax>
      <ymax>333</ymax>
    </bndbox>
  </object>
  <object>
    <name>person</name>
    <pose>Unspecified</pose>
    <truncated>1</truncated>
    <difficult>0</difficult>
    <bndbox>
      <xmin>1</xmin>
      <ymin>3</ymin>
      <xmax>229</xmax>
      <ymax>333</ymax>
    </bndbox>
  </object>
  <object>
    <name>cow</name>
    <pose>Unspecified</pose>
    <truncated>0</truncated>
    <difficult>0</difficult>
    <bndbox>
      <xmin>50</xmin>
      <ymin>6</ymin>
      <xmax>197</xmax>
      <ymax>88</ymax>
    </bndbox>
  </object>
</annotation>
