<annotation>
  <folder>VOC2007</folder>
  <filename>006402.jpg</filename>
  <source>
    <database>The VOC2007 Database</database>
    <annotation>PASCAL VOC2007</annotation>
    <image>flickr</image>
    <flickrid>217949149</flickrid>
  </source>
  <owner>
    <flickrid>jonathanbart</flickrid>
    <name>Jonathan</name>
  </owner>
  <size>
    <width>400</width>
    <height>264</height>
    <depth>3</depth>
  </size>
  <segmented>0</segmented>
  <object>
    <name>bottle</name>
    <pose>Unspecified</pose>
    <truncated>0</truncated>
    <difficult>0</difficult>
    <bndbox>
      <xmin>30</xmin>
      <ymin>73</ymin>
      <xmax>65</xmax>
      <ymax>157</ymax>
    </bndbox>
  </object>
  <object>
    <name>bottle</name>
    <pose>Unspecified</pose>
    <truncated>0</truncated>
    <difficult>0</difficult>
    <bndbox>
      <xmin>71</xmin>
      <ymin>75</ymin>
      <xmax>107</xmax>
      <ymax>162</ymax>
    </bndbox>
  </object>
  <object>
    <name>cow</name>
    <pose>Unspecified</pose>
    <truncated>0</truncated>
    <difficult>0</difficult>
    <bndbox>
      <xmin>39</xmin>
      <ymin>61</ymin>
      <xmax>186</xmax>
      <ymax>143</ymax>
    </bndbox>
  </object>
</annotation>
