<annotation>
  <folder>VOC2007</folder>
  <filename>006451.jpg</filename>
  <source>
    <database>The VOC2007 Database</database>
    <annotation>PASCAL VOC2007</annotation>
    <image>flickr</image>
    <flickrid>340325715</flickrid>
  </source>
  <owner>
    <flickrid>salt</flickrid>
    <name>Savannah Lewis</name>
  </owner>
  <size>
    <width>500</width>
    <height>372</height>
    <depth>3</depth>
  </size>
  <segmented>0</segmented>
  <object>
    <name>cat</name>
    <pose>Right</pose>
    <truncated>1</truncated>
    <difficult>0</difficult>
    <bndbox>
      <xmin>1</xmin>
      <ymin>65</ymin>
      <xmax>298</xmax>
      <ymax>257</ymax>
    </bndbox>
  </object>
  <object>
    <name>chair</name>
    <pose>Unspecified</pose>
    <truncated>1</truncated>
    <difficult>0</difficult>
    <bndbox>
      <xmin>86</xmin>
      <ymin>1</ymin>
      <xmax>500</xmax>
      <ymax>223</ymax>
    </bndbox>
  </object>
  <object>
    <name>cow</name>
    <pose>Unspecified</pose>
    <truncated>0</truncated>
    <difficult>0</difficult>
    <bndbox>
      <xmin>158</xmin>
      <ymin>244</ymin>
      <xmax>305</xmax>
      <ymax>326</ymax>
    </bndbox>
  </object>
</annotation>
