<annotation>
  <folder>VOC2007</folder>
  <filename>006589.jpg</filename>
  <source>
    <database>The VOC2007 Database</database>
    <annotation>PASCAL VOC2007</annotation>
    <image>flickr</image>
    <flickrid>324251287</flickrid>
  </source>
  <owner>
    <flickrid>Freshwater Yankee</flickrid>
    <name>?</name>
  </owner>
  <size>
    <width>500</width>
    <height>375</height>
    <depth>3</depth>
  </size>
  <segmented>0</segmented>
  <object>
    <name>cow</name>
    <pose>Left</pose>
    <truncated>0</truncated>
    <difficult>0</difficult>
    <bndbox>
      <xmin>222</xmin>
      <ymin>133</ymin>
      <xmax>359</xmax>
      <ymax>224</ymax>
    </bndbox>
  </object>
  <object>
    <name>cow</name>
    <pose>Unspecified</pose>
    <truncated>0</truncated>
    <difficult>0</difficult>
    <bndbox>
      <xmin>47</xmin>
      <ymin>47</ymin>
      <xmax>194</xmax>
      <ymax>129</ymax>
    </bndbox>
  </object>
</annotation>
