<annotation>
  <folder>VOC2007</folder>
  <filename>006579.jpg</filename>
  <source>
    <database>The VOC2007 Database</database>
    <annotation>PASCAL VOC2007</annotation>
    <image>flickr</image>
    <flickrid>331554259</flickrid>
  </source>
  <owner>
    <flickrid>imdksk</flickrid>
    <name>?</name>
  </owner>
  <size>
    <width>288</width>
    <height>352</height>
    <depth>3</depth>
  </size>
  <segmented>0</segmented>
  <object>
    <name>cow</name>
    <pose>Unspecified</pose>
    <truncated>0</truncated>
    <difficult>0</difficult>
    <bndbox>
      <xmin>144</xmin>
      <ymin>5</ymin>
      <xmax>237</xmax>
      <ymax>131</ymax>
    </bndbox>
  </object>
  <object>
    <name>cow</name>
    <pose>Unspecified</pose>
    <truncated>1</truncated>
    <difficult>1</difficult>
    <bndbox>
      <xmin>12</xmin>
      <ymin>37</ymin>
      <xmax>149</xmax>
      <ymax>127</ymax>
    </bndbox>
  </object>
  <object>
    <name>cow</name>
    <pose>Unspecified</pose>
    <truncated>0</truncated>
    <difficult>0</difficult>
    <bndbox>
      <xmin>57</xmin>
      <ymin>22</ymin>
      <xmax>204</xmax>
      <ymax>104</ymax>
    </bndbox>
  </object>
</annotation>
