<annotation>
  <folder>VOC2007</folder>
  <filename>006514.jpg</filename>
  <source>
    <database>The VOC2007 Database</database>
    <annotation>PASCAL VOC2007</annotation>
    <image>flickr</image>
    <flickrid>296186997</flickrid>
  </source>
  <owner>
    <flickrid>amphigori</flickrid>
    <name>Jacqueline Brasfield</name>
  </owner>
  <size>
    <width>375</width>
    <height>500</height>
    <depth>3</depth>
  </size>
  <segmented>0</segmented>
  <object>
    <name>person</name>
    <pose>Frontal</pose>
    <truncated>0</truncated>
    <difficult>0</difficult>
    <bndbox>
      <xmin>120</xmin>
      <ymin>230</ymin>
      <xmax>267</xmax>
      <ymax>500</ymax>
    </bndbox>
    <part>
      <name>head</name>
      <bndbox>
        <xmin>181.561</xmin>
        <ymin>232.5829</ymin>
        <xmax>211.7962</xmax>
        <ymax>272.8964</ymax>
      </bndbox>
    </part>
    <part>
      <name>hand</name>
      <bndbox>
        <xmin>246.5106</xmin>
        <ymin>321.6086</ymin>
        <xmax>267.2273</xmax>
        <ymax>349.0442</ymax>
      </bndbox>
    </part>
    <part>
      <name>hand</name>
      <bndbox>
        <xmin>120.5308</xmin>
        <ymin>320.4888</ymin>
        <xmax>140.6876</xmax>
        <ymax>345.1249</ymax>
      </bndbox>
    </part>
    <part>
      <name>foot</name>
      <bndbox>
        <xmin>136.7682</xmin>
        <ymin>470.5448</ymin>
        <xmax>168.6831</xmax>
        <ymax>500</ymax>
      </bndbox>
    </part>
    <part>
      <name>foot</name>
      <bndbox>
        <xmin>207.8768</xmin>
        <ymin>445.9087</ymin>
        <xmax>232.5129</xmax>
        <ymax>477.2637</ymax>
      </bndbox>
    </part>
  </object>
  <object>
    <name>chair</name>
    <pose>Frontal</pose>
    <truncated>1</truncated>
    <difficult>0</difficult>
    <bndbox>
      <xmin>133</xmin>
      <ymin>206</ymin>
      <xmax>258</xmax>
      <ymax>453</ymax>
    </bndbox>
  </object>
  <object>
    <name>cow</name>
    <pose>Unspecified</pose>
    <truncated>0</truncated>
    <difficult>0</difficult>
    <bndbox>
      <xmin>147</xmin>
      <ymin>240</ymin>
      <xmax>294</xmax>
      <ymax>322</ymax>
    </bndbox>
  </object>
</annotation>
