<annotation>
  <folder>VOC2007</folder>
  <filename>006676.jpg</filename>
  <source>
    <database>The VOC2007 Database</database>
    <annotation>PASCAL VOC2007</annotation>
    <image>flickr</image>
    <flickrid>292693319</flickrid>
  </source>
  <owner>
    <flickrid>Juliarchy</flickrid>
    <name>Julia</name>
  </owner>
  <size>
    <width>500</width>
    <height>375</height>
    <depth>3</depth>
  </size>
  <segmented>0</segmented>
  <object>
    <name>sofa</name>
    <pose>Left</pose>
    <truncated>0</truncated>
    <difficult>0</difficult>
    <bndbox>
      <xmin>326</xmin>
      <ymin>163</ymin>
      <xmax>500</xmax>
      <ymax>344</ymax>
    </bndbox>
  </object>
  <object>
    <name>chair</name>
    <pose>Right</pose>
    <truncated>0</truncated>
    <difficult>0</difficult>
    <bndbox>
      <xmin>48</xmin>
      <ymin>156</ymin>
      <xmax>173</xmax>
      <ymax>275</ymax>
    </bndbox>
  </object>
  <object>
    <name>cow</name>
    <pose>Unspecified</pose>
    <truncated>0</truncated>
    <difficult>0</difficult>
    <bndbox>
      <xmin>47</xmin>
      <ymin>129</ymin>
      <xmax>194</xmax>
      <ymax>211</ymax>
    </bndbox>
  </object>
</annotation>
