<annotation>
  <folder>VOC2007</folder>
  <filename>006633.jpg</filename>
  <source>
    <database>The VOC2007 Database</database>
    <annotation>PASCAL VOC2007</annotation>
    <image>flickr</image>
    <flickrid>335366963</flickrid>
  </source>
  <owner>
    <flickrid>iso_bg</flickrid>
    <name>?</name>
  </owner>
  <size>
    <width>500</width>
    <height>375</height>
    <depth>3</depth>
  </size>
  <segmented>0</segmented>
  <object>
    <name>person</name>
    <pose>Frontal</pose>
    <truncated>1</truncated>
    <difficult>0</difficult>
    <bndbox>
      <xmin>232</xmin>
      <ymin>79</ymin>
      <xmax>437</xmax>
      <ymax>371</ymax>
    </bndbox>
    <part>
      <name>head</name>
      <bndbox>
        <xmin>351.9138</xmin>
        <ymin>72.5185</ymin>
        <xmax>403.1456</xmax>
        <ymax>146.0067</ymax>
      </bndbox>
    </part>
    <part>
      <name>hand</name>
      <bndbox>
        <xmin>323.7783</xmin>
        <ymin>274.9261</ymin>
        <xmax>361.9922</xmax>
        <ymax>313.14</ymax>
      </bndbox>
    </part>
    <part>
      <name>hand</name>
      <bndbox>
        <xmin>223.8343</xmin>
        <ymin>221.1747</ymin>
        <xmax>259.5286</xmax>
        <ymax>249.7301</ymax>
      </bndbox>
    </part>
  </object>
  <object>
    <name>chair</name>
    <pose>Unspecified</pose>
    <truncated>0</truncated>
    <difficult>0</difficult>
    <bndbox>
      <xmin>285</xmin>
      <ymin>149</ymin>
      <xmax>455</xmax>
      <ymax>373</ymax>
    </bndbox>
  </object>
  <object>
    <name>tvmonitor</name>
    <pose>Right</pose>
    <truncated>0</truncated>
    <difficult>0</difficult>
    <bndbox>
      <xmin>59</xmin>
      <ymin>134</ymin>
      <xmax>132</xmax>
      <ymax>265</ymax>
    </bndbox>
  </object>
  <object>
    <name>tvmonitor</name>
    <pose>Left</pose>
    <truncated>1</truncated>
    <difficult>0</difficult>
    <bndbox>
      <xmin>1</xmin>
      <ymin>113</ymin>
      <xmax>38</xmax>
      <ymax>236</ymax>
    </bndbox>
  </object>
  <object>
    <name>cow</name>
    <pose>Unspecified</pose>
    <truncated>0</truncated>
    <difficult>0</difficult>
    <bndbox>
      <xmin>116</xmin>
      <ymin>115</ymin>
      <xmax>263</xmax>
      <ymax>197</ymax>
    </bndbox>
  </object>
</annotation>
