<annotation>
  <folder>VOC2007</folder>
  <filename>006644.jpg</filename>
  <source>
    <database>The VOC2007 Database</database>
    <annotation>PASCAL VOC2007</annotation>
    <image>flickr</image>
    <flickrid>334966661</flickrid>
  </source>
  <owner>
    <flickrid>juneleaf</flickrid>
    <name>michelle</name>
  </owner>
  <size>
    <width>500</width>
    <height>375</height>
    <depth>3</depth>
  </size>
  <segmented>0</segmented>
  <object>
    <name>person</name>
    <pose>Right</pose>
    <truncated>1</truncated>
    <difficult>0</difficult>
    <bndbox>
      <xmin>135</xmin>
      <ymin>96</ymin>
      <xmax>240</xmax>
      <ymax>375</ymax>
    </bndbox>
    <part>
      <name>head</name>
      <bndbox>
        <xmin>142.3673</xmin>
        <ymin>99.3942</ymin>
        <xmax>199.0582</xmax>
        <ymax>156.925</ymax>
      </bndbox>
    </part>
    <part>
      <name>hand</name>
      <bndbox>
        <xmin>218.7951</xmin>
        <ymin>261.9082</ymin>
        <xmax>238.9518</xmax>
        <ymax>279.5454</ymax>
      </bndbox>
    </part>
    <part>
      <name>hand</name>
      <bndbox>
        <xmin>209.5566</xmin>
        <ymin>266.9474</ymin>
        <xmax>232.6529</xmax>
        <ymax>288.7839</ymax>
      </bndbox>
    </part>
  </object>
  <object>
    <name>person</name>
    <pose>Frontal</pose>
    <truncated>1</truncated>
    <difficult>0</difficult>
    <bndbox>
      <xmin>222</xmin>
      <ymin>84</ymin>
      <xmax>309</xmax>
      <ymax>374</ymax>
    </bndbox>
    <part>
      <name>head</name>
      <bndbox>
        <xmin>245.6708</xmin>
        <ymin>83.4367</ymin>
        <xmax>281.3651</xmax>
        <ymax>127.1097</ymax>
      </bndbox>
    </part>
    <part>
      <name>hand</name>
      <bndbox>
        <xmin>252.8096</xmin>
        <ymin>113.6719</ymin>
        <xmax>278.8455</xmax>
        <ymax>145.1669</ymax>
      </bndbox>
    </part>
    <part>
      <name>hand</name>
      <bndbox>
        <xmin>280.1053</xmin>
        <ymin>264.8477</ymin>
        <xmax>298.5823</xmax>
        <ymax>287.1041</ymax>
      </bndbox>
    </part>
  </object>
  <object>
    <name>person</name>
    <pose>Unspecified</pose>
    <truncated>1</truncated>
    <difficult>0</difficult>
    <bndbox>
      <xmin>285</xmin>
      <ymin>78</ymin>
      <xmax>377</xmax>
      <ymax>375</ymax>
    </bndbox>
    <part>
      <name>head</name>
      <bndbox>
        <xmin>286.8242</xmin>
        <ymin>78.3975</ymin>
        <xmax>329.2374</xmax>
        <ymax>128.3695</ymax>
      </bndbox>
    </part>
    <part>
      <name>hand</name>
      <bndbox>
        <xmin>343.9351</xmin>
        <ymin>247.6305</ymin>
        <xmax>365.7716</xmax>
        <ymax>274.5062</ymax>
      </bndbox>
    </part>
  </object>
  <object>
    <name>bottle</name>
    <pose>Unspecified</pose>
    <truncated>0</truncated>
    <difficult>1</difficult>
    <bndbox>
      <xmin>481</xmin>
      <ymin>196</ymin>
      <xmax>495</xmax>
      <ymax>234</ymax>
    </bndbox>
  </object>
  <object>
    <name>bottle</name>
    <pose>Unspecified</pose>
    <truncated>0</truncated>
    <difficult>1</difficult>
    <bndbox>
      <xmin>467</xmin>
      <ymin>206</ymin>
      <xmax>482</xmax>
      <ymax>237</ymax>
    </bndbox>
  </object>
  <object>
    <name>cow</name>
    <pose>Unspecified</pose>
    <truncated>0</truncated>
    <difficult>0</difficult>
    <bndbox>
      <xmin>10</xmin>
      <ymin>126</ymin>
      <xmax>157</xmax>
      <ymax>208</ymax>
    </bndbox>
  </object>
</annotation>
