<annotation>
  <folder>VOC2007</folder>
  <filename>006780.jpg</filename>
  <source>
    <database>The VOC2007 Database</database>
    <annotation>PASCAL VOC2007</annotation>
    <image>flickr</image>
    <flickrid>320933812</flickrid>
  </source>
  <owner>
    <flickrid>Pamela Machado</flickrid>
    <name>Pamela Machado</name>
  </owner>
  <size>
    <width>335</width>
    <height>500</height>
    <depth>3</depth>
  </size>
  <segmented>0</segmented>
  <object>
    <name>chair</name>
    <pose>Frontal</pose>
    <truncated>0</truncated>
    <difficult>0</difficult>
    <bndbox>
      <xmin>3</xmin>
      <ymin>54</ymin>
      <xmax>332</xmax>
      <ymax>363</ymax>
    </bndbox>
  </object>
  <object>
    <name>person</name>
    <pose>Frontal</pose>
    <truncated>0</truncated>
    <difficult>0</difficult>
    <bndbox>
      <xmin>58</xmin>
      <ymin>21</ymin>
      <xmax>296</xmax>
      <ymax>458</ymax>
    </bndbox>
    <part>
      <name>head</name>
      <bndbox>
        <xmin>186.757</xmin>
        <ymin>23.1764</ymin>
        <xmax>246.1075</xmax>
        <ymax>103.2436</ymax>
      </bndbox>
    </part>
    <part>
      <name>hand</name>
      <bndbox>
        <xmin>178.3583</xmin>
        <ymin>204.0274</ymin>
        <xmax>211.953</xmax>
        <ymax>263.9378</ymax>
      </bndbox>
    </part>
    <part>
      <name>hand</name>
      <bndbox>
        <xmin>133.5655</xmin>
        <ymin>281.2951</ymin>
        <xmax>165.4804</xmax>
        <ymax>336.1663</ymax>
      </bndbox>
    </part>
    <part>
      <name>foot</name>
      <bndbox>
        <xmin>234.9093</xmin>
        <ymin>360.8024</ymin>
        <xmax>287.5409</xmax>
        <ymax>441.4295</ymax>
      </bndbox>
    </part>
    <part>
      <name>foot</name>
      <bndbox>
        <xmin>56.2979</xmin>
        <ymin>378.7195</ymin>
        <xmax>103.8903</xmax>
        <ymax>458.7867</ymax>
      </bndbox>
    </part>
  </object>
  <object>
    <name>cow</name>
    <pose>Unspecified</pose>
    <truncated>0</truncated>
    <difficult>0</difficult>
    <bndbox>
      <xmin>154</xmin>
      <ymin>194</ymin>
      <xmax>301</xmax>
      <ymax>276</ymax>
    </bndbox>
  </object>
</annotation>
