<annotation>
  <folder>VOC2007</folder>
  <filename>006711.jpg</filename>
  <source>
    <database>The VOC2007 Database</database>
    <annotation>PASCAL VOC2007</annotation>
    <image>flickr</image>
    <flickrid>333970083</flickrid>
  </source>
  <owner>
    <flickrid>karen lee hall</flickrid>
    <name>klh</name>
  </owner>
  <size>
    <width>500</width>
    <height>375</height>
    <depth>3</depth>
  </size>
  <segmented>0</segmented>
  <object>
    <name>cow</name>
    <pose>Right</pose>
    <truncated>1</truncated>
    <difficult>0</difficult>
    <bndbox>
      <xmin>72</xmin>
      <ymin>59</ymin>
      <xmax>326</xmax>
      <ymax>179</ymax>
    </bndbox>
  </object>
  <object>
    <name>cow</name>
    <pose>Unspecified</pose>
    <truncated>0</truncated>
    <difficult>0</difficult>
    <bndbox>
      <xmin>133</xmin>
      <ymin>291</ymin>
      <xmax>280</xmax>
      <ymax>373</ymax>
    </bndbox>
  </object>
</annotation>
