<annotation>
  <folder>VOC2007</folder>
  <filename>006770.jpg</filename>
  <source>
    <database>The VOC2007 Database</database>
    <annotation>PASCAL VOC2007</annotation>
    <image>flickr</image>
    <flickrid>334511447</flickrid>
  </source>
  <owner>
    <flickrid>montanagirliesurfergirl</flickrid>
    <name>?</name>
  </owner>
  <size>
    <width>500</width>
    <height>375</height>
    <depth>3</depth>
  </size>
  <segmented>0</segmented>
  <object>
    <name>cow</name>
    <pose>Unspecified</pose>
    <truncated>1</truncated>
    <difficult>0</difficult>
    <bndbox>
      <xmin>225</xmin>
      <ymin>157</ymin>
      <xmax>387</xmax>
      <ymax>294</ymax>
    </bndbox>
  </object>
  <object>
    <name>cow</name>
    <pose>Unspecified</pose>
    <truncated>1</truncated>
    <difficult>1</difficult>
    <bndbox>
      <xmin>447</xmin>
      <ymin>154</ymin>
      <xmax>500</xmax>
      <ymax>232</ymax>
    </bndbox>
  </object>
  <object>
    <name>cow</name>
    <pose>Unspecified</pose>
    <truncated>1</truncated>
    <difficult>1</difficult>
    <bndbox>
      <xmin>80</xmin>
      <ymin>158</ymin>
      <xmax>189</xmax>
      <ymax>215</ymax>
    </bndbox>
  </object>
  <object>
    <name>cow</name>
    <pose>Unspecified</pose>
    <truncated>1</truncated>
    <difficult>1</difficult>
    <bndbox>
      <xmin>187</xmin>
      <ymin>157</ymin>
      <xmax>218</xmax>
      <ymax>189</ymax>
    </bndbox>
  </object>
  <object>
    <name>cow</name>
    <pose>Unspecified</pose>
    <truncated>1</truncated>
    <difficult>1</difficult>
    <bndbox>
      <xmin>130</xmin>
      <ymin>156</ymin>
      <xmax>177</xmax>
      <ymax>184</ymax>
    </bndbox>
  </object>
  <object>
    <name>cow</name>
    <pose>Unspecified</pose>
    <truncated>1</truncated>
    <difficult>1</difficult>
    <bndbox>
      <xmin>217</xmin>
      <ymin>157</ymin>
      <xmax>259</xmax>
      <ymax>184</ymax>
    </bndbox>
  </object>
  <object>
    <name>cow</name>
    <pose>Unspecified</pose>
    <truncated>0</truncated>
    <difficult>0</difficult>
    <bndbox>
      <xmin>99</xmin>
      <ymin>145</ymin>
      <xmax>246</xmax>
      <ymax>227</ymax>
    </bndbox>
  </object>
</annotation>
