<annotation>
  <folder>VOC2007</folder>
  <filename>006881.jpg</filename>
  <source>
    <database>The VOC2007 Database</database>
    <annotation>PASCAL VOC2007</annotation>
    <image>flickr</image>
    <flickrid>340221540</flickrid>
  </source>
  <owner>
    <flickrid>HorseLover/Woman</flickrid>
    <name>Roxanne La Rue</name>
  </owner>
  <size>
    <width>500</width>
    <height>349</height>
    <depth>3</depth>
  </size>
  <segmented>0</segmented>
  <object>
    <name>cow</name>
    <pose>Frontal</pose>
    <truncated>0</truncated>
    <difficult>0</difficult>
    <bndbox>
      <xmin>114</xmin>
      <ymin>2</ymin>
      <xmax>500</xmax>
      <ymax>349</ymax>
    </bndbox>
  </object>
  <object>
    <name>cow</name>
    <pose>Unspecified</pose>
    <truncated>0</truncated>
    <difficult>0</difficult>
    <bndbox>
      <xmin>340</xmin>
      <ymin>46</ymin>
      <xmax>487</xmax>
      <ymax>128</ymax>
    </bndbox>
  </object>
</annotation>
