<annotation>
  <folder>VOC2007</folder>
  <filename>006980.jpg</filename>
  <source>
    <database>The VOC2007 Database</database>
    <annotation>PASCAL VOC2007</annotation>
    <image>flickr</image>
    <flickrid>330560029</flickrid>
  </source>
  <owner>
    <flickrid>Maher Mobblog</flickrid>
    <name>Maher Adib</name>
  </owner>
  <size>
    <width>500</width>
    <height>375</height>
    <depth>3</depth>
  </size>
  <segmented>0</segmented>
  <object>
    <name>diningtable</name>
    <pose>Unspecified</pose>
    <truncated>0</truncated>
    <difficult>0</difficult>
    <bndbox>
      <xmin>1</xmin>
      <ymin>5</ymin>
      <xmax>486</xmax>
      <ymax>375</ymax>
    </bndbox>
  </object>
  <object>
    <name>cow</name>
    <pose>Unspecified</pose>
    <truncated>0</truncated>
    <difficult>0</difficult>
    <bndbox>
      <xmin>283</xmin>
      <ymin>225</ymin>
      <xmax>430</xmax>
      <ymax>307</ymax>
    </bndbox>
  </object>
</annotation>
