<annotation>
  <folder>VOC2007</folder>
  <filename>006984.jpg</filename>
  <source>
    <database>The VOC2007 Database</database>
    <annotation>PASCAL VOC2007</annotation>
    <image>flickr</image>
    <flickrid>316307197</flickrid>
  </source>
  <owner>
    <flickrid>Hands On Support</flickrid>
    <name>Hands on Support</name>
  </owner>
  <size>
    <width>400</width>
    <height>300</height>
    <depth>3</depth>
  </size>
  <segmented>0</segmented>
  <object>
    <name>tvmonitor</name>
    <pose>Frontal</pose>
    <truncated>0</truncated>
    <difficult>0</difficult>
    <bndbox>
      <xmin>365</xmin>
      <ymin>62</ymin>
      <xmax>400</xmax>
      <ymax>97</ymax>
    </bndbox>
  </object>
  <object>
    <name>tvmonitor</name>
    <pose>Frontal</pose>
    <truncated>0</truncated>
    <difficult>0</difficult>
    <bndbox>
      <xmin>310</xmin>
      <ymin>61</ymin>
      <xmax>342</xmax>
      <ymax>90</ymax>
    </bndbox>
  </object>
  <object>
    <name>tvmonitor</name>
    <pose>Frontal</pose>
    <truncated>0</truncated>
    <difficult>0</difficult>
    <bndbox>
      <xmin>255</xmin>
      <ymin>60</ymin>
      <xmax>286</xmax>
      <ymax>87</ymax>
    </bndbox>
  </object>
  <object>
    <name>tvmonitor</name>
    <pose>Unspecified</pose>
    <truncated>0</truncated>
    <difficult>0</difficult>
    <bndbox>
      <xmin>209</xmin>
      <ymin>59</ymin>
      <xmax>241</xmax>
      <ymax>82</ymax>
    </bndbox>
  </object>
  <object>
    <name>tvmonitor</name>
    <pose>Frontal</pose>
    <truncated>0</truncated>
    <difficult>0</difficult>
    <bndbox>
      <xmin>165</xmin>
      <ymin>57</ymin>
      <xmax>190</xmax>
      <ymax>82</ymax>
    </bndbox>
  </object>
  <object>
    <name>tvmonitor</name>
    <pose>Unspecified</pose>
    <truncated>0</truncated>
    <difficult>1</difficult>
    <bndbox>
      <xmin>132</xmin>
      <ymin>55</ymin>
      <xmax>152</xmax>
      <ymax>75</ymax>
    </bndbox>
  </object>
  <object>
    <name>tvmonitor</name>
    <pose>Rear</pose>
    <truncated>0</truncated>
    <difficult>0</difficult>
    <bndbox>
      <xmin>84</xmin>
      <ymin>67</ymin>
      <xmax>121</xmax>
      <ymax>97</ymax>
    </bndbox>
  </object>
  <object>
    <name>tvmonitor</name>
    <pose>Rear</pose>
    <truncated>0</truncated>
    <difficult>0</difficult>
    <bndbox>
      <xmin>34</xmin>
      <ymin>72</ymin>
      <xmax>79</xmax>
      <ymax>103</ymax>
    </bndbox>
  </object>
  <object>
    <name>tvmonitor</name>
    <pose>Unspecified</pose>
    <truncated>1</truncated>
    <difficult>1</difficult>
    <bndbox>
      <xmin>1</xmin>
      <ymin>68</ymin>
      <xmax>19</xmax>
      <ymax>83</ymax>
    </bndbox>
  </object>
  <object>
    <name>tvmonitor</name>
    <pose>Rear</pose>
    <truncated>1</truncated>
    <difficult>0</difficult>
    <bndbox>
      <xmin>1</xmin>
      <ymin>77</ymin>
      <xmax>28</xmax>
      <ymax>115</ymax>
    </bndbox>
  </object>
  <object>
    <name>tvmonitor</name>
    <pose>Right</pose>
    <truncated>0</truncated>
    <difficult>0</difficult>
    <bndbox>
      <xmin>46</xmin>
      <ymin>104</ymin>
      <xmax>127</xmax>
      <ymax>174</ymax>
    </bndbox>
  </object>
  <object>
    <name>tvmonitor</name>
    <pose>Right</pose>
    <truncated>0</truncated>
    <difficult>0</difficult>
    <bndbox>
      <xmin>124</xmin>
      <ymin>92</ymin>
      <xmax>187</xmax>
      <ymax>145</ymax>
    </bndbox>
  </object>
  <object>
    <name>tvmonitor</name>
    <pose>Right</pose>
    <truncated>0</truncated>
    <difficult>0</difficult>
    <bndbox>
      <xmin>185</xmin>
      <ymin>83</ymin>
      <xmax>231</xmax>
      <ymax>127</ymax>
    </bndbox>
  </object>
  <object>
    <name>tvmonitor</name>
    <pose>Right</pose>
    <truncated>0</truncated>
    <difficult>0</difficult>
    <bndbox>
      <xmin>218</xmin>
      <ymin>77</ymin>
      <xmax>256</xmax>
      <ymax>113</ymax>
    </bndbox>
  </object>
  <object>
    <name>chair</name>
    <pose>Rear</pose>
    <truncated>1</truncated>
    <difficult>0</difficult>
    <bndbox>
      <xmin>161</xmin>
      <ymin>234</ymin>
      <xmax>314</xmax>
      <ymax>300</ymax>
    </bndbox>
  </object>
  <object>
    <name>chair</name>
    <pose>Rear</pose>
    <truncated>0</truncated>
    <difficult>0</difficult>
    <bndbox>
      <xmin>257</xmin>
      <ymin>181</ymin>
      <xmax>354</xmax>
      <ymax>276</ymax>
    </bndbox>
  </object>
  <object>
    <name>chair</name>
    <pose>Unspecified</pose>
    <truncated>1</truncated>
    <difficult>1</difficult>
    <bndbox>
      <xmin>375</xmin>
      <ymin>178</ymin>
      <xmax>391</xmax>
      <ymax>206</ymax>
    </bndbox>
  </object>
  <object>
    <name>chair</name>
    <pose>Right</pose>
    <truncated>0</truncated>
    <difficult>0</difficult>
    <bndbox>
      <xmin>352</xmin>
      <ymin>118</ymin>
      <xmax>393</xmax>
      <ymax>185</ymax>
    </bndbox>
  </object>
  <object>
    <name>chair</name>
    <pose>Unspecified</pose>
    <truncated>1</truncated>
    <difficult>1</difficult>
    <bndbox>
      <xmin>386</xmin>
      <ymin>113</ymin>
      <xmax>400</xmax>
      <ymax>165</ymax>
    </bndbox>
  </object>
  <object>
    <name>chair</name>
    <pose>Unspecified</pose>
    <truncated>0</truncated>
    <difficult>1</difficult>
    <bndbox>
      <xmin>363</xmin>
      <ymin>106</ymin>
      <xmax>397</xmax>
      <ymax>146</ymax>
    </bndbox>
  </object>
  <object>
    <name>chair</name>
    <pose>Rear</pose>
    <truncated>0</truncated>
    <difficult>0</difficult>
    <bndbox>
      <xmin>303</xmin>
      <ymin>100</ymin>
      <xmax>344</xmax>
      <ymax>151</ymax>
    </bndbox>
  </object>
  <object>
    <name>chair</name>
    <pose>Unspecified</pose>
    <truncated>1</truncated>
    <difficult>1</difficult>
    <bndbox>
      <xmin>251</xmin>
      <ymin>93</ymin>
      <xmax>279</xmax>
      <ymax>112</ymax>
    </bndbox>
  </object>
  <object>
    <name>chair</name>
    <pose>Left</pose>
    <truncated>1</truncated>
    <difficult>0</difficult>
    <bndbox>
      <xmin>253</xmin>
      <ymin>118</ymin>
      <xmax>297</xmax>
      <ymax>167</ymax>
    </bndbox>
  </object>
  <object>
    <name>chair</name>
    <pose>Left</pose>
    <truncated>0</truncated>
    <difficult>0</difficult>
    <bndbox>
      <xmin>234</xmin>
      <ymin>138</ymin>
      <xmax>290</xmax>
      <ymax>201</ymax>
    </bndbox>
  </object>
  <object>
    <name>cow</name>
    <pose>Unspecified</pose>
    <truncated>0</truncated>
    <difficult>0</difficult>
    <bndbox>
      <xmin>5</xmin>
      <ymin>126</ymin>
      <xmax>152</xmax>
      <ymax>208</ymax>
    </bndbox>
  </object>
</annotation>
