<annotation>
  <folder>VOC2007</folder>
  <filename>007158.jpg</filename>
  <source>
    <database>The VOC2007 Database</database>
    <annotation>PASCAL VOC2007</annotation>
    <image>flickr</image>
    <flickrid>339500681</flickrid>
  </source>
  <owner>
    <flickrid>Simon_Brighton</flickrid>
    <name>simon brighton</name>
  </owner>
  <size>
    <width>375</width>
    <height>500</height>
    <depth>3</depth>
  </size>
  <segmented>0</segmented>
  <object>
    <name>cow</name>
    <pose>Frontal</pose>
    <truncated>1</truncated>
    <difficult>0</difficult>
    <bndbox>
      <xmin>36</xmin>
      <ymin>92</ymin>
      <xmax>375</xmax>
      <ymax>500</ymax>
    </bndbox>
  </object>
  <object>
    <name>cow</name>
    <pose>Unspecified</pose>
    <truncated>0</truncated>
    <difficult>0</difficult>
    <bndbox>
      <xmin>42</xmin>
      <ymin>160</ymin>
      <xmax>189</xmax>
      <ymax>242</ymax>
    </bndbox>
  </object>
</annotation>
