<annotation>
  <folder>VOC2007</folder>
  <filename>007118.jpg</filename>
  <source>
    <database>The VOC2007 Database</database>
    <annotation>PASCAL VOC2007</annotation>
    <image>flickr</image>
    <flickrid>322610525</flickrid>
  </source>
  <owner>
    <flickrid>FrogMiller</flickrid>
    <name>?</name>
  </owner>
  <size>
    <width>448</width>
    <height>336</height>
    <depth>3</depth>
  </size>
  <segmented>0</segmented>
  <object>
    <name>cow</name>
    <pose>Unspecified</pose>
    <truncated>0</truncated>
    <difficult>0</difficult>
    <bndbox>
      <xmin>59</xmin>
      <ymin>91</ymin>
      <xmax>340</xmax>
      <ymax>335</ymax>
    </bndbox>
  </object>
  <object>
    <name>car</name>
    <pose>Unspecified</pose>
    <truncated>0</truncated>
    <difficult>0</difficult>
    <bndbox>
      <xmin>349</xmin>
      <ymin>105</ymin>
      <xmax>433</xmax>
      <ymax>149</ymax>
    </bndbox>
  </object>
  <object>
    <name>car</name>
    <pose>Unspecified</pose>
    <truncated>1</truncated>
    <difficult>1</difficult>
    <bndbox>
      <xmin>421</xmin>
      <ymin>97</ymin>
      <xmax>448</xmax>
      <ymax>123</ymax>
    </bndbox>
  </object>
  <object>
    <name>car</name>
    <pose>Unspecified</pose>
    <truncated>1</truncated>
    <difficult>1</difficult>
    <bndbox>
      <xmin>328</xmin>
      <ymin>103</ymin>
      <xmax>369</xmax>
      <ymax>137</ymax>
    </bndbox>
  </object>
  <object>
    <name>cow</name>
    <pose>Unspecified</pose>
    <truncated>0</truncated>
    <difficult>0</difficult>
    <bndbox>
      <xmin>211</xmin>
      <ymin>204</ymin>
      <xmax>358</xmax>
      <ymax>286</ymax>
    </bndbox>
  </object>
</annotation>
