<annotation>
  <folder>VOC2007</folder>
  <filename>007220.jpg</filename>
  <source>
    <database>The VOC2007 Database</database>
    <annotation>PASCAL VOC2007</annotation>
    <image>flickr</image>
    <flickrid>328262451</flickrid>
  </source>
  <owner>
    <flickrid>jamiesoohoo</flickrid>
    <name>?</name>
  </owner>
  <size>
    <width>500</width>
    <height>375</height>
    <depth>3</depth>
  </size>
  <segmented>0</segmented>
  <object>
    <name>person</name>
    <pose>Frontal</pose>
    <truncated>1</truncated>
    <difficult>0</difficult>
    <bndbox>
      <xmin>178</xmin>
      <ymin>154</ymin>
      <xmax>252</xmax>
      <ymax>252</ymax>
    </bndbox>
    <part>
      <name>head</name>
      <bndbox>
        <xmin>220.4748</xmin>
        <ymin>154.8253</ymin>
        <xmax>240.2116</xmax>
        <ymax>185.9003</ymax>
      </bndbox>
    </part>
    <part>
      <name>hand</name>
      <bndbox>
        <xmin>220.4748</xmin>
        <ymin>231.673</ymin>
        <xmax>232.2329</xmax>
        <ymax>246.3707</ymax>
      </bndbox>
    </part>
    <part>
      <name>hand</name>
      <bndbox>
        <xmin>211.6562</xmin>
        <ymin>237.1321</ymin>
        <xmax>221.3147</xmax>
        <ymax>251.8298</ymax>
      </bndbox>
    </part>
    <part>
      <name>foot</name>
      <bndbox>
        <xmin>178.4815</xmin>
        <ymin>243.4311</ymin>
        <xmax>191.0795</xmax>
        <ymax>252.2497</ymax>
      </bndbox>
    </part>
  </object>
  <object>
    <name>person</name>
    <pose>Frontal</pose>
    <truncated>1</truncated>
    <difficult>0</difficult>
    <bndbox>
      <xmin>240</xmin>
      <ymin>154</ymin>
      <xmax>308</xmax>
      <ymax>253</ymax>
    </bndbox>
    <part>
      <name>head</name>
      <bndbox>
        <xmin>243.991</xmin>
        <ymin>154.4054</ymin>
        <xmax>266.6674</xmax>
        <ymax>186.7402</ymax>
      </bndbox>
    </part>
    <part>
      <name>hand</name>
      <bndbox>
        <xmin>284.3046</xmin>
        <ymin>237.1321</ymin>
        <xmax>293.963</xmax>
        <ymax>248.0504</ymax>
      </bndbox>
    </part>
  </object>
  <object>
    <name>sofa</name>
    <pose>Unspecified</pose>
    <truncated>1</truncated>
    <difficult>1</difficult>
    <bndbox>
      <xmin>142</xmin>
      <ymin>197</ymin>
      <xmax>355</xmax>
      <ymax>266</ymax>
    </bndbox>
  </object>
  <object>
    <name>chair</name>
    <pose>Left</pose>
    <truncated>1</truncated>
    <difficult>0</difficult>
    <bndbox>
      <xmin>355</xmin>
      <ymin>213</ymin>
      <xmax>500</xmax>
      <ymax>345</ymax>
    </bndbox>
  </object>
  <object>
    <name>cow</name>
    <pose>Unspecified</pose>
    <truncated>0</truncated>
    <difficult>0</difficult>
    <bndbox>
      <xmin>168</xmin>
      <ymin>147</ymin>
      <xmax>315</xmax>
      <ymax>229</ymax>
    </bndbox>
  </object>
</annotation>
