<annotation>
  <folder>VOC2007</folder>
  <filename>007203.jpg</filename>
  <source>
    <database>The VOC2007 Database</database>
    <annotation>PASCAL VOC2007</annotation>
    <image>flickr</image>
    <flickrid>327948627</flickrid>
  </source>
  <owner>
    <flickrid>Paul Mayne</flickrid>
    <name>Paul Mayne</name>
  </owner>
  <size>
    <width>500</width>
    <height>375</height>
    <depth>3</depth>
  </size>
  <segmented>1</segmented>
  <object>
    <name>tvmonitor</name>
    <pose>Unspecified</pose>
    <truncated>0</truncated>
    <difficult>0</difficult>
    <bndbox>
      <xmin>162</xmin>
      <ymin>47</ymin>
      <xmax>253</xmax>
      <ymax>163</ymax>
    </bndbox>
  </object>
  <object>
    <name>tvmonitor</name>
    <pose>Right</pose>
    <truncated>1</truncated>
    <difficult>0</difficult>
    <bndbox>
      <xmin>47</xmin>
      <ymin>1</ymin>
      <xmax>162</xmax>
      <ymax>188</ymax>
    </bndbox>
  </object>
  <object>
    <name>person</name>
    <pose>Unspecified</pose>
    <truncated>1</truncated>
    <difficult>0</difficult>
    <bndbox>
      <xmin>308</xmin>
      <ymin>132</ymin>
      <xmax>429</xmax>
      <ymax>299</ymax>
    </bndbox>
  </object>
  <object>
    <name>chair</name>
    <pose>Unspecified</pose>
    <truncated>1</truncated>
    <difficult>1</difficult>
    <bndbox>
      <xmin>417</xmin>
      <ymin>194</ymin>
      <xmax>500</xmax>
      <ymax>333</ymax>
    </bndbox>
  </object>
  <object>
    <name>cow</name>
    <pose>Unspecified</pose>
    <truncated>0</truncated>
    <difficult>0</difficult>
    <bndbox>
      <xmin>240</xmin>
      <ymin>152</ymin>
      <xmax>387</xmax>
      <ymax>234</ymax>
    </bndbox>
  </object>
</annotation>
