<annotation>
  <folder>VOC2007</folder>
  <filename>007268.jpg</filename>
  <source>
    <database>The VOC2007 Database</database>
    <annotation>PASCAL VOC2007</annotation>
    <image>flickr</image>
    <flickrid>336888262</flickrid>
  </source>
  <owner>
    <flickrid>Futternut</flickrid>
    <name>?</name>
  </owner>
  <size>
    <width>368</width>
    <height>500</height>
    <depth>3</depth>
  </size>
  <segmented>0</segmented>
  <object>
    <name>person</name>
    <pose>Unspecified</pose>
    <truncated>0</truncated>
    <difficult>0</difficult>
    <bndbox>
      <xmin>137</xmin>
      <ymin>46</ymin>
      <xmax>271</xmax>
      <ymax>496</ymax>
    </bndbox>
    <part>
      <name>head</name>
      <bndbox>
        <xmin>145.5862</xmin>
        <ymin>47.8124</ymin>
        <xmax>201.0174</xmax>
        <ymax>126.7598</ymax>
      </bndbox>
    </part>
    <part>
      <name>hand</name>
      <bndbox>
        <xmin>147.8259</xmin>
        <ymin>150.8359</ymin>
        <xmax>185.3399</xmax>
        <ymax>178.2716</ymax>
      </bndbox>
    </part>
    <part>
      <name>hand</name>
      <bndbox>
        <xmin>135.5078</xmin>
        <ymin>270.6568</ymin>
        <xmax>164.6232</xmax>
        <ymax>289.1338</ymax>
      </bndbox>
    </part>
    <part>
      <name>foot</name>
      <bndbox>
        <xmin>134.388</xmin>
        <ymin>428.5515</ymin>
        <xmax>203.8169</xmax>
        <ymax>452.6277</ymax>
      </bndbox>
    </part>
    <part>
      <name>foot</name>
      <bndbox>
        <xmin>164.6232</xmin>
        <ymin>472.2245</ymin>
        <xmax>204.3768</xmax>
        <ymax>500</ymax>
      </bndbox>
    </part>
  </object>
  <object>
    <name>chair</name>
    <pose>Unspecified</pose>
    <truncated>0</truncated>
    <difficult>0</difficult>
    <bndbox>
      <xmin>176</xmin>
      <ymin>252</ymin>
      <xmax>321</xmax>
      <ymax>473</ymax>
    </bndbox>
  </object>
  <object>
    <name>cow</name>
    <pose>Unspecified</pose>
    <truncated>0</truncated>
    <difficult>0</difficult>
    <bndbox>
      <xmin>190</xmin>
      <ymin>339</ymin>
      <xmax>337</xmax>
      <ymax>421</ymax>
    </bndbox>
  </object>
</annotation>
