<annotation>
  <folder>VOC2007</folder>
  <filename>007384.jpg</filename>
  <source>
    <database>The VOC2007 Database</database>
    <annotation>PASCAL VOC2007</annotation>
    <image>flickr</image>
    <flickrid>288441258</flickrid>
  </source>
  <owner>
    <flickrid>nra45acp</flickrid>
    <name>?</name>
  </owner>
  <size>
    <width>500</width>
    <height>416</height>
    <depth>3</depth>
  </size>
  <segmented>0</segmented>
  <object>
    <name>chair</name>
    <pose>Unspecified</pose>
    <truncated>1</truncated>
    <difficult>0</difficult>
    <bndbox>
      <xmin>22</xmin>
      <ymin>4</ymin>
      <xmax>101</xmax>
      <ymax>113</ymax>
    </bndbox>
  </object>
  <object>
    <name>dog</name>
    <pose>Unspecified</pose>
    <truncated>0</truncated>
    <difficult>0</difficult>
    <bndbox>
      <xmin>129</xmin>
      <ymin>84</ymin>
      <xmax>355</xmax>
      <ymax>384</ymax>
    </bndbox>
  </object>
  <object>
    <name>cow</name>
    <pose>Unspecified</pose>
    <truncated>0</truncated>
    <difficult>0</difficult>
    <bndbox>
      <xmin>213</xmin>
      <ymin>299</ymin>
      <xmax>360</xmax>
      <ymax>381</ymax>
    </bndbox>
  </object>
</annotation>
