<annotation>
  <folder>VOC2007</folder>
  <filename>007404.jpg</filename>
  <source>
    <database>The VOC2007 Database</database>
    <annotation>PASCAL VOC2007</annotation>
    <image>flickr</image>
    <flickrid>329962108</flickrid>
  </source>
  <owner>
    <flickrid>BrickHaw</flickrid>
    <name>Glauco Alves</name>
  </owner>
  <size>
    <width>500</width>
    <height>375</height>
    <depth>3</depth>
  </size>
  <segmented>0</segmented>
  <object>
    <name>person</name>
    <pose>Unspecified</pose>
    <truncated>1</truncated>
    <difficult>0</difficult>
    <part>
      <name>head</name>
      <bndbox>
        <xmin>253</xmin>
        <ymin>86</ymin>
        <xmax>380</xmax>
        <ymax>228</ymax>
      </bndbox>
    </part>
    <part>
      <name>hand</name>
      <bndbox>
        <xmin>110</xmin>
        <ymin>163</ymin>
        <xmax>172</xmax>
        <ymax>214</ymax>
      </bndbox>
    </part>
    <part>
      <name>hand</name>
      <bndbox>
        <xmin>374</xmin>
        <ymin>163</ymin>
        <xmax>429</xmax>
        <ymax>241</ymax>
      </bndbox>
    </part>
    <bndbox>
      <xmin>113</xmin>
      <ymin>80</ymin>
      <xmax>426</xmax>
      <ymax>310</ymax>
    </bndbox>
  </object>
  <object>
    <name>bottle</name>
    <pose>Unspecified</pose>
    <truncated>0</truncated>
    <difficult>0</difficult>
    <bndbox>
      <xmin>207</xmin>
      <ymin>97</ymin>
      <xmax>225</xmax>
      <ymax>135</ymax>
    </bndbox>
  </object>
  <object>
    <name>sofa</name>
    <pose>Unspecified</pose>
    <truncated>1</truncated>
    <difficult>1</difficult>
    <bndbox>
      <xmin>106</xmin>
      <ymin>38</ymin>
      <xmax>500</xmax>
      <ymax>188</ymax>
    </bndbox>
  </object>
  <object>
    <name>cow</name>
    <pose>Unspecified</pose>
    <truncated>0</truncated>
    <difficult>0</difficult>
    <bndbox>
      <xmin>77</xmin>
      <ymin>38</ymin>
      <xmax>224</xmax>
      <ymax>120</ymax>
    </bndbox>
  </object>
</annotation>
