<annotation>
  <folder>VOC2007</folder>
  <filename>007401.jpg</filename>
  <source>
    <database>The VOC2007 Database</database>
    <annotation>PASCAL VOC2007</annotation>
    <image>flickr</image>
    <flickrid>320063977</flickrid>
  </source>
  <owner>
    <flickrid>dawninberkeley</flickrid>
    <name>?</name>
  </owner>
  <size>
    <width>320</width>
    <height>240</height>
    <depth>3</depth>
  </size>
  <segmented>0</segmented>
  <object>
    <name>sofa</name>
    <pose>Right</pose>
    <truncated>0</truncated>
    <difficult>0</difficult>
    <bndbox>
      <xmin>48</xmin>
      <ymin>94</ymin>
      <xmax>183</xmax>
      <ymax>207</ymax>
    </bndbox>
  </object>
  <object>
    <name>chair</name>
    <pose>Frontal</pose>
    <truncated>0</truncated>
    <difficult>0</difficult>
    <bndbox>
      <xmin>193</xmin>
      <ymin>90</ymin>
      <xmax>245</xmax>
      <ymax>150</ymax>
    </bndbox>
  </object>
  <object>
    <name>tvmonitor</name>
    <pose>Frontal</pose>
    <truncated>0</truncated>
    <difficult>0</difficult>
    <bndbox>
      <xmin>261</xmin>
      <ymin>90</ymin>
      <xmax>299</xmax>
      <ymax>124</ymax>
    </bndbox>
  </object>
  <object>
    <name>cow</name>
    <pose>Unspecified</pose>
    <truncated>0</truncated>
    <difficult>0</difficult>
    <bndbox>
      <xmin>80</xmin>
      <ymin>116</ymin>
      <xmax>227</xmax>
      <ymax>198</ymax>
    </bndbox>
  </object>
</annotation>
