<annotation>
  <folder>VOC2007</folder>
  <filename>007452.jpg</filename>
  <source>
    <database>The VOC2007 Database</database>
    <annotation>PASCAL VOC2007</annotation>
    <image>flickr</image>
    <flickrid>325283543</flickrid>
  </source>
  <owner>
    <flickrid>nerak.a</flickrid>
    <name>Karen W</name>
  </owner>
  <size>
    <width>375</width>
    <height>500</height>
    <depth>3</depth>
  </size>
  <segmented>0</segmented>
  <object>
    <name>car</name>
    <pose>Unspecified</pose>
    <truncated>1</truncated>
    <difficult>1</difficult>
    <bndbox>
      <xmin>43</xmin>
      <ymin>184</ymin>
      <xmax>73</xmax>
      <ymax>196</ymax>
    </bndbox>
  </object>
  <object>
    <name>car</name>
    <pose>Left</pose>
    <truncated>1</truncated>
    <difficult>0</difficult>
    <bndbox>
      <xmin>82</xmin>
      <ymin>183</ymin>
      <xmax>221</xmax>
      <ymax>240</ymax>
    </bndbox>
  </object>
  <object>
    <name>cow</name>
    <pose>Unspecified</pose>
    <truncated>1</truncated>
    <difficult>1</difficult>
    <bndbox>
      <xmin>226</xmin>
      <ymin>184</ymin>
      <xmax>337</xmax>
      <ymax>242</ymax>
    </bndbox>
  </object>
  <object>
    <name>cow</name>
    <pose>Unspecified</pose>
    <truncated>1</truncated>
    <difficult>0</difficult>
    <bndbox>
      <xmin>103</xmin>
      <ymin>198</ymin>
      <xmax>190</xmax>
      <ymax>286</ymax>
    </bndbox>
  </object>
  <object>
    <name>cow</name>
    <pose>Unspecified</pose>
    <truncated>1</truncated>
    <difficult>0</difficult>
    <bndbox>
      <xmin>19</xmin>
      <ymin>192</ymin>
      <xmax>153</xmax>
      <ymax>325</ymax>
    </bndbox>
  </object>
  <object>
    <name>cow</name>
    <pose>Frontal</pose>
    <truncated>1</truncated>
    <difficult>0</difficult>
    <bndbox>
      <xmin>195</xmin>
      <ymin>204</ymin>
      <xmax>313</xmax>
      <ymax>430</ymax>
    </bndbox>
  </object>
  <object>
    <name>cow</name>
    <pose>Unspecified</pose>
    <truncated>0</truncated>
    <difficult>0</difficult>
    <bndbox>
      <xmin>149</xmin>
      <ymin>36</ymin>
      <xmax>296</xmax>
      <ymax>118</ymax>
    </bndbox>
  </object>
</annotation>
