<annotation>
  <folder>VOC2007</folder>
  <filename>007567.jpg</filename>
  <source>
    <database>The VOC2007 Database</database>
    <annotation>PASCAL VOC2007</annotation>
    <image>flickr</image>
    <flickrid>320900041</flickrid>
  </source>
  <owner>
    <flickrid>SaltandLight</flickrid>
    <name>?</name>
  </owner>
  <size>
    <width>500</width>
    <height>375</height>
    <depth>3</depth>
  </size>
  <segmented>0</segmented>
  <object>
    <name>person</name>
    <pose>Left</pose>
    <truncated>0</truncated>
    <difficult>0</difficult>
    <bndbox>
      <xmin>248</xmin>
      <ymin>93</ymin>
      <xmax>376</xmax>
      <ymax>301</ymax>
    </bndbox>
  </object>
  <object>
    <name>person</name>
    <pose>Frontal</pose>
    <truncated>0</truncated>
    <difficult>0</difficult>
    <bndbox>
      <xmin>95</xmin>
      <ymin>105</ymin>
      <xmax>204</xmax>
      <ymax>280</ymax>
    </bndbox>
  </object>
  <object>
    <name>person</name>
    <pose>Unspecified</pose>
    <truncated>1</truncated>
    <difficult>0</difficult>
    <bndbox>
      <xmin>189</xmin>
      <ymin>114</ymin>
      <xmax>291</xmax>
      <ymax>215</ymax>
    </bndbox>
  </object>
  <object>
    <name>person</name>
    <pose>Unspecified</pose>
    <truncated>1</truncated>
    <difficult>0</difficult>
    <bndbox>
      <xmin>1</xmin>
      <ymin>139</ymin>
      <xmax>107</xmax>
      <ymax>182</ymax>
    </bndbox>
  </object>
  <object>
    <name>person</name>
    <pose>Unspecified</pose>
    <truncated>1</truncated>
    <difficult>1</difficult>
    <bndbox>
      <xmin>160</xmin>
      <ymin>105</ymin>
      <xmax>181</xmax>
      <ymax>127</ymax>
    </bndbox>
  </object>
  <object>
    <name>sofa</name>
    <pose>Unspecified</pose>
    <truncated>1</truncated>
    <difficult>1</difficult>
    <bndbox>
      <xmin>189</xmin>
      <ymin>138</ymin>
      <xmax>337</xmax>
      <ymax>282</ymax>
    </bndbox>
  </object>
  <object>
    <name>sofa</name>
    <pose>Frontal</pose>
    <truncated>1</truncated>
    <difficult>0</difficult>
    <bndbox>
      <xmin>1</xmin>
      <ymin>142</ymin>
      <xmax>117</xmax>
      <ymax>223</ymax>
    </bndbox>
  </object>
  <object>
    <name>chair</name>
    <pose>Unspecified</pose>
    <truncated>1</truncated>
    <difficult>0</difficult>
    <bndbox>
      <xmin>292</xmin>
      <ymin>119</ymin>
      <xmax>403</xmax>
      <ymax>298</ymax>
    </bndbox>
  </object>
  <object>
    <name>chair</name>
    <pose>Unspecified</pose>
    <truncated>1</truncated>
    <difficult>0</difficult>
    <bndbox>
      <xmin>419</xmin>
      <ymin>189</ymin>
      <xmax>500</xmax>
      <ymax>375</ymax>
    </bndbox>
  </object>
  <object>
    <name>chair</name>
    <pose>Unspecified</pose>
    <truncated>1</truncated>
    <difficult>0</difficult>
    <bndbox>
      <xmin>121</xmin>
      <ymin>118</ymin>
      <xmax>196</xmax>
      <ymax>258</ymax>
    </bndbox>
  </object>
  <object>
    <name>cow</name>
    <pose>Unspecified</pose>
    <truncated>0</truncated>
    <difficult>0</difficult>
    <bndbox>
      <xmin>118</xmin>
      <ymin>65</ymin>
      <xmax>265</xmax>
      <ymax>147</ymax>
    </bndbox>
  </object>
</annotation>
