<annotation>
  <folder>VOC2007</folder>
  <filename>007504.jpg</filename>
  <source>
    <database>The VOC2007 Database</database>
    <annotation>PASCAL VOC2007</annotation>
    <image>flickr</image>
    <flickrid>325617987</flickrid>
  </source>
  <owner>
    <flickrid>poxod</flickrid>
    <name>Chris Cummings</name>
  </owner>
  <size>
    <width>500</width>
    <height>375</height>
    <depth>3</depth>
  </size>
  <segmented>0</segmented>
  <object>
    <name>bottle</name>
    <pose>Unspecified</pose>
    <truncated>0</truncated>
    <difficult>0</difficult>
    <bndbox>
      <xmin>97</xmin>
      <ymin>15</ymin>
      <xmax>405</xmax>
      <ymax>374</ymax>
    </bndbox>
  </object>
  <object>
    <name>cow</name>
    <pose>Unspecified</pose>
    <truncated>0</truncated>
    <difficult>0</difficult>
    <bndbox>
      <xmin>66</xmin>
      <ymin>21</ymin>
      <xmax>213</xmax>
      <ymax>103</ymax>
    </bndbox>
  </object>
</annotation>
