<annotation>
  <folder>VOC2007</folder>
  <filename>007564.jpg</filename>
  <source>
    <database>The VOC2007 Database</database>
    <annotation>PASCAL VOC2007</annotation>
    <image>flickr</image>
    <flickrid>253754112</flickrid>
  </source>
  <owner>
    <flickrid>starxlr8</flickrid>
    <name>?</name>
  </owner>
  <size>
    <width>422</width>
    <height>318</height>
    <depth>3</depth>
  </size>
  <segmented>0</segmented>
  <object>
    <name>tvmonitor</name>
    <pose>Frontal</pose>
    <truncated>0</truncated>
    <difficult>0</difficult>
    <bndbox>
      <xmin>322</xmin>
      <ymin>155</ymin>
      <xmax>372</xmax>
      <ymax>203</ymax>
    </bndbox>
  </object>
  <object>
    <name>chair</name>
    <pose>Rear</pose>
    <truncated>0</truncated>
    <difficult>0</difficult>
    <bndbox>
      <xmin>294</xmin>
      <ymin>211</ymin>
      <xmax>357</xmax>
      <ymax>310</ymax>
    </bndbox>
  </object>
  <object>
    <name>cow</name>
    <pose>Unspecified</pose>
    <truncated>0</truncated>
    <difficult>0</difficult>
    <bndbox>
      <xmin>183</xmin>
      <ymin>47</ymin>
      <xmax>330</xmax>
      <ymax>129</ymax>
    </bndbox>
  </object>
</annotation>
