<annotation>
  <folder>VOC2007</folder>
  <filename>007684.jpg</filename>
  <source>
    <database>The VOC2007 Database</database>
    <annotation>PASCAL VOC2007</annotation>
    <image>flickr</image>
    <flickrid>339384798</flickrid>
  </source>
  <owner>
    <flickrid>Steve Eggleston</flickrid>
    <name>Steve Eggleston</name>
  </owner>
  <size>
    <width>500</width>
    <height>375</height>
    <depth>3</depth>
  </size>
  <segmented>0</segmented>
  <object>
    <name>chair</name>
    <pose>Right</pose>
    <truncated>0</truncated>
    <difficult>0</difficult>
    <bndbox>
      <xmin>238</xmin>
      <ymin>180</ymin>
      <xmax>274</xmax>
      <ymax>216</ymax>
    </bndbox>
  </object>
  <object>
    <name>chair</name>
    <pose>Unspecified</pose>
    <truncated>0</truncated>
    <difficult>0</difficult>
    <bndbox>
      <xmin>134</xmin>
      <ymin>239</ymin>
      <xmax>162</xmax>
      <ymax>279</ymax>
    </bndbox>
  </object>
  <object>
    <name>chair</name>
    <pose>Unspecified</pose>
    <truncated>0</truncated>
    <difficult>1</difficult>
    <bndbox>
      <xmin>97</xmin>
      <ymin>219</ymin>
      <xmax>126</xmax>
      <ymax>253</ymax>
    </bndbox>
  </object>
  <object>
    <name>diningtable</name>
    <pose>Unspecified</pose>
    <truncated>0</truncated>
    <difficult>1</difficult>
    <bndbox>
      <xmin>111</xmin>
      <ymin>209</ymin>
      <xmax>139</xmax>
      <ymax>242</ymax>
    </bndbox>
  </object>
  <object>
    <name>chair</name>
    <pose>Unspecified</pose>
    <truncated>0</truncated>
    <difficult>1</difficult>
    <bndbox>
      <xmin>77</xmin>
      <ymin>230</ymin>
      <xmax>98</xmax>
      <ymax>276</ymax>
    </bndbox>
  </object>
  <object>
    <name>cow</name>
    <pose>Unspecified</pose>
    <truncated>0</truncated>
    <difficult>0</difficult>
    <bndbox>
      <xmin>13</xmin>
      <ymin>62</ymin>
      <xmax>160</xmax>
      <ymax>144</ymax>
    </bndbox>
  </object>
</annotation>
