<annotation>
  <folder>VOC2007</folder>
  <filename>007652.jpg</filename>
  <source>
    <database>The VOC2007 Database</database>
    <annotation>PASCAL VOC2007</annotation>
    <image>flickr</image>
    <flickrid>332772271</flickrid>
  </source>
  <owner>
    <flickrid>Didn't We Just Start Dating?</flickrid>
    <name>A L</name>
  </owner>
  <size>
    <width>500</width>
    <height>333</height>
    <depth>3</depth>
  </size>
  <segmented>0</segmented>
  <object>
    <name>bottle</name>
    <pose>Unspecified</pose>
    <truncated>0</truncated>
    <difficult>1</difficult>
    <bndbox>
      <xmin>255</xmin>
      <ymin>226</ymin>
      <xmax>383</xmax>
      <ymax>308</ymax>
    </bndbox>
  </object>
  <object>
    <name>chair</name>
    <pose>Unspecified</pose>
    <truncated>1</truncated>
    <difficult>1</difficult>
    <bndbox>
      <xmin>286</xmin>
      <ymin>2</ymin>
      <xmax>499</xmax>
      <ymax>292</ymax>
    </bndbox>
  </object>
  <object>
    <name>person</name>
    <pose>Unspecified</pose>
    <truncated>1</truncated>
    <difficult>0</difficult>
    <bndbox>
      <xmin>16</xmin>
      <ymin>51</ymin>
      <xmax>498</xmax>
      <ymax>305</ymax>
    </bndbox>
    <part>
      <name>head</name>
      <bndbox>
        <xmin>218.0403</xmin>
        <ymin>53.2903</ymin>
        <xmax>354.3306</xmax>
        <ymax>177.4839</ymax>
      </bndbox>
    </part>
    <part>
      <name>hand</name>
      <bndbox>
        <xmin>429.3306</xmin>
        <ymin>267.8065</ymin>
        <xmax>494.25</xmax>
        <ymax>304.9032</ymax>
      </bndbox>
    </part>
    <part>
      <name>hand</name>
      <bndbox>
        <xmin>16.4274</xmin>
        <ymin>181.9194</ymin>
        <xmax>89.8145</xmax>
        <ymax>236.7581</ymax>
      </bndbox>
    </part>
  </object>
  <object>
    <name>cow</name>
    <pose>Unspecified</pose>
    <truncated>0</truncated>
    <difficult>0</difficult>
    <bndbox>
      <xmin>206</xmin>
      <ymin>114</ymin>
      <xmax>353</xmax>
      <ymax>196</ymax>
    </bndbox>
  </object>
</annotation>
