<annotation>
  <folder>VOC2007</folder>
  <filename>007778.jpg</filename>
  <source>
    <database>The VOC2007 Database</database>
    <annotation>PASCAL VOC2007</annotation>
    <image>flickr</image>
    <flickrid>304687657</flickrid>
  </source>
  <owner>
    <flickrid>Crag Spider</flickrid>
    <name>David</name>
  </owner>
  <size>
    <width>500</width>
    <height>333</height>
    <depth>3</depth>
  </size>
  <segmented>0</segmented>
  <object>
    <name>bottle</name>
    <pose>Unspecified</pose>
    <truncated>0</truncated>
    <difficult>0</difficult>
    <bndbox>
      <xmin>229</xmin>
      <ymin>99</ymin>
      <xmax>440</xmax>
      <ymax>206</ymax>
    </bndbox>
  </object>
  <object>
    <name>person</name>
    <pose>Unspecified</pose>
    <truncated>1</truncated>
    <difficult>0</difficult>
    <bndbox>
      <xmin>1</xmin>
      <ymin>86</ymin>
      <xmax>427</xmax>
      <ymax>332</ymax>
    </bndbox>
    <part>
      <name>head</name>
      <bndbox>
        <xmin>1.5081</xmin>
        <ymin>83.9355</ymin>
        <xmax>245.4597</xmax>
        <ymax>281.5161</ymax>
      </bndbox>
    </part>
    <part>
      <name>hand</name>
      <bndbox>
        <xmin>301.5081</xmin>
        <ymin>105.7097</ymin>
        <xmax>395.0565</xmax>
        <ymax>241.5968</ymax>
      </bndbox>
    </part>
  </object>
  <object>
    <name>cow</name>
    <pose>Unspecified</pose>
    <truncated>0</truncated>
    <difficult>0</difficult>
    <bndbox>
      <xmin>254</xmin>
      <ymin>234</ymin>
      <xmax>401</xmax>
      <ymax>316</ymax>
    </bndbox>
  </object>
</annotation>
