<annotation>
  <folder>VOC2007</folder>
  <filename>007738.jpg</filename>
  <source>
    <database>The VOC2007 Database</database>
    <annotation>PASCAL VOC2007</annotation>
    <image>flickr</image>
    <flickrid>331313635</flickrid>
  </source>
  <owner>
    <flickrid>Steph Angel</flickrid>
    <name>Steph Angel</name>
  </owner>
  <size>
    <width>375</width>
    <height>500</height>
    <depth>3</depth>
  </size>
  <segmented>0</segmented>
  <object>
    <name>chair</name>
    <pose>Unspecified</pose>
    <truncated>1</truncated>
    <difficult>0</difficult>
    <bndbox>
      <xmin>2</xmin>
      <ymin>1</ymin>
      <xmax>374</xmax>
      <ymax>500</ymax>
    </bndbox>
  </object>
  <object>
    <name>cow</name>
    <pose>Unspecified</pose>
    <truncated>0</truncated>
    <difficult>0</difficult>
    <bndbox>
      <xmin>15</xmin>
      <ymin>219</ymin>
      <xmax>162</xmax>
      <ymax>301</ymax>
    </bndbox>
  </object>
</annotation>
