<annotation>
  <folder>VOC2007</folder>
  <filename>007752.jpg</filename>
  <source>
    <database>The VOC2007 Database</database>
    <annotation>PASCAL VOC2007</annotation>
    <image>flickr</image>
    <flickrid>335696323</flickrid>
  </source>
  <owner>
    <flickrid>cdmccullo_1</flickrid>
    <name>Chuck Mccullough</name>
  </owner>
  <size>
    <width>500</width>
    <height>375</height>
    <depth>3</depth>
  </size>
  <segmented>0</segmented>
  <object>
    <name>chair</name>
    <pose>Unspecified</pose>
    <truncated>0</truncated>
    <difficult>0</difficult>
    <bndbox>
      <xmin>354</xmin>
      <ymin>168</ymin>
      <xmax>409</xmax>
      <ymax>245</ymax>
    </bndbox>
  </object>
  <object>
    <name>person</name>
    <pose>Unspecified</pose>
    <truncated>1</truncated>
    <difficult>0</difficult>
    <bndbox>
      <xmin>192</xmin>
      <ymin>106</ymin>
      <xmax>306</xmax>
      <ymax>234</ymax>
    </bndbox>
    <part>
      <name>head</name>
      <bndbox>
        <xmin>226.3539</xmin>
        <ymin>105.2732</ymin>
        <xmax>261.2083</xmax>
        <ymax>153.5655</ymax>
      </bndbox>
    </part>
    <part>
      <name>hand</name>
      <bndbox>
        <xmin>254.4894</xmin>
        <ymin>201.0179</ymin>
        <xmax>272.5465</xmax>
        <ymax>219.075</ymax>
      </bndbox>
    </part>
    <part>
      <name>hand</name>
      <bndbox>
        <xmin>193.1792</xmin>
        <ymin>187.5801</ymin>
        <xmax>209.9765</xmax>
        <ymax>204.7973</ymax>
      </bndbox>
    </part>
  </object>
  <object>
    <name>pottedplant</name>
    <pose>Unspecified</pose>
    <truncated>0</truncated>
    <difficult>1</difficult>
    <bndbox>
      <xmin>8</xmin>
      <ymin>14</ymin>
      <xmax>58</xmax>
      <ymax>70</ymax>
    </bndbox>
  </object>
  <object>
    <name>cow</name>
    <pose>Unspecified</pose>
    <truncated>0</truncated>
    <difficult>0</difficult>
    <bndbox>
      <xmin>123</xmin>
      <ymin>216</ymin>
      <xmax>270</xmax>
      <ymax>298</ymax>
    </bndbox>
  </object>
</annotation>
