<annotation>
  <folder>VOC2007</folder>
  <filename>007937.jpg</filename>
  <source>
    <database>The VOC2007 Database</database>
    <annotation>PASCAL VOC2007</annotation>
    <image>flickr</image>
    <flickrid>334035107</flickrid>
  </source>
  <owner>
    <flickrid>Stonehomes</flickrid>
    <name>Tim &amp; Carolyn Stonehouse</name>
  </owner>
  <size>
    <width>500</width>
    <height>375</height>
    <depth>3</depth>
  </size>
  <segmented>0</segmented>
  <object>
    <name>sofa</name>
    <pose>Unspecified</pose>
    <truncated>1</truncated>
    <difficult>1</difficult>
    <bndbox>
      <xmin>26</xmin>
      <ymin>231</ymin>
      <xmax>186</xmax>
      <ymax>373</ymax>
    </bndbox>
  </object>
  <object>
    <name>sofa</name>
    <pose>Unspecified</pose>
    <truncated>1</truncated>
    <difficult>1</difficult>
    <bndbox>
      <xmin>391</xmin>
      <ymin>190</ymin>
      <xmax>500</xmax>
      <ymax>272</ymax>
    </bndbox>
  </object>
  <object>
    <name>bottle</name>
    <pose>Unspecified</pose>
    <truncated>0</truncated>
    <difficult>1</difficult>
    <bndbox>
      <xmin>373</xmin>
      <ymin>231</ymin>
      <xmax>383</xmax>
      <ymax>278</ymax>
    </bndbox>
  </object>
  <object>
    <name>bicycle</name>
    <pose>Unspecified</pose>
    <truncated>1</truncated>
    <difficult>0</difficult>
    <bndbox>
      <xmin>390</xmin>
      <ymin>79</ymin>
      <xmax>426</xmax>
      <ymax>135</ymax>
    </bndbox>
  </object>
  <object>
    <name>cow</name>
    <pose>Unspecified</pose>
    <truncated>0</truncated>
    <difficult>0</difficult>
    <bndbox>
      <xmin>41</xmin>
      <ymin>124</ymin>
      <xmax>188</xmax>
      <ymax>206</ymax>
    </bndbox>
  </object>
</annotation>
