<annotation>
  <folder>VOC2007</folder>
  <filename>008039.jpg</filename>
  <source>
    <database>The VOC2007 Database</database>
    <annotation>PASCAL VOC2007</annotation>
    <image>flickr</image>
    <flickrid>331375209</flickrid>
  </source>
  <owner>
    <flickrid>Beautiful Freaks</flickrid>
    <name>?</name>
  </owner>
  <size>
    <width>500</width>
    <height>375</height>
    <depth>3</depth>
  </size>
  <segmented>0</segmented>
  <object>
    <name>chair</name>
    <pose>Unspecified</pose>
    <truncated>0</truncated>
    <difficult>1</difficult>
    <bndbox>
      <xmin>172</xmin>
      <ymin>223</ymin>
      <xmax>210</xmax>
      <ymax>266</ymax>
    </bndbox>
  </object>
  <object>
    <name>chair</name>
    <pose>Unspecified</pose>
    <truncated>0</truncated>
    <difficult>0</difficult>
    <bndbox>
      <xmin>207</xmin>
      <ymin>224</ymin>
      <xmax>236</xmax>
      <ymax>265</ymax>
    </bndbox>
  </object>
  <object>
    <name>chair</name>
    <pose>Unspecified</pose>
    <truncated>0</truncated>
    <difficult>0</difficult>
    <bndbox>
      <xmin>281</xmin>
      <ymin>223</ymin>
      <xmax>313</xmax>
      <ymax>261</ymax>
    </bndbox>
  </object>
  <object>
    <name>chair</name>
    <pose>Unspecified</pose>
    <truncated>0</truncated>
    <difficult>1</difficult>
    <bndbox>
      <xmin>248</xmin>
      <ymin>223</ymin>
      <xmax>283</xmax>
      <ymax>262</ymax>
    </bndbox>
  </object>
  <object>
    <name>pottedplant</name>
    <pose>Unspecified</pose>
    <truncated>0</truncated>
    <difficult>0</difficult>
    <bndbox>
      <xmin>121</xmin>
      <ymin>182</ymin>
      <xmax>175</xmax>
      <ymax>268</ymax>
    </bndbox>
  </object>
  <object>
    <name>pottedplant</name>
    <pose>Unspecified</pose>
    <truncated>1</truncated>
    <difficult>0</difficult>
    <bndbox>
      <xmin>320</xmin>
      <ymin>224</ymin>
      <xmax>339</xmax>
      <ymax>259</ymax>
    </bndbox>
  </object>
  <object>
    <name>pottedplant</name>
    <pose>Unspecified</pose>
    <truncated>0</truncated>
    <difficult>0</difficult>
    <bndbox>
      <xmin>221</xmin>
      <ymin>197</ymin>
      <xmax>288</xmax>
      <ymax>259</ymax>
    </bndbox>
  </object>
  <object>
    <name>person</name>
    <pose>Unspecified</pose>
    <truncated>0</truncated>
    <difficult>0</difficult>
    <bndbox>
      <xmin>43</xmin>
      <ymin>188</ymin>
      <xmax>85</xmax>
      <ymax>298</ymax>
    </bndbox>
    <part>
      <name>head</name>
      <bndbox>
        <xmin>56.2811</xmin>
        <ymin>189.6797</ymin>
        <xmax>70.5588</xmax>
        <ymax>203.5375</ymax>
      </bndbox>
    </part>
    <part>
      <name>hand</name>
      <bndbox>
        <xmin>77.2777</xmin>
        <ymin>240.9115</ymin>
        <xmax>83.5767</xmax>
        <ymax>248.0504</ymax>
      </bndbox>
    </part>
    <part>
      <name>foot</name>
      <bndbox>
        <xmin>55.0213</xmin>
        <ymin>290.0437</ymin>
        <xmax>65.5196</xmax>
        <ymax>296.7626</ymax>
      </bndbox>
    </part>
    <part>
      <name>foot</name>
      <bndbox>
        <xmin>65.5196</xmin>
        <ymin>286.6842</ymin>
        <xmax>75.598</xmax>
        <ymax>292.9832</ymax>
      </bndbox>
    </part>
  </object>
  <object>
    <name>cow</name>
    <pose>Unspecified</pose>
    <truncated>0</truncated>
    <difficult>0</difficult>
    <bndbox>
      <xmin>225</xmin>
      <ymin>229</ymin>
      <xmax>372</xmax>
      <ymax>311</ymax>
    </bndbox>
  </object>
</annotation>
