<annotation>
  <folder>VOC2007</folder>
  <filename>008041.jpg</filename>
  <source>
    <database>The VOC2007 Database</database>
    <annotation>PASCAL VOC2007</annotation>
    <image>flickr</image>
    <flickrid>331745093</flickrid>
  </source>
  <owner>
    <flickrid>Clarkwoods</flickrid>
    <name>E. Christopher Clark</name>
  </owner>
  <size>
    <width>375</width>
    <height>500</height>
    <depth>3</depth>
  </size>
  <segmented>0</segmented>
  <object>
    <name>person</name>
    <pose>Frontal</pose>
    <truncated>1</truncated>
    <difficult>0</difficult>
    <bndbox>
      <xmin>3</xmin>
      <ymin>129</ymin>
      <xmax>283</xmax>
      <ymax>497</ymax>
    </bndbox>
  </object>
  <object>
    <name>chair</name>
    <pose>Unspecified</pose>
    <truncated>1</truncated>
    <difficult>1</difficult>
    <bndbox>
      <xmin>25</xmin>
      <ymin>21</ymin>
      <xmax>375</xmax>
      <ymax>443</ymax>
    </bndbox>
  </object>
  <object>
    <name>cow</name>
    <pose>Unspecified</pose>
    <truncated>0</truncated>
    <difficult>0</difficult>
    <bndbox>
      <xmin>38</xmin>
      <ymin>251</ymin>
      <xmax>185</xmax>
      <ymax>333</ymax>
    </bndbox>
  </object>
</annotation>
