<annotation>
  <folder>VOC2007</folder>
  <filename>008090.jpg</filename>
  <source>
    <database>The VOC2007 Database</database>
    <annotation>PASCAL VOC2007</annotation>
    <image>flickr</image>
    <flickrid>316240489</flickrid>
  </source>
  <owner>
    <flickrid>ezeiza</flickrid>
    <name>Steven Wilson</name>
  </owner>
  <size>
    <width>500</width>
    <height>375</height>
    <depth>3</depth>
  </size>
  <segmented>0</segmented>
  <object>
    <name>cow</name>
    <pose>Left</pose>
    <truncated>0</truncated>
    <difficult>0</difficult>
    <bndbox>
      <xmin>118</xmin>
      <ymin>174</ymin>
      <xmax>355</xmax>
      <ymax>347</ymax>
    </bndbox>
  </object>
  <object>
    <name>cow</name>
    <pose>Right</pose>
    <truncated>0</truncated>
    <difficult>0</difficult>
    <bndbox>
      <xmin>14</xmin>
      <ymin>124</ymin>
      <xmax>43</xmax>
      <ymax>146</ymax>
    </bndbox>
  </object>
  <object>
    <name>cow</name>
    <pose>Right</pose>
    <truncated>0</truncated>
    <difficult>0</difficult>
    <bndbox>
      <xmin>362</xmin>
      <ymin>133</ymin>
      <xmax>387</xmax>
      <ymax>153</ymax>
    </bndbox>
  </object>
  <object>
    <name>cow</name>
    <pose>Unspecified</pose>
    <truncated>1</truncated>
    <difficult>1</difficult>
    <bndbox>
      <xmin>359</xmin>
      <ymin>102</ymin>
      <xmax>381</xmax>
      <ymax>113</ymax>
    </bndbox>
  </object>
  <object>
    <name>cow</name>
    <pose>Unspecified</pose>
    <truncated>0</truncated>
    <difficult>1</difficult>
    <bndbox>
      <xmin>457</xmin>
      <ymin>93</ymin>
      <xmax>486</xmax>
      <ymax>107</ymax>
    </bndbox>
  </object>
  <object>
    <name>cow</name>
    <pose>Right</pose>
    <truncated>0</truncated>
    <difficult>0</difficult>
    <bndbox>
      <xmin>436</xmin>
      <ymin>157</ymin>
      <xmax>476</xmax>
      <ymax>197</ymax>
    </bndbox>
  </object>
  <object>
    <name>cow</name>
    <pose>Unspecified</pose>
    <truncated>0</truncated>
    <difficult>0</difficult>
    <bndbox>
      <xmin>214</xmin>
      <ymin>278</ymin>
      <xmax>361</xmax>
      <ymax>360</ymax>
    </bndbox>
  </object>
</annotation>
