<annotation>
  <folder>VOC2007</folder>
  <filename>008198.jpg</filename>
  <source>
    <database>The VOC2007 Database</database>
    <annotation>PASCAL VOC2007</annotation>
    <image>flickr</image>
    <flickrid>335546888</flickrid>
  </source>
  <owner>
    <flickrid>Kelli</flickrid>
    <name>Kelli</name>
  </owner>
  <size>
    <width>500</width>
    <height>333</height>
    <depth>3</depth>
  </size>
  <segmented>0</segmented>
  <object>
    <name>diningtable</name>
    <pose>Unspecified</pose>
    <truncated>1</truncated>
    <difficult>0</difficult>
    <bndbox>
      <xmin>1</xmin>
      <ymin>29</ymin>
      <xmax>488</xmax>
      <ymax>333</ymax>
    </bndbox>
  </object>
  <object>
    <name>chair</name>
    <pose>Unspecified</pose>
    <truncated>1</truncated>
    <difficult>1</difficult>
    <bndbox>
      <xmin>72</xmin>
      <ymin>1</ymin>
      <xmax>144</xmax>
      <ymax>105</ymax>
    </bndbox>
  </object>
  <object>
    <name>cow</name>
    <pose>Unspecified</pose>
    <truncated>0</truncated>
    <difficult>0</difficult>
    <bndbox>
      <xmin>237</xmin>
      <ymin>172</ymin>
      <xmax>384</xmax>
      <ymax>254</ymax>
    </bndbox>
  </object>
</annotation>
