<annotation>
  <folder>VOC2007</folder>
  <filename>008153.jpg</filename>
  <source>
    <database>The VOC2007 Database</database>
    <annotation>PASCAL VOC2007</annotation>
    <image>flickr</image>
    <flickrid>342202484</flickrid>
  </source>
  <owner>
    <flickrid>phillam Photography</flickrid>
    <name>Philip Lam</name>
  </owner>
  <size>
    <width>375</width>
    <height>500</height>
    <depth>3</depth>
  </size>
  <segmented>0</segmented>
  <object>
    <name>diningtable</name>
    <pose>Unspecified</pose>
    <truncated>1</truncated>
    <difficult>0</difficult>
    <bndbox>
      <xmin>2</xmin>
      <ymin>274</ymin>
      <xmax>371</xmax>
      <ymax>500</ymax>
    </bndbox>
  </object>
  <object>
    <name>chair</name>
    <pose>Unspecified</pose>
    <truncated>1</truncated>
    <difficult>1</difficult>
    <bndbox>
      <xmin>6</xmin>
      <ymin>277</ymin>
      <xmax>57</xmax>
      <ymax>327</ymax>
    </bndbox>
  </object>
  <object>
    <name>chair</name>
    <pose>Unspecified</pose>
    <truncated>1</truncated>
    <difficult>1</difficult>
    <bndbox>
      <xmin>124</xmin>
      <ymin>256</ymin>
      <xmax>185</xmax>
      <ymax>280</ymax>
    </bndbox>
  </object>
  <object>
    <name>chair</name>
    <pose>Unspecified</pose>
    <truncated>1</truncated>
    <difficult>1</difficult>
    <bndbox>
      <xmin>207</xmin>
      <ymin>256</ymin>
      <xmax>272</xmax>
      <ymax>282</ymax>
    </bndbox>
  </object>
  <object>
    <name>chair</name>
    <pose>Unspecified</pose>
    <truncated>1</truncated>
    <difficult>1</difficult>
    <bndbox>
      <xmin>328</xmin>
      <ymin>278</ymin>
      <xmax>374</xmax>
      <ymax>312</ymax>
    </bndbox>
  </object>
  <object>
    <name>cow</name>
    <pose>Unspecified</pose>
    <truncated>0</truncated>
    <difficult>0</difficult>
    <bndbox>
      <xmin>99</xmin>
      <ymin>363</ymin>
      <xmax>246</xmax>
      <ymax>445</ymax>
    </bndbox>
  </object>
</annotation>
