<annotation>
  <folder>VOC2007</folder>
  <filename>008192.jpg</filename>
  <source>
    <database>The VOC2007 Database</database>
    <annotation>PASCAL VOC2007</annotation>
    <image>flickr</image>
    <flickrid>335700304</flickrid>
  </source>
  <owner>
    <flickrid>TimHill</flickrid>
    <name>Tim Hill</name>
  </owner>
  <size>
    <width>500</width>
    <height>375</height>
    <depth>3</depth>
  </size>
  <segmented>0</segmented>
  <object>
    <name>sheep</name>
    <pose>Right</pose>
    <truncated>0</truncated>
    <difficult>0</difficult>
    <bndbox>
      <xmin>225</xmin>
      <ymin>181</ymin>
      <xmax>366</xmax>
      <ymax>315</ymax>
    </bndbox>
  </object>
  <object>
    <name>sheep</name>
    <pose>Left</pose>
    <truncated>1</truncated>
    <difficult>0</difficult>
    <bndbox>
      <xmin>422</xmin>
      <ymin>170</ymin>
      <xmax>500</xmax>
      <ymax>340</ymax>
    </bndbox>
  </object>
  <object>
    <name>sheep</name>
    <pose>Left</pose>
    <truncated>1</truncated>
    <difficult>0</difficult>
    <bndbox>
      <xmin>384</xmin>
      <ymin>144</ymin>
      <xmax>500</xmax>
      <ymax>248</ymax>
    </bndbox>
  </object>
  <object>
    <name>horse</name>
    <pose>Unspecified</pose>
    <truncated>0</truncated>
    <difficult>1</difficult>
    <bndbox>
      <xmin>403</xmin>
      <ymin>33</ymin>
      <xmax>474</xmax>
      <ymax>158</ymax>
    </bndbox>
  </object>
  <object>
    <name>person</name>
    <pose>Unspecified</pose>
    <truncated>0</truncated>
    <difficult>0</difficult>
    <bndbox>
      <xmin>151</xmin>
      <ymin>54</ymin>
      <xmax>281</xmax>
      <ymax>274</ymax>
    </bndbox>
    <part>
      <name>head</name>
      <bndbox>
        <xmin>196.5386</xmin>
        <ymin>56.561</ymin>
        <xmax>219.6349</xmax>
        <ymax>89.3158</ymax>
      </bndbox>
    </part>
    <part>
      <name>hand</name>
      <bndbox>
        <xmin>258.6887</xmin>
        <ymin>145.1669</ymin>
        <xmax>273.3863</xmax>
        <ymax>154.4054</ymax>
      </bndbox>
    </part>
    <part>
      <name>hand</name>
      <bndbox>
        <xmin>169.6629</xmin>
        <ymin>120.3908</ymin>
        <xmax>183.1008</xmax>
        <ymax>132.9888</ymax>
      </bndbox>
    </part>
    <part>
      <name>foot</name>
      <bndbox>
        <xmin>166.7234</xmin>
        <ymin>233.7727</ymin>
        <xmax>189.3998</xmax>
        <ymax>259.3886</ymax>
      </bndbox>
    </part>
    <part>
      <name>foot</name>
      <bndbox>
        <xmin>213.7559</xmin>
        <ymin>253.9295</ymin>
        <xmax>238.112</xmax>
        <ymax>271.1467</ymax>
      </bndbox>
    </part>
  </object>
  <object>
    <name>bottle</name>
    <pose>Unspecified</pose>
    <truncated>0</truncated>
    <difficult>0</difficult>
    <bndbox>
      <xmin>169</xmin>
      <ymin>100</ymin>
      <xmax>188</xmax>
      <ymax>136</ymax>
    </bndbox>
  </object>
  <object>
    <name>sheep</name>
    <pose>Frontal</pose>
    <truncated>1</truncated>
    <difficult>0</difficult>
    <bndbox>
      <xmin>61</xmin>
      <ymin>107</ymin>
      <xmax>104</xmax>
      <ymax>158</ymax>
    </bndbox>
  </object>
  <object>
    <name>cow</name>
    <pose>Unspecified</pose>
    <truncated>0</truncated>
    <difficult>0</difficult>
    <bndbox>
      <xmin>219</xmin>
      <ymin>173</ymin>
      <xmax>366</xmax>
      <ymax>255</ymax>
    </bndbox>
  </object>
</annotation>
