<annotation>
  <folder>VOC2007</folder>
  <filename>008111.jpg</filename>
  <source>
    <database>The VOC2007 Database</database>
    <annotation>PASCAL VOC2007</annotation>
    <image>flickr</image>
    <flickrid>316720368</flickrid>
  </source>
  <owner>
    <flickrid>cinco de kiddo</flickrid>
    <name>Shari</name>
  </owner>
  <size>
    <width>345</width>
    <height>500</height>
    <depth>3</depth>
  </size>
  <segmented>0</segmented>
  <object>
    <name>cow</name>
    <pose>Frontal</pose>
    <truncated>0</truncated>
    <difficult>0</difficult>
    <bndbox>
      <xmin>17</xmin>
      <ymin>22</ymin>
      <xmax>261</xmax>
      <ymax>295</ymax>
    </bndbox>
  </object>
  <object>
    <name>person</name>
    <pose>Rear</pose>
    <truncated>0</truncated>
    <difficult>0</difficult>
    <bndbox>
      <xmin>75</xmin>
      <ymin>192</ymin>
      <xmax>180</xmax>
      <ymax>469</ymax>
    </bndbox>
  </object>
  <object>
    <name>person</name>
    <pose>Rear</pose>
    <truncated>0</truncated>
    <difficult>0</difficult>
    <bndbox>
      <xmin>232</xmin>
      <ymin>93</ymin>
      <xmax>344</xmax>
      <ymax>449</ymax>
    </bndbox>
  </object>
  <object>
    <name>cow</name>
    <pose>Unspecified</pose>
    <truncated>1</truncated>
    <difficult>1</difficult>
    <bndbox>
      <xmin>95</xmin>
      <ymin>22</ymin>
      <xmax>219</xmax>
      <ymax>146</ymax>
    </bndbox>
  </object>
  <object>
    <name>cow</name>
    <pose>Unspecified</pose>
    <truncated>0</truncated>
    <difficult>0</difficult>
    <bndbox>
      <xmin>40</xmin>
      <ymin>389</ymin>
      <xmax>187</xmax>
      <ymax>471</ymax>
    </bndbox>
  </object>
</annotation>
