<annotation>
  <folder>VOC2007</folder>
  <filename>008287.jpg</filename>
  <source>
    <database>The VOC2007 Database</database>
    <annotation>PASCAL VOC2007</annotation>
    <image>flickr</image>
    <flickrid>337634081</flickrid>
  </source>
  <owner>
    <flickrid>AmandaB3</flickrid>
    <name>Amanda Bennett</name>
  </owner>
  <size>
    <width>500</width>
    <height>375</height>
    <depth>3</depth>
  </size>
  <segmented>0</segmented>
  <object>
    <name>person</name>
    <pose>Unspecified</pose>
    <truncated>1</truncated>
    <difficult>0</difficult>
    <bndbox>
      <xmin>167</xmin>
      <ymin>53</ymin>
      <xmax>500</xmax>
      <ymax>375</ymax>
    </bndbox>
    <part>
      <name>head</name>
      <bndbox>
        <xmin>374.5901</xmin>
        <ymin>56.1411</ymin>
        <xmax>473.2744</xmax>
        <ymax>185.9003</ymax>
      </bndbox>
    </part>
    <part>
      <name>hand</name>
      <bndbox>
        <xmin>171.3427</xmin>
        <ymin>273.2464</ymin>
        <xmax>229.7133</xmax>
        <ymax>325.318</ymax>
      </bndbox>
    </part>
    <part>
      <name>hand</name>
      <bndbox>
        <xmin>239.3718</xmin>
        <ymin>347.5745</ymin>
        <xmax>278.0056</xmax>
        <ymax>375</ymax>
      </bndbox>
    </part>
  </object>
  <object>
    <name>person</name>
    <pose>Unspecified</pose>
    <truncated>1</truncated>
    <difficult>0</difficult>
    <bndbox>
      <xmin>79</xmin>
      <ymin>89</ymin>
      <xmax>276</xmax>
      <ymax>305</ymax>
    </bndbox>
    <part>
      <name>head</name>
      <bndbox>
        <xmin>155.8052</xmin>
        <ymin>88.056</ymin>
        <xmax>230.9731</xmax>
        <ymax>182.1209</ymax>
      </bndbox>
    </part>
    <part>
      <name>hand</name>
      <bndbox>
        <xmin>78.9574</xmin>
        <ymin>239.6517</ymin>
        <xmax>116.3315</xmax>
        <ymax>266.1075</ymax>
      </bndbox>
    </part>
    <part>
      <name>hand</name>
      <bndbox>
        <xmin>119.271</xmin>
        <ymin>265.2676</ymin>
        <xmax>148.6663</xmax>
        <ymax>293.4031</ymax>
      </bndbox>
    </part>
  </object>
  <object>
    <name>bottle</name>
    <pose>Unspecified</pose>
    <truncated>1</truncated>
    <difficult>0</difficult>
    <bndbox>
      <xmin>277</xmin>
      <ymin>206</ymin>
      <xmax>350</xmax>
      <ymax>375</ymax>
    </bndbox>
  </object>
  <object>
    <name>diningtable</name>
    <pose>Unspecified</pose>
    <truncated>1</truncated>
    <difficult>1</difficult>
    <bndbox>
      <xmin>1</xmin>
      <ymin>255</ymin>
      <xmax>238</xmax>
      <ymax>375</ymax>
    </bndbox>
  </object>
  <object>
    <name>chair</name>
    <pose>Unspecified</pose>
    <truncated>1</truncated>
    <difficult>1</difficult>
    <bndbox>
      <xmin>268</xmin>
      <ymin>206</ymin>
      <xmax>301</xmax>
      <ymax>288</ymax>
    </bndbox>
  </object>
  <object>
    <name>cow</name>
    <pose>Unspecified</pose>
    <truncated>0</truncated>
    <difficult>0</difficult>
    <bndbox>
      <xmin>177</xmin>
      <ymin>235</ymin>
      <xmax>324</xmax>
      <ymax>317</ymax>
    </bndbox>
  </object>
</annotation>
