<annotation>
  <folder>VOC2007</folder>
  <filename>008358.jpg</filename>
  <source>
    <database>The VOC2007 Database</database>
    <annotation>PASCAL VOC2007</annotation>
    <image>flickr</image>
    <flickrid>316630527</flickrid>
  </source>
  <owner>
    <flickrid>Bazalai</flickrid>
    <name>marius vasiliu</name>
  </owner>
  <size>
    <width>500</width>
    <height>326</height>
    <depth>3</depth>
  </size>
  <segmented>0</segmented>
  <object>
    <name>cow</name>
    <pose>Unspecified</pose>
    <truncated>0</truncated>
    <difficult>0</difficult>
    <bndbox>
      <xmin>116</xmin>
      <ymin>29</ymin>
      <xmax>348</xmax>
      <ymax>282</ymax>
    </bndbox>
  </object>
  <object>
    <name>cow</name>
    <pose>Unspecified</pose>
    <truncated>0</truncated>
    <difficult>0</difficult>
    <bndbox>
      <xmin>321</xmin>
      <ymin>135</ymin>
      <xmax>468</xmax>
      <ymax>217</ymax>
    </bndbox>
  </object>
</annotation>
