<annotation>
  <folder>VOC2007</folder>
  <filename>008363.jpg</filename>
  <source>
    <database>The VOC2007 Database</database>
    <annotation>PASCAL VOC2007</annotation>
    <image>flickr</image>
    <flickrid>93053323</flickrid>
  </source>
  <owner>
    <flickrid>Brigadir</flickrid>
    <name>?</name>
  </owner>
  <size>
    <width>500</width>
    <height>375</height>
    <depth>3</depth>
  </size>
  <segmented>0</segmented>
  <object>
    <name>person</name>
    <pose>Frontal</pose>
    <truncated>1</truncated>
    <difficult>0</difficult>
    <bndbox>
      <xmin>19</xmin>
      <ymin>35</ymin>
      <xmax>196</xmax>
      <ymax>375</ymax>
    </bndbox>
    <part>
      <name>head</name>
      <bndbox>
        <xmin>79.7973</xmin>
        <ymin>36.8242</ymin>
        <xmax>134.8085</xmax>
        <ymax>99.3942</ymax>
      </bndbox>
    </part>
    <part>
      <name>hand</name>
      <bndbox>
        <xmin>152.8656</xmin>
        <ymin>230.8331</ymin>
        <xmax>186.0403</xmax>
        <ymax>266.5274</ymax>
      </bndbox>
    </part>
    <part>
      <name>hand</name>
      <bndbox>
        <xmin>30.6652</xmin>
        <ymin>273.6663</ymin>
        <xmax>60.0605</xmax>
        <ymax>300.9619</ymax>
      </bndbox>
    </part>
  </object>
  <object>
    <name>car</name>
    <pose>Unspecified</pose>
    <truncated>1</truncated>
    <difficult>0</difficult>
    <bndbox>
      <xmin>140</xmin>
      <ymin>110</ymin>
      <xmax>500</xmax>
      <ymax>375</ymax>
    </bndbox>
  </object>
  <object>
    <name>car</name>
    <pose>Unspecified</pose>
    <truncated>1</truncated>
    <difficult>1</difficult>
    <bndbox>
      <xmin>435</xmin>
      <ymin>104</ymin>
      <xmax>500</xmax>
      <ymax>134</ymax>
    </bndbox>
  </object>
  <object>
    <name>car</name>
    <pose>Unspecified</pose>
    <truncated>1</truncated>
    <difficult>1</difficult>
    <bndbox>
      <xmin>274</xmin>
      <ymin>92</ymin>
      <xmax>383</xmax>
      <ymax>121</ymax>
    </bndbox>
  </object>
  <object>
    <name>car</name>
    <pose>Unspecified</pose>
    <truncated>1</truncated>
    <difficult>1</difficult>
    <bndbox>
      <xmin>188</xmin>
      <ymin>87</ymin>
      <xmax>271</xmax>
      <ymax>115</ymax>
    </bndbox>
  </object>
  <object>
    <name>car</name>
    <pose>Unspecified</pose>
    <truncated>1</truncated>
    <difficult>1</difficult>
    <bndbox>
      <xmin>139</xmin>
      <ymin>95</ymin>
      <xmax>215</xmax>
      <ymax>112</ymax>
    </bndbox>
  </object>
  <object>
    <name>chair</name>
    <pose>Unspecified</pose>
    <truncated>1</truncated>
    <difficult>0</difficult>
    <bndbox>
      <xmin>472</xmin>
      <ymin>108</ymin>
      <xmax>500</xmax>
      <ymax>146</ymax>
    </bndbox>
  </object>
  <object>
    <name>cow</name>
    <pose>Unspecified</pose>
    <truncated>0</truncated>
    <difficult>0</difficult>
    <bndbox>
      <xmin>293</xmin>
      <ymin>35</ymin>
      <xmax>440</xmax>
      <ymax>117</ymax>
    </bndbox>
  </object>
</annotation>
