<annotation>
  <folder>VOC2007</folder>
  <filename>008394.jpg</filename>
  <source>
    <database>The VOC2007 Database</database>
    <annotation>PASCAL VOC2007</annotation>
    <image>flickr</image>
    <flickrid>337560962</flickrid>
  </source>
  <owner>
    <flickrid>sane in insane places</flickrid>
    <name>mark fincham</name>
  </owner>
  <size>
    <width>500</width>
    <height>473</height>
    <depth>3</depth>
  </size>
  <segmented>0</segmented>
  <object>
    <name>chair</name>
    <pose>Right</pose>
    <truncated>0</truncated>
    <difficult>0</difficult>
    <bndbox>
      <xmin>38</xmin>
      <ymin>50</ymin>
      <xmax>334</xmax>
      <ymax>441</ymax>
    </bndbox>
  </object>
  <object>
    <name>cow</name>
    <pose>Unspecified</pose>
    <truncated>0</truncated>
    <difficult>0</difficult>
    <bndbox>
      <xmin>346</xmin>
      <ymin>62</ymin>
      <xmax>493</xmax>
      <ymax>144</ymax>
    </bndbox>
  </object>
</annotation>
