<annotation>
  <folder>VOC2007</folder>
  <filename>008481.jpg</filename>
  <source>
    <database>The VOC2007 Database</database>
    <annotation>PASCAL VOC2007</annotation>
    <image>flickr</image>
    <flickrid>330661688</flickrid>
  </source>
  <owner>
    <flickrid>Joseph Robertson</flickrid>
    <name>Joseph Robertson</name>
  </owner>
  <size>
    <width>500</width>
    <height>333</height>
    <depth>3</depth>
  </size>
  <segmented>0</segmented>
  <object>
    <name>chair</name>
    <pose>Right</pose>
    <truncated>0</truncated>
    <difficult>0</difficult>
    <bndbox>
      <xmin>145</xmin>
      <ymin>65</ymin>
      <xmax>371</xmax>
      <ymax>295</ymax>
    </bndbox>
  </object>
  <object>
    <name>car</name>
    <pose>Left</pose>
    <truncated>0</truncated>
    <difficult>0</difficult>
    <bndbox>
      <xmin>317</xmin>
      <ymin>9</ymin>
      <xmax>408</xmax>
      <ymax>44</ymax>
    </bndbox>
  </object>
  <object>
    <name>car</name>
    <pose>Unspecified</pose>
    <truncated>0</truncated>
    <difficult>1</difficult>
    <bndbox>
      <xmin>114</xmin>
      <ymin>15</ymin>
      <xmax>148</xmax>
      <ymax>42</ymax>
    </bndbox>
  </object>
  <object>
    <name>car</name>
    <pose>Unspecified</pose>
    <truncated>0</truncated>
    <difficult>1</difficult>
    <bndbox>
      <xmin>83</xmin>
      <ymin>20</ymin>
      <xmax>108</xmax>
      <ymax>42</ymax>
    </bndbox>
  </object>
  <object>
    <name>cow</name>
    <pose>Unspecified</pose>
    <truncated>0</truncated>
    <difficult>0</difficult>
    <bndbox>
      <xmin>284</xmin>
      <ymin>193</ymin>
      <xmax>431</xmax>
      <ymax>275</ymax>
    </bndbox>
  </object>
</annotation>
