<annotation>
  <folder>VOC2007</folder>
  <filename>008486.jpg</filename>
  <source>
    <database>The VOC2007 Database</database>
    <annotation>PASCAL VOC2007</annotation>
    <image>flickr</image>
    <flickrid>26084952</flickrid>
  </source>
  <owner>
    <flickrid>mme.chang</flickrid>
    <name>Julie Chang</name>
  </owner>
  <size>
    <width>375</width>
    <height>500</height>
    <depth>3</depth>
  </size>
  <segmented>0</segmented>
  <object>
    <name>tvmonitor</name>
    <pose>Frontal</pose>
    <truncated>0</truncated>
    <difficult>0</difficult>
    <bndbox>
      <xmin>156</xmin>
      <ymin>231</ymin>
      <xmax>215</xmax>
      <ymax>291</ymax>
    </bndbox>
  </object>
  <object>
    <name>tvmonitor</name>
    <pose>Unspecified</pose>
    <truncated>0</truncated>
    <difficult>1</difficult>
    <bndbox>
      <xmin>213</xmin>
      <ymin>231</ymin>
      <xmax>272</xmax>
      <ymax>284</ymax>
    </bndbox>
  </object>
  <object>
    <name>chair</name>
    <pose>Left</pose>
    <truncated>0</truncated>
    <difficult>0</difficult>
    <bndbox>
      <xmin>169</xmin>
      <ymin>241</ymin>
      <xmax>296</xmax>
      <ymax>438</ymax>
    </bndbox>
  </object>
  <object>
    <name>sofa</name>
    <pose>Right</pose>
    <truncated>1</truncated>
    <difficult>0</difficult>
    <bndbox>
      <xmin>1</xmin>
      <ymin>309</ymin>
      <xmax>138</xmax>
      <ymax>500</ymax>
    </bndbox>
  </object>
  <object>
    <name>cow</name>
    <pose>Unspecified</pose>
    <truncated>0</truncated>
    <difficult>0</difficult>
    <bndbox>
      <xmin>120</xmin>
      <ymin>147</ymin>
      <xmax>267</xmax>
      <ymax>229</ymax>
    </bndbox>
  </object>
</annotation>
