<annotation>
  <folder>VOC2007</folder>
  <filename>008431.jpg</filename>
  <source>
    <database>The VOC2007 Database</database>
    <annotation>PASCAL VOC2007</annotation>
    <image>flickr</image>
    <flickrid>335605036</flickrid>
  </source>
  <owner>
    <flickrid>lilcourt</flickrid>
    <name>Courtney Webb</name>
  </owner>
  <size>
    <width>450</width>
    <height>298</height>
    <depth>3</depth>
  </size>
  <segmented>0</segmented>
  <object>
    <name>chair</name>
    <pose>Unspecified</pose>
    <truncated>0</truncated>
    <difficult>0</difficult>
    <bndbox>
      <xmin>249</xmin>
      <ymin>182</ymin>
      <xmax>339</xmax>
      <ymax>298</ymax>
    </bndbox>
  </object>
  <object>
    <name>chair</name>
    <pose>Unspecified</pose>
    <truncated>1</truncated>
    <difficult>0</difficult>
    <bndbox>
      <xmin>361</xmin>
      <ymin>205</ymin>
      <xmax>434</xmax>
      <ymax>298</ymax>
    </bndbox>
  </object>
  <object>
    <name>diningtable</name>
    <pose>Unspecified</pose>
    <truncated>0</truncated>
    <difficult>0</difficult>
    <bndbox>
      <xmin>267</xmin>
      <ymin>166</ymin>
      <xmax>412</xmax>
      <ymax>298</ymax>
    </bndbox>
  </object>
  <object>
    <name>cow</name>
    <pose>Unspecified</pose>
    <truncated>0</truncated>
    <difficult>0</difficult>
    <bndbox>
      <xmin>74</xmin>
      <ymin>32</ymin>
      <xmax>221</xmax>
      <ymax>114</ymax>
    </bndbox>
  </object>
</annotation>
