<annotation>
  <folder>VOC2007</folder>
  <filename>008563.jpg</filename>
  <source>
    <database>The VOC2007 Database</database>
    <annotation>PASCAL VOC2007</annotation>
    <image>flickr</image>
    <flickrid>24654014</flickrid>
  </source>
  <owner>
    <flickrid>choosechris</flickrid>
    <name>Christopher</name>
  </owner>
  <size>
    <width>500</width>
    <height>375</height>
    <depth>3</depth>
  </size>
  <segmented>0</segmented>
  <object>
    <name>tvmonitor</name>
    <pose>Frontal</pose>
    <truncated>0</truncated>
    <difficult>0</difficult>
    <bndbox>
      <xmin>342</xmin>
      <ymin>88</ymin>
      <xmax>427</xmax>
      <ymax>170</ymax>
    </bndbox>
  </object>
  <object>
    <name>chair</name>
    <pose>Rear</pose>
    <truncated>0</truncated>
    <difficult>0</difficult>
    <bndbox>
      <xmin>281</xmin>
      <ymin>161</ymin>
      <xmax>402</xmax>
      <ymax>357</ymax>
    </bndbox>
  </object>
  <object>
    <name>cow</name>
    <pose>Unspecified</pose>
    <truncated>0</truncated>
    <difficult>0</difficult>
    <bndbox>
      <xmin>238</xmin>
      <ymin>129</ymin>
      <xmax>385</xmax>
      <ymax>211</ymax>
    </bndbox>
  </object>
</annotation>
