<annotation>
  <folder>VOC2007</folder>
  <filename>008527.jpg</filename>
  <source>
    <database>The VOC2007 Database</database>
    <annotation>PASCAL VOC2007</annotation>
    <image>flickr</image>
    <flickrid>326951551</flickrid>
  </source>
  <owner>
    <flickrid>aynegoldecofarm</flickrid>
    <name>?</name>
  </owner>
  <size>
    <width>500</width>
    <height>375</height>
    <depth>3</depth>
  </size>
  <segmented>0</segmented>
  <object>
    <name>cow</name>
    <pose>Right</pose>
    <truncated>0</truncated>
    <difficult>0</difficult>
    <bndbox>
      <xmin>86</xmin>
      <ymin>110</ymin>
      <xmax>246</xmax>
      <ymax>222</ymax>
    </bndbox>
  </object>
  <object>
    <name>cow</name>
    <pose>Unspecified</pose>
    <truncated>1</truncated>
    <difficult>1</difficult>
    <bndbox>
      <xmin>252</xmin>
      <ymin>124</ymin>
      <xmax>313</xmax>
      <ymax>170</ymax>
    </bndbox>
  </object>
  <object>
    <name>cow</name>
    <pose>Unspecified</pose>
    <truncated>1</truncated>
    <difficult>1</difficult>
    <bndbox>
      <xmin>314</xmin>
      <ymin>103</ymin>
      <xmax>475</xmax>
      <ymax>154</ymax>
    </bndbox>
  </object>
  <object>
    <name>cow</name>
    <pose>Unspecified</pose>
    <truncated>1</truncated>
    <difficult>1</difficult>
    <bndbox>
      <xmin>330</xmin>
      <ymin>122</ymin>
      <xmax>499</xmax>
      <ymax>285</ymax>
    </bndbox>
  </object>
  <object>
    <name>cow</name>
    <pose>Rear</pose>
    <truncated>1</truncated>
    <difficult>0</difficult>
    <bndbox>
      <xmin>142</xmin>
      <ymin>146</ymin>
      <xmax>340</xmax>
      <ymax>375</ymax>
    </bndbox>
  </object>
  <object>
    <name>cow</name>
    <pose>Unspecified</pose>
    <truncated>1</truncated>
    <difficult>1</difficult>
    <bndbox>
      <xmin>2</xmin>
      <ymin>142</ymin>
      <xmax>51</xmax>
      <ymax>295</ymax>
    </bndbox>
  </object>
  <object>
    <name>cow</name>
    <pose>Unspecified</pose>
    <truncated>0</truncated>
    <difficult>0</difficult>
    <bndbox>
      <xmin>195</xmin>
      <ymin>204</ymin>
      <xmax>342</xmax>
      <ymax>286</ymax>
    </bndbox>
  </object>
</annotation>
