<annotation>
  <folder>VOC2007</folder>
  <filename>008627.jpg</filename>
  <source>
    <database>The VOC2007 Database</database>
    <annotation>PASCAL VOC2007</annotation>
    <image>flickr</image>
    <flickrid>330177352</flickrid>
  </source>
  <owner>
    <flickrid>the brothers giant</flickrid>
    <name>Mohsein Sani</name>
  </owner>
  <size>
    <width>500</width>
    <height>375</height>
    <depth>3</depth>
  </size>
  <segmented>0</segmented>
  <object>
    <name>bottle</name>
    <pose>Unspecified</pose>
    <truncated>0</truncated>
    <difficult>0</difficult>
    <bndbox>
      <xmin>233</xmin>
      <ymin>168</ymin>
      <xmax>274</xmax>
      <ymax>319</ymax>
    </bndbox>
  </object>
  <object>
    <name>cow</name>
    <pose>Unspecified</pose>
    <truncated>0</truncated>
    <difficult>0</difficult>
    <bndbox>
      <xmin>120</xmin>
      <ymin>35</ymin>
      <xmax>267</xmax>
      <ymax>117</ymax>
    </bndbox>
  </object>
</annotation>
