<annotation>
  <folder>VOC2007</folder>
  <filename>008600.jpg</filename>
  <source>
    <database>The VOC2007 Database</database>
    <annotation>PASCAL VOC2007</annotation>
    <image>flickr</image>
    <flickrid>333848924</flickrid>
  </source>
  <owner>
    <flickrid>delinquent debutante</flickrid>
    <name>?</name>
  </owner>
  <size>
    <width>500</width>
    <height>335</height>
    <depth>3</depth>
  </size>
  <segmented>0</segmented>
  <object>
    <name>chair</name>
    <pose>Unspecified</pose>
    <truncated>1</truncated>
    <difficult>0</difficult>
    <bndbox>
      <xmin>2</xmin>
      <ymin>2</ymin>
      <xmax>500</xmax>
      <ymax>335</ymax>
    </bndbox>
  </object>
  <object>
    <name>cow</name>
    <pose>Unspecified</pose>
    <truncated>0</truncated>
    <difficult>0</difficult>
    <bndbox>
      <xmin>191</xmin>
      <ymin>46</ymin>
      <xmax>338</xmax>
      <ymax>128</ymax>
    </bndbox>
  </object>
</annotation>
