<annotation>
  <folder>VOC2007</folder>
  <filename>008673.jpg</filename>
  <source>
    <database>The VOC2007 Database</database>
    <annotation>PASCAL VOC2007</annotation>
    <image>flickr</image>
    <flickrid>316641003</flickrid>
  </source>
  <owner>
    <flickrid>DawnOne</flickrid>
    <name>Dawn One</name>
  </owner>
  <size>
    <width>375</width>
    <height>500</height>
    <depth>3</depth>
  </size>
  <segmented>0</segmented>
  <object>
    <name>chair</name>
    <pose>Frontal</pose>
    <truncated>0</truncated>
    <difficult>0</difficult>
    <bndbox>
      <xmin>74</xmin>
      <ymin>217</ymin>
      <xmax>191</xmax>
      <ymax>462</ymax>
    </bndbox>
  </object>
  <object>
    <name>bicycle</name>
    <pose>Rear</pose>
    <truncated>0</truncated>
    <difficult>0</difficult>
    <bndbox>
      <xmin>36</xmin>
      <ymin>114</ymin>
      <xmax>94</xmax>
      <ymax>240</ymax>
    </bndbox>
  </object>
  <object>
    <name>cow</name>
    <pose>Unspecified</pose>
    <truncated>0</truncated>
    <difficult>0</difficult>
    <bndbox>
      <xmin>82</xmin>
      <ymin>346</ymin>
      <xmax>229</xmax>
      <ymax>428</ymax>
    </bndbox>
  </object>
</annotation>
