<annotation>
  <folder>VOC2007</folder>
  <filename>008705.jpg</filename>
  <source>
    <database>The VOC2007 Database</database>
    <annotation>PASCAL VOC2007</annotation>
    <image>flickr</image>
    <flickrid>330666995</flickrid>
  </source>
  <owner>
    <flickrid>winnie</flickrid>
    <name>Winnie Wong</name>
  </owner>
  <size>
    <width>500</width>
    <height>375</height>
    <depth>3</depth>
  </size>
  <segmented>0</segmented>
  <object>
    <name>dog</name>
    <pose>Frontal</pose>
    <truncated>1</truncated>
    <difficult>0</difficult>
    <bndbox>
      <xmin>125</xmin>
      <ymin>78</ymin>
      <xmax>313</xmax>
      <ymax>268</ymax>
    </bndbox>
  </object>
  <object>
    <name>chair</name>
    <pose>Unspecified</pose>
    <truncated>1</truncated>
    <difficult>1</difficult>
    <bndbox>
      <xmin>117</xmin>
      <ymin>86</ymin>
      <xmax>360</xmax>
      <ymax>262</ymax>
    </bndbox>
  </object>
  <object>
    <name>cow</name>
    <pose>Unspecified</pose>
    <truncated>0</truncated>
    <difficult>0</difficult>
    <bndbox>
      <xmin>130</xmin>
      <ymin>136</ymin>
      <xmax>277</xmax>
      <ymax>218</ymax>
    </bndbox>
  </object>
</annotation>
