<annotation>
  <folder>VOC2007</folder>
  <filename>008758.jpg</filename>
  <source>
    <database>The VOC2007 Database</database>
    <annotation>PASCAL VOC2007</annotation>
    <image>flickr</image>
    <flickrid>335575967</flickrid>
  </source>
  <owner>
    <flickrid>14erer</flickrid>
    <name>Aubrey</name>
  </owner>
  <size>
    <width>500</width>
    <height>364</height>
    <depth>3</depth>
  </size>
  <segmented>0</segmented>
  <object>
    <name>cow</name>
    <pose>Frontal</pose>
    <truncated>0</truncated>
    <difficult>0</difficult>
    <bndbox>
      <xmin>101</xmin>
      <ymin>140</ymin>
      <xmax>288</xmax>
      <ymax>292</ymax>
    </bndbox>
  </object>
  <object>
    <name>cow</name>
    <pose>Unspecified</pose>
    <truncated>0</truncated>
    <difficult>0</difficult>
    <bndbox>
      <xmin>168</xmin>
      <ymin>106</ymin>
      <xmax>243</xmax>
      <ymax>175</ymax>
    </bndbox>
  </object>
  <object>
    <name>cow</name>
    <pose>Unspecified</pose>
    <truncated>0</truncated>
    <difficult>0</difficult>
    <bndbox>
      <xmin>23</xmin>
      <ymin>138</ymin>
      <xmax>127</xmax>
      <ymax>220</ymax>
    </bndbox>
  </object>
  <object>
    <name>cow</name>
    <pose>Right</pose>
    <truncated>0</truncated>
    <difficult>0</difficult>
    <bndbox>
      <xmin>51</xmin>
      <ymin>80</ymin>
      <xmax>106</xmax>
      <ymax>114</ymax>
    </bndbox>
  </object>
  <object>
    <name>cow</name>
    <pose>Left</pose>
    <truncated>0</truncated>
    <difficult>0</difficult>
    <bndbox>
      <xmin>192</xmin>
      <ymin>60</ymin>
      <xmax>240</xmax>
      <ymax>89</ymax>
    </bndbox>
  </object>
  <object>
    <name>person</name>
    <pose>Frontal</pose>
    <truncated>0</truncated>
    <difficult>0</difficult>
    <bndbox>
      <xmin>343</xmin>
      <ymin>50</ymin>
      <xmax>461</xmax>
      <ymax>319</ymax>
    </bndbox>
    <part>
      <name>head</name>
      <bndbox>
        <xmin>363.6131</xmin>
        <ymin>52.8785</ymin>
        <xmax>394.5918</xmax>
        <ymax>94.0476</ymax>
      </bndbox>
    </part>
    <part>
      <name>hand</name>
      <bndbox>
        <xmin>422.3096</xmin>
        <ymin>168.2335</ymin>
        <xmax>443.098</xmax>
        <ymax>193.9132</ymax>
      </bndbox>
    </part>
    <part>
      <name>hand</name>
      <bndbox>
        <xmin>354.6456</xmin>
        <ymin>193.098</ymin>
        <xmax>377.472</xmax>
        <ymax>222.0386</ymax>
      </bndbox>
    </part>
    <part>
      <name>foot</name>
      <bndbox>
        <xmin>350.977</xmin>
        <ymin>287.6646</ymin>
        <xmax>387.6624</xmax>
        <ymax>313.3443</ymax>
      </bndbox>
    </part>
    <part>
      <name>foot</name>
      <bndbox>
        <xmin>416.1954</xmin>
        <ymin>292.9636</ymin>
        <xmax>434.1305</xmax>
        <ymax>317.8281</ymax>
      </bndbox>
    </part>
  </object>
  <object>
    <name>cow</name>
    <pose>Unspecified</pose>
    <truncated>0</truncated>
    <difficult>0</difficult>
    <bndbox>
      <xmin>173</xmin>
      <ymin>165</ymin>
      <xmax>320</xmax>
      <ymax>247</ymax>
    </bndbox>
  </object>
</annotation>
