<annotation>
  <folder>VOC2007</folder>
  <filename>008853.jpg</filename>
  <source>
    <database>The VOC2007 Database</database>
    <annotation>PASCAL VOC2007</annotation>
    <image>flickr</image>
    <flickrid>318430128</flickrid>
  </source>
  <owner>
    <flickrid>edrazenphoto.com</flickrid>
    <name>emily drazen</name>
  </owner>
  <size>
    <width>450</width>
    <height>451</height>
    <depth>3</depth>
  </size>
  <segmented>0</segmented>
  <object>
    <name>cow</name>
    <pose>Left</pose>
    <truncated>0</truncated>
    <difficult>0</difficult>
    <bndbox>
      <xmin>109</xmin>
      <ymin>200</ymin>
      <xmax>329</xmax>
      <ymax>325</ymax>
    </bndbox>
  </object>
  <object>
    <name>cow</name>
    <pose>Unspecified</pose>
    <truncated>0</truncated>
    <difficult>0</difficult>
    <bndbox>
      <xmin>201</xmin>
      <ymin>285</ymin>
      <xmax>348</xmax>
      <ymax>367</ymax>
    </bndbox>
  </object>
</annotation>
