<annotation>
  <folder>VOC2007</folder>
  <filename>008897.jpg</filename>
  <source>
    <database>The VOC2007 Database</database>
    <annotation>PASCAL VOC2007</annotation>
    <image>flickr</image>
    <flickrid>330051568</flickrid>
  </source>
  <owner>
    <flickrid>chris lynch</flickrid>
    <name>chris lynch</name>
  </owner>
  <size>
    <width>500</width>
    <height>336</height>
    <depth>3</depth>
  </size>
  <segmented>1</segmented>
  <object>
    <name>person</name>
    <pose>Unspecified</pose>
    <truncated>0</truncated>
    <difficult>0</difficult>
    <bndbox>
      <xmin>182</xmin>
      <ymin>79</ymin>
      <xmax>378</xmax>
      <ymax>336</ymax>
    </bndbox>
  </object>
  <object>
    <name>tvmonitor</name>
    <pose>Unspecified</pose>
    <truncated>1</truncated>
    <difficult>0</difficult>
    <bndbox>
      <xmin>435</xmin>
      <ymin>1</ymin>
      <xmax>500</xmax>
      <ymax>43</ymax>
    </bndbox>
  </object>
  <object>
    <name>chair</name>
    <pose>Right</pose>
    <truncated>0</truncated>
    <difficult>0</difficult>
    <bndbox>
      <xmin>295</xmin>
      <ymin>41</ymin>
      <xmax>433</xmax>
      <ymax>220</ymax>
    </bndbox>
  </object>
  <object>
    <name>cow</name>
    <pose>Unspecified</pose>
    <truncated>0</truncated>
    <difficult>0</difficult>
    <bndbox>
      <xmin>186</xmin>
      <ymin>247</ymin>
      <xmax>333</xmax>
      <ymax>329</ymax>
    </bndbox>
  </object>
</annotation>
