<annotation>
  <folder>VOC2007</folder>
  <filename>008902.jpg</filename>
  <source>
    <database>The VOC2007 Database</database>
    <annotation>PASCAL VOC2007</annotation>
    <image>flickr</image>
    <flickrid>338170371</flickrid>
  </source>
  <owner>
    <flickrid>where_are_chris_and_charl</flickrid>
    <name>Charlotte and Chris</name>
  </owner>
  <size>
    <width>500</width>
    <height>375</height>
    <depth>3</depth>
  </size>
  <segmented>0</segmented>
  <object>
    <name>bottle</name>
    <pose>Unspecified</pose>
    <truncated>0</truncated>
    <difficult>0</difficult>
    <bndbox>
      <xmin>125</xmin>
      <ymin>269</ymin>
      <xmax>155</xmax>
      <ymax>319</ymax>
    </bndbox>
  </object>
  <object>
    <name>person</name>
    <pose>Unspecified</pose>
    <truncated>0</truncated>
    <difficult>0</difficult>
    <bndbox>
      <xmin>93</xmin>
      <ymin>56</ymin>
      <xmax>388</xmax>
      <ymax>375</ymax>
    </bndbox>
    <part>
      <name>head</name>
      <bndbox>
        <xmin>221.3147</xmin>
        <ymin>63.6999</ymin>
        <xmax>296.0627</xmax>
        <ymax>172.8824</ymax>
      </bndbox>
    </part>
    <part>
      <name>hand</name>
      <bndbox>
        <xmin>285.5644</xmin>
        <ymin>183.3807</ymin>
        <xmax>364.0918</xmax>
        <ymax>246.3707</ymax>
      </bndbox>
    </part>
    <part>
      <name>hand</name>
      <bndbox>
        <xmin>155.3852</xmin>
        <ymin>360.1725</ymin>
        <xmax>195.6988</xmax>
        <ymax>375</ymax>
      </bndbox>
    </part>
  </object>
  <object>
    <name>cow</name>
    <pose>Unspecified</pose>
    <truncated>0</truncated>
    <difficult>0</difficult>
    <bndbox>
      <xmin>222</xmin>
      <ymin>63</ymin>
      <xmax>369</xmax>
      <ymax>145</ymax>
    </bndbox>
  </object>
</annotation>
