<annotation>
  <folder>VOC2007</folder>
  <filename>008941.jpg</filename>
  <source>
    <database>The VOC2007 Database</database>
    <annotation>PASCAL VOC2007</annotation>
    <image>flickr</image>
    <flickrid>336848438</flickrid>
  </source>
  <owner>
    <flickrid>tealeh3</flickrid>
    <name>?</name>
  </owner>
  <size>
    <width>500</width>
    <height>375</height>
    <depth>3</depth>
  </size>
  <segmented>0</segmented>
  <object>
    <name>diningtable</name>
    <pose>Unspecified</pose>
    <truncated>1</truncated>
    <difficult>0</difficult>
    <bndbox>
      <xmin>1</xmin>
      <ymin>200</ymin>
      <xmax>446</xmax>
      <ymax>375</ymax>
    </bndbox>
  </object>
  <object>
    <name>chair</name>
    <pose>Unspecified</pose>
    <truncated>1</truncated>
    <difficult>1</difficult>
    <bndbox>
      <xmin>5</xmin>
      <ymin>91</ymin>
      <xmax>178</xmax>
      <ymax>261</ymax>
    </bndbox>
  </object>
  <object>
    <name>person</name>
    <pose>Unspecified</pose>
    <truncated>1</truncated>
    <difficult>0</difficult>
    <bndbox>
      <xmin>271</xmin>
      <ymin>145</ymin>
      <xmax>446</xmax>
      <ymax>370</ymax>
    </bndbox>
    <part>
      <name>head</name>
      <bndbox>
        <xmin>335.9563</xmin>
        <ymin>143.9071</ymin>
        <xmax>434.2206</xmax>
        <ymax>239.6517</ymax>
      </bndbox>
    </part>
    <part>
      <name>hand</name>
      <bndbox>
        <xmin>344.355</xmin>
        <ymin>217.3953</ymin>
        <xmax>388.8679</xmax>
        <ymax>261.4882</ymax>
      </bndbox>
    </part>
    <part>
      <name>hand</name>
      <bndbox>
        <xmin>269.187</xmin>
        <ymin>218.2352</ymin>
        <xmax>303.2016</xmax>
        <ymax>253.5095</ymax>
      </bndbox>
    </part>
  </object>
  <object>
    <name>person</name>
    <pose>Unspecified</pose>
    <truncated>1</truncated>
    <difficult>0</difficult>
    <bndbox>
      <xmin>154</xmin>
      <ymin>73</ymin>
      <xmax>340</xmax>
      <ymax>303</ymax>
    </bndbox>
    <part>
      <name>head</name>
      <bndbox>
        <xmin>232.2329</xmin>
        <ymin>75.8779</ymin>
        <xmax>309.0806</xmax>
        <ymax>157.7648</ymax>
      </bndbox>
    </part>
    <part>
      <name>hand</name>
      <bndbox>
        <xmin>164.2038</xmin>
        <ymin>136.3483</ymin>
        <xmax>194.439</xmax>
        <ymax>182.1209</ymax>
      </bndbox>
    </part>
  </object>
  <object>
    <name>cow</name>
    <pose>Unspecified</pose>
    <truncated>0</truncated>
    <difficult>0</difficult>
    <bndbox>
      <xmin>350</xmin>
      <ymin>115</ymin>
      <xmax>497</xmax>
      <ymax>197</ymax>
    </bndbox>
  </object>
</annotation>
