<annotation>
  <folder>VOC2007</folder>
  <filename>009084.jpg</filename>
  <source>
    <database>The VOC2007 Database</database>
    <annotation>PASCAL VOC2007</annotation>
    <image>flickr</image>
    <flickrid>337134925</flickrid>
  </source>
  <owner>
    <flickrid>tammi_layton</flickrid>
    <name>?</name>
  </owner>
  <size>
    <width>500</width>
    <height>375</height>
    <depth>3</depth>
  </size>
  <segmented>1</segmented>
  <object>
    <name>motorbike</name>
    <pose>Right</pose>
    <truncated>0</truncated>
    <difficult>0</difficult>
    <bndbox>
      <xmin>43</xmin>
      <ymin>77</ymin>
      <xmax>481</xmax>
      <ymax>375</ymax>
    </bndbox>
  </object>
  <object>
    <name>dog</name>
    <pose>Right</pose>
    <truncated>0</truncated>
    <difficult>0</difficult>
    <bndbox>
      <xmin>127</xmin>
      <ymin>68</ymin>
      <xmax>237</xmax>
      <ymax>240</ymax>
    </bndbox>
  </object>
  <object>
    <name>dog</name>
    <pose>Right</pose>
    <truncated>1</truncated>
    <difficult>0</difficult>
    <bndbox>
      <xmin>1</xmin>
      <ymin>217</ymin>
      <xmax>98</xmax>
      <ymax>375</ymax>
    </bndbox>
  </object>
  <object>
    <name>person</name>
    <pose>Unspecified</pose>
    <truncated>0</truncated>
    <difficult>1</difficult>
    <bndbox>
      <xmin>434</xmin>
      <ymin>35</ymin>
      <xmax>461</xmax>
      <ymax>135</ymax>
    </bndbox>
  </object>
  <object>
    <name>person</name>
    <pose>Unspecified</pose>
    <truncated>1</truncated>
    <difficult>1</difficult>
    <bndbox>
      <xmin>435</xmin>
      <ymin>17</ymin>
      <xmax>472</xmax>
      <ymax>68</ymax>
    </bndbox>
  </object>
  <object>
    <name>person</name>
    <pose>Unspecified</pose>
    <truncated>1</truncated>
    <difficult>1</difficult>
    <bndbox>
      <xmin>380</xmin>
      <ymin>27</ymin>
      <xmax>415</xmax>
      <ymax>91</ymax>
    </bndbox>
  </object>
  <object>
    <name>person</name>
    <pose>Unspecified</pose>
    <truncated>1</truncated>
    <difficult>1</difficult>
    <bndbox>
      <xmin>366</xmin>
      <ymin>47</ymin>
      <xmax>385</xmax>
      <ymax>96</ymax>
    </bndbox>
  </object>
  <object>
    <name>chair</name>
    <pose>Frontal</pose>
    <truncated>1</truncated>
    <difficult>0</difficult>
    <bndbox>
      <xmin>451</xmin>
      <ymin>83</ymin>
      <xmax>500</xmax>
      <ymax>191</ymax>
    </bndbox>
  </object>
  <object>
    <name>chair</name>
    <pose>Frontal</pose>
    <truncated>0</truncated>
    <difficult>0</difficult>
    <bndbox>
      <xmin>369</xmin>
      <ymin>83</ymin>
      <xmax>437</xmax>
      <ymax>180</ymax>
    </bndbox>
  </object>
  <object>
    <name>chair</name>
    <pose>Right</pose>
    <truncated>0</truncated>
    <difficult>0</difficult>
    <bndbox>
      <xmin>313</xmin>
      <ymin>76</ymin>
      <xmax>375</xmax>
      <ymax>137</ymax>
    </bndbox>
  </object>
  <object>
    <name>cow</name>
    <pose>Unspecified</pose>
    <truncated>0</truncated>
    <difficult>0</difficult>
    <bndbox>
      <xmin>256</xmin>
      <ymin>116</ymin>
      <xmax>403</xmax>
      <ymax>198</ymax>
    </bndbox>
  </object>
</annotation>
