<annotation>
  <folder>VOC2007</folder>
  <filename>009055.jpg</filename>
  <source>
    <database>The VOC2007 Database</database>
    <annotation>PASCAL VOC2007</annotation>
    <image>flickr</image>
    <flickrid>329814817</flickrid>
  </source>
  <owner>
    <flickrid>realityphotography</flickrid>
    <name>?</name>
  </owner>
  <size>
    <width>500</width>
    <height>332</height>
    <depth>3</depth>
  </size>
  <segmented>0</segmented>
  <object>
    <name>chair</name>
    <pose>Unspecified</pose>
    <truncated>1</truncated>
    <difficult>0</difficult>
    <bndbox>
      <xmin>143</xmin>
      <ymin>24</ymin>
      <xmax>428</xmax>
      <ymax>332</ymax>
    </bndbox>
  </object>
  <object>
    <name>chair</name>
    <pose>Unspecified</pose>
    <truncated>1</truncated>
    <difficult>1</difficult>
    <bndbox>
      <xmin>327</xmin>
      <ymin>97</ymin>
      <xmax>500</xmax>
      <ymax>332</ymax>
    </bndbox>
  </object>
  <object>
    <name>cow</name>
    <pose>Unspecified</pose>
    <truncated>0</truncated>
    <difficult>0</difficult>
    <bndbox>
      <xmin>154</xmin>
      <ymin>145</ymin>
      <xmax>301</xmax>
      <ymax>227</ymax>
    </bndbox>
  </object>
</annotation>
