<annotation>
  <folder>VOC2007</folder>
  <filename>009009.jpg</filename>
  <source>
    <database>The VOC2007 Database</database>
    <annotation>PASCAL VOC2007</annotation>
    <image>flickr</image>
    <flickrid>310673668</flickrid>
  </source>
  <owner>
    <flickrid>jwkulpa</flickrid>
    <name>?</name>
  </owner>
  <size>
    <width>400</width>
    <height>500</height>
    <depth>3</depth>
  </size>
  <segmented>0</segmented>
  <object>
    <name>chair</name>
    <pose>Frontal</pose>
    <truncated>1</truncated>
    <difficult>0</difficult>
    <bndbox>
      <xmin>256</xmin>
      <ymin>323</ymin>
      <xmax>370</xmax>
      <ymax>500</ymax>
    </bndbox>
  </object>
  <object>
    <name>cow</name>
    <pose>Unspecified</pose>
    <truncated>0</truncated>
    <difficult>0</difficult>
    <bndbox>
      <xmin>161</xmin>
      <ymin>142</ymin>
      <xmax>308</xmax>
      <ymax>224</ymax>
    </bndbox>
  </object>
</annotation>
