<annotation>
  <folder>VOC2007</folder>
  <filename>009170.jpg</filename>
  <source>
    <database>The VOC2007 Database</database>
    <annotation>PASCAL VOC2007</annotation>
    <image>flickr</image>
    <flickrid>317223121</flickrid>
  </source>
  <owner>
    <flickrid>Sumerset</flickrid>
    <name>Sumer</name>
  </owner>
  <size>
    <width>375</width>
    <height>500</height>
    <depth>3</depth>
  </size>
  <segmented>0</segmented>
  <object>
    <name>cow</name>
    <pose>Unspecified</pose>
    <truncated>0</truncated>
    <difficult>0</difficult>
    <bndbox>
      <xmin>248</xmin>
      <ymin>158</ymin>
      <xmax>362</xmax>
      <ymax>292</ymax>
    </bndbox>
  </object>
  <object>
    <name>cow</name>
    <pose>Frontal</pose>
    <truncated>0</truncated>
    <difficult>0</difficult>
    <bndbox>
      <xmin>153</xmin>
      <ymin>154</ymin>
      <xmax>207</xmax>
      <ymax>250</ymax>
    </bndbox>
  </object>
  <object>
    <name>cow</name>
    <pose>Frontal</pose>
    <truncated>0</truncated>
    <difficult>0</difficult>
    <bndbox>
      <xmin>115</xmin>
      <ymin>141</ymin>
      <xmax>141</xmax>
      <ymax>189</ymax>
    </bndbox>
  </object>
  <object>
    <name>cow</name>
    <pose>Unspecified</pose>
    <truncated>1</truncated>
    <difficult>1</difficult>
    <bndbox>
      <xmin>143</xmin>
      <ymin>134</ymin>
      <xmax>170</xmax>
      <ymax>176</ymax>
    </bndbox>
  </object>
  <object>
    <name>cow</name>
    <pose>Unspecified</pose>
    <truncated>0</truncated>
    <difficult>0</difficult>
    <bndbox>
      <xmin>29</xmin>
      <ymin>411</ymin>
      <xmax>176</xmax>
      <ymax>493</ymax>
    </bndbox>
  </object>
</annotation>
