<annotation>
  <folder>VOC2007</folder>
  <filename>009154.jpg</filename>
  <source>
    <database>The VOC2007 Database</database>
    <annotation>PASCAL VOC2007</annotation>
    <image>flickr</image>
    <flickrid>337758179</flickrid>
  </source>
  <owner>
    <flickrid>rachaelizabeth</flickrid>
    <name>rachael copp</name>
  </owner>
  <size>
    <width>480</width>
    <height>321</height>
    <depth>3</depth>
  </size>
  <segmented>0</segmented>
  <object>
    <name>diningtable</name>
    <pose>Unspecified</pose>
    <truncated>1</truncated>
    <difficult>0</difficult>
    <bndbox>
      <xmin>31</xmin>
      <ymin>116</ymin>
      <xmax>480</xmax>
      <ymax>319</ymax>
    </bndbox>
  </object>
  <object>
    <name>chair</name>
    <pose>Unspecified</pose>
    <truncated>1</truncated>
    <difficult>1</difficult>
    <bndbox>
      <xmin>370</xmin>
      <ymin>87</ymin>
      <xmax>459</xmax>
      <ymax>158</ymax>
    </bndbox>
  </object>
  <object>
    <name>chair</name>
    <pose>Unspecified</pose>
    <truncated>1</truncated>
    <difficult>1</difficult>
    <bndbox>
      <xmin>268</xmin>
      <ymin>78</ymin>
      <xmax>336</xmax>
      <ymax>141</ymax>
    </bndbox>
  </object>
  <object>
    <name>chair</name>
    <pose>Unspecified</pose>
    <truncated>1</truncated>
    <difficult>1</difficult>
    <bndbox>
      <xmin>116</xmin>
      <ymin>76</ymin>
      <xmax>187</xmax>
      <ymax>124</ymax>
    </bndbox>
  </object>
  <object>
    <name>chair</name>
    <pose>Unspecified</pose>
    <truncated>1</truncated>
    <difficult>1</difficult>
    <bndbox>
      <xmin>7</xmin>
      <ymin>203</ymin>
      <xmax>144</xmax>
      <ymax>292</ymax>
    </bndbox>
  </object>
  <object>
    <name>diningtable</name>
    <pose>Unspecified</pose>
    <truncated>1</truncated>
    <difficult>1</difficult>
    <bndbox>
      <xmin>2</xmin>
      <ymin>90</ymin>
      <xmax>39</xmax>
      <ymax>156</ymax>
    </bndbox>
  </object>
  <object>
    <name>chair</name>
    <pose>Unspecified</pose>
    <truncated>1</truncated>
    <difficult>1</difficult>
    <bndbox>
      <xmin>31</xmin>
      <ymin>66</ymin>
      <xmax>67</xmax>
      <ymax>107</ymax>
    </bndbox>
  </object>
  <object>
    <name>chair</name>
    <pose>Unspecified</pose>
    <truncated>1</truncated>
    <difficult>1</difficult>
    <bndbox>
      <xmin>17</xmin>
      <ymin>70</ymin>
      <xmax>93</xmax>
      <ymax>142</ymax>
    </bndbox>
  </object>
  <object>
    <name>cow</name>
    <pose>Unspecified</pose>
    <truncated>0</truncated>
    <difficult>0</difficult>
    <bndbox>
      <xmin>192</xmin>
      <ymin>188</ymin>
      <xmax>339</xmax>
      <ymax>270</ymax>
    </bndbox>
  </object>
</annotation>
