<annotation>
  <folder>VOC2007</folder>
  <filename>009109.jpg</filename>
  <source>
    <database>The VOC2007 Database</database>
    <annotation>PASCAL VOC2007</annotation>
    <image>flickr</image>
    <flickrid>334488849</flickrid>
  </source>
  <owner>
    <flickrid>undomestic</flickrid>
    <name>Kim</name>
  </owner>
  <size>
    <width>500</width>
    <height>345</height>
    <depth>3</depth>
  </size>
  <segmented>0</segmented>
  <object>
    <name>chair</name>
    <pose>Unspecified</pose>
    <truncated>1</truncated>
    <difficult>1</difficult>
    <bndbox>
      <xmin>97</xmin>
      <ymin>217</ymin>
      <xmax>171</xmax>
      <ymax>255</ymax>
    </bndbox>
  </object>
  <object>
    <name>chair</name>
    <pose>Unspecified</pose>
    <truncated>1</truncated>
    <difficult>1</difficult>
    <bndbox>
      <xmin>202</xmin>
      <ymin>227</ymin>
      <xmax>295</xmax>
      <ymax>272</ymax>
    </bndbox>
  </object>
  <object>
    <name>chair</name>
    <pose>Unspecified</pose>
    <truncated>1</truncated>
    <difficult>1</difficult>
    <bndbox>
      <xmin>348</xmin>
      <ymin>239</ymin>
      <xmax>454</xmax>
      <ymax>289</ymax>
    </bndbox>
  </object>
  <object>
    <name>diningtable</name>
    <pose>Unspecified</pose>
    <truncated>1</truncated>
    <difficult>0</difficult>
    <bndbox>
      <xmin>1</xmin>
      <ymin>238</ymin>
      <xmax>500</xmax>
      <ymax>345</ymax>
    </bndbox>
  </object>
  <object>
    <name>cow</name>
    <pose>Unspecified</pose>
    <truncated>0</truncated>
    <difficult>0</difficult>
    <bndbox>
      <xmin>69</xmin>
      <ymin>129</ymin>
      <xmax>216</xmax>
      <ymax>211</ymax>
    </bndbox>
  </object>
</annotation>
