<annotation>
  <folder>VOC2007</folder>
  <filename>009294.jpg</filename>
  <source>
    <database>The VOC2007 Database</database>
    <annotation>PASCAL VOC2007</annotation>
    <image>flickr</image>
    <flickrid>335149395</flickrid>
  </source>
  <owner>
    <flickrid>goldenticketstudios</flickrid>
    <name>Golden Ticket</name>
  </owner>
  <size>
    <width>332</width>
    <height>500</height>
    <depth>3</depth>
  </size>
  <segmented>0</segmented>
  <object>
    <name>person</name>
    <pose>Unspecified</pose>
    <truncated>1</truncated>
    <difficult>0</difficult>
    <part>
      <name>head</name>
      <bndbox>
        <xmin>140</xmin>
        <ymin>197</ymin>
        <xmax>207</xmax>
        <ymax>284</ymax>
      </bndbox>
    </part>
    <part>
      <name>hand</name>
      <bndbox>
        <xmin>132</xmin>
        <ymin>383</ymin>
        <xmax>180</xmax>
        <ymax>422</ymax>
      </bndbox>
    </part>
    <part>
      <name>hand</name>
      <bndbox>
        <xmin>110</xmin>
        <ymin>386</ymin>
        <xmax>145</xmax>
        <ymax>418</ymax>
      </bndbox>
    </part>
    <bndbox>
      <xmin>66</xmin>
      <ymin>197</ymin>
      <xmax>289</xmax>
      <ymax>500</ymax>
    </bndbox>
  </object>
  <object>
    <name>chair</name>
    <pose>Unspecified</pose>
    <truncated>1</truncated>
    <difficult>0</difficult>
    <bndbox>
      <xmin>1</xmin>
      <ymin>246</ymin>
      <xmax>276</xmax>
      <ymax>500</ymax>
    </bndbox>
  </object>
  <object>
    <name>cow</name>
    <pose>Unspecified</pose>
    <truncated>0</truncated>
    <difficult>0</difficult>
    <bndbox>
      <xmin>51</xmin>
      <ymin>289</ymin>
      <xmax>198</xmax>
      <ymax>371</ymax>
    </bndbox>
  </object>
</annotation>
