<annotation>
  <folder>VOC2007</folder>
  <filename>009366.jpg</filename>
  <source>
    <database>The VOC2007 Database</database>
    <annotation>PASCAL VOC2007</annotation>
    <image>flickr</image>
    <flickrid>338735772</flickrid>
  </source>
  <owner>
    <flickrid>baobee</flickrid>
    <name>Lisa Tsang</name>
  </owner>
  <size>
    <width>334</width>
    <height>500</height>
    <depth>3</depth>
  </size>
  <segmented>0</segmented>
  <object>
    <name>bottle</name>
    <pose>Unspecified</pose>
    <truncated>1</truncated>
    <difficult>0</difficult>
    <bndbox>
      <xmin>14</xmin>
      <ymin>4</ymin>
      <xmax>158</xmax>
      <ymax>469</ymax>
    </bndbox>
  </object>
  <object>
    <name>cow</name>
    <pose>Unspecified</pose>
    <truncated>0</truncated>
    <difficult>0</difficult>
    <bndbox>
      <xmin>30</xmin>
      <ymin>42</ymin>
      <xmax>177</xmax>
      <ymax>124</ymax>
    </bndbox>
  </object>
</annotation>
