<annotation>
  <folder>VOC2007</folder>
  <filename>009450.jpg</filename>
  <source>
    <database>The VOC2007 Database</database>
    <annotation>PASCAL VOC2007</annotation>
    <image>flickr</image>
    <flickrid>308569057</flickrid>
  </source>
  <owner>
    <flickrid>kellywebber</flickrid>
    <name>?</name>
  </owner>
  <size>
    <width>375</width>
    <height>500</height>
    <depth>3</depth>
  </size>
  <segmented>0</segmented>
  <object>
    <name>cow</name>
    <pose>Unspecified</pose>
    <truncated>0</truncated>
    <difficult>0</difficult>
    <bndbox>
      <xmin>243</xmin>
      <ymin>170</ymin>
      <xmax>375</xmax>
      <ymax>334</ymax>
    </bndbox>
  </object>
  <object>
    <name>cow</name>
    <pose>Unspecified</pose>
    <truncated>0</truncated>
    <difficult>0</difficult>
    <bndbox>
      <xmin>30</xmin>
      <ymin>153</ymin>
      <xmax>166</xmax>
      <ymax>329</ymax>
    </bndbox>
  </object>
  <object>
    <name>cow</name>
    <pose>Left</pose>
    <truncated>1</truncated>
    <difficult>0</difficult>
    <bndbox>
      <xmin>1</xmin>
      <ymin>141</ymin>
      <xmax>96</xmax>
      <ymax>242</ymax>
    </bndbox>
  </object>
  <object>
    <name>cow</name>
    <pose>Left</pose>
    <truncated>1</truncated>
    <difficult>0</difficult>
    <bndbox>
      <xmin>160</xmin>
      <ymin>119</ymin>
      <xmax>281</xmax>
      <ymax>173</ymax>
    </bndbox>
  </object>
  <object>
    <name>cow</name>
    <pose>Unspecified</pose>
    <truncated>0</truncated>
    <difficult>1</difficult>
    <bndbox>
      <xmin>193</xmin>
      <ymin>160</ymin>
      <xmax>220</xmax>
      <ymax>231</ymax>
    </bndbox>
  </object>
  <object>
    <name>cow</name>
    <pose>Frontal</pose>
    <truncated>1</truncated>
    <difficult>0</difficult>
    <bndbox>
      <xmin>117</xmin>
      <ymin>119</ymin>
      <xmax>192</xmax>
      <ymax>237</ymax>
    </bndbox>
  </object>
  <object>
    <name>cow</name>
    <pose>Unspecified</pose>
    <truncated>0</truncated>
    <difficult>0</difficult>
    <bndbox>
      <xmin>125</xmin>
      <ymin>34</ymin>
      <xmax>272</xmax>
      <ymax>116</ymax>
    </bndbox>
  </object>
</annotation>
