<annotation>
  <folder>VOC2007</folder>
  <filename>009400.jpg</filename>
  <source>
    <database>The VOC2007 Database</database>
    <annotation>PASCAL VOC2007</annotation>
    <image>flickr</image>
    <flickrid>340526862</flickrid>
  </source>
  <owner>
    <flickrid>julesangel</flickrid>
    <name>Jules</name>
  </owner>
  <size>
    <width>500</width>
    <height>333</height>
    <depth>3</depth>
  </size>
  <segmented>0</segmented>
  <object>
    <name>cow</name>
    <pose>Unspecified</pose>
    <truncated>0</truncated>
    <difficult>0</difficult>
    <bndbox>
      <xmin>352</xmin>
      <ymin>134</ymin>
      <xmax>429</xmax>
      <ymax>260</ymax>
    </bndbox>
  </object>
  <object>
    <name>cow</name>
    <pose>Unspecified</pose>
    <truncated>0</truncated>
    <difficult>0</difficult>
    <bndbox>
      <xmin>305</xmin>
      <ymin>96</ymin>
      <xmax>452</xmax>
      <ymax>178</ymax>
    </bndbox>
  </object>
</annotation>
