<annotation>
  <folder>VOC2007</folder>
  <filename>009435.jpg</filename>
  <source>
    <database>The VOC2007 Database</database>
    <annotation>PASCAL VOC2007</annotation>
    <image>flickr</image>
    <flickrid>314482050</flickrid>
  </source>
  <owner>
    <flickrid>jeenybeen</flickrid>
    <name>Jean Morrison Phillips</name>
  </owner>
  <size>
    <width>500</width>
    <height>333</height>
    <depth>3</depth>
  </size>
  <segmented>1</segmented>
  <object>
    <name>chair</name>
    <pose>Frontal</pose>
    <truncated>0</truncated>
    <difficult>0</difficult>
    <bndbox>
      <xmin>376</xmin>
      <ymin>141</ymin>
      <xmax>500</xmax>
      <ymax>294</ymax>
    </bndbox>
  </object>
  <object>
    <name>sofa</name>
    <pose>Unspecified</pose>
    <truncated>0</truncated>
    <difficult>0</difficult>
    <bndbox>
      <xmin>1</xmin>
      <ymin>138</ymin>
      <xmax>252</xmax>
      <ymax>328</ymax>
    </bndbox>
  </object>
  <object>
    <name>cow</name>
    <pose>Unspecified</pose>
    <truncated>0</truncated>
    <difficult>0</difficult>
    <bndbox>
      <xmin>111</xmin>
      <ymin>98</ymin>
      <xmax>258</xmax>
      <ymax>180</ymax>
    </bndbox>
  </object>
</annotation>
