<annotation>
  <folder>VOC2007</folder>
  <filename>009478.jpg</filename>
  <source>
    <database>The VOC2007 Database</database>
    <annotation>PASCAL VOC2007</annotation>
    <image>flickr</image>
    <flickrid>326319485</flickrid>
  </source>
  <owner>
    <flickrid>ginacarlin</flickrid>
    <name>?</name>
  </owner>
  <size>
    <width>448</width>
    <height>336</height>
    <depth>3</depth>
  </size>
  <segmented>0</segmented>
  <object>
    <name>chair</name>
    <pose>Frontal</pose>
    <truncated>1</truncated>
    <difficult>0</difficult>
    <bndbox>
      <xmin>213</xmin>
      <ymin>1</ymin>
      <xmax>446</xmax>
      <ymax>316</ymax>
    </bndbox>
  </object>
  <object>
    <name>person</name>
    <pose>Unspecified</pose>
    <truncated>1</truncated>
    <difficult>0</difficult>
    <bndbox>
      <xmin>96</xmin>
      <ymin>25</ymin>
      <xmax>309</xmax>
      <ymax>336</ymax>
    </bndbox>
    <part>
      <name>head</name>
      <bndbox>
        <xmin>170.5067</xmin>
        <ymin>22.8875</ymin>
        <xmax>286.3947</xmax>
        <ymax>179.0353</ymax>
      </bndbox>
    </part>
    <part>
      <name>hand</name>
      <bndbox>
        <xmin>96.3835</xmin>
        <ymin>239.2368</ymin>
        <xmax>160.3477</xmax>
        <ymax>276.8628</ymax>
      </bndbox>
    </part>
    <part>
      <name>hand</name>
      <bndbox>
        <xmin>126.1081</xmin>
        <ymin>278.7441</ymin>
        <xmax>194.2111</xmax>
        <ymax>333.3018</ymax>
      </bndbox>
    </part>
  </object>
  <object>
    <name>tvmonitor</name>
    <pose>Unspecified</pose>
    <truncated>1</truncated>
    <difficult>1</difficult>
    <bndbox>
      <xmin>1</xmin>
      <ymin>1</ymin>
      <xmax>79</xmax>
      <ymax>266</ymax>
    </bndbox>
  </object>
  <object>
    <name>cow</name>
    <pose>Unspecified</pose>
    <truncated>0</truncated>
    <difficult>0</difficult>
    <bndbox>
      <xmin>22</xmin>
      <ymin>34</ymin>
      <xmax>169</xmax>
      <ymax>116</ymax>
    </bndbox>
  </object>
</annotation>
