<annotation>
  <folder>VOC2007</folder>
  <filename>009626.jpg</filename>
  <source>
    <database>The VOC2007 Database</database>
    <annotation>PASCAL VOC2007</annotation>
    <image>flickr</image>
    <flickrid>334499730</flickrid>
  </source>
  <owner>
    <flickrid>hilaryorourke</flickrid>
    <name>?</name>
  </owner>
  <size>
    <width>500</width>
    <height>375</height>
    <depth>3</depth>
  </size>
  <segmented>0</segmented>
  <object>
    <name>sofa</name>
    <pose>Frontal</pose>
    <truncated>0</truncated>
    <difficult>0</difficult>
    <bndbox>
      <xmin>2</xmin>
      <ymin>129</ymin>
      <xmax>486</xmax>
      <ymax>353</ymax>
    </bndbox>
  </object>
  <object>
    <name>person</name>
    <pose>Unspecified</pose>
    <truncated>0</truncated>
    <difficult>0</difficult>
    <bndbox>
      <xmin>35</xmin>
      <ymin>147</ymin>
      <xmax>441</xmax>
      <ymax>275</ymax>
    </bndbox>
    <part>
      <name>head</name>
      <bndbox>
        <xmin>367.0995</xmin>
        <ymin>177.5833</ymin>
        <xmax>416.8306</xmax>
        <ymax>224.6263</ymax>
      </bndbox>
    </part>
    <part>
      <name>hand</name>
      <bndbox>
        <xmin>418.1747</xmin>
        <ymin>176.2392</ymin>
        <xmax>440.3522</xmax>
        <ymax>198.4167</ymax>
      </bndbox>
    </part>
    <part>
      <name>hand</name>
      <bndbox>
        <xmin>249.4919</xmin>
        <ymin>248.8199</ymin>
        <xmax>287.1263</xmax>
        <ymax>273.6855</ymax>
      </bndbox>
    </part>
    <part>
      <name>foot</name>
      <bndbox>
        <xmin>133.2285</xmin>
        <ymin>220.5941</ymin>
        <xmax>191.0242</xmax>
        <ymax>232.6909</ymax>
      </bndbox>
    </part>
    <part>
      <name>foot</name>
      <bndbox>
        <xmin>33.7661</xmin>
        <ymin>210.5134</ymin>
        <xmax>70.0565</xmax>
        <ymax>260.2446</ymax>
      </bndbox>
    </part>
  </object>
  <object>
    <name>bottle</name>
    <pose>Unspecified</pose>
    <truncated>1</truncated>
    <difficult>0</difficult>
    <bndbox>
      <xmin>348</xmin>
      <ymin>316</ymin>
      <xmax>374</xmax>
      <ymax>374</ymax>
    </bndbox>
  </object>
  <object>
    <name>cow</name>
    <pose>Unspecified</pose>
    <truncated>0</truncated>
    <difficult>0</difficult>
    <bndbox>
      <xmin>318</xmin>
      <ymin>232</ymin>
      <xmax>465</xmax>
      <ymax>314</ymax>
    </bndbox>
  </object>
</annotation>
