<annotation>
  <folder>VOC2007</folder>
  <filename>009651.jpg</filename>
  <source>
    <database>The VOC2007 Database</database>
    <annotation>PASCAL VOC2007</annotation>
    <image>flickr</image>
    <flickrid>331793112</flickrid>
  </source>
  <owner>
    <flickrid>Carls Life</flickrid>
    <name>Carl Dobson</name>
  </owner>
  <size>
    <width>500</width>
    <height>375</height>
    <depth>3</depth>
  </size>
  <segmented>0</segmented>
  <object>
    <name>sofa</name>
    <pose>Unspecified</pose>
    <truncated>1</truncated>
    <difficult>1</difficult>
    <bndbox>
      <xmin>3</xmin>
      <ymin>163</ymin>
      <xmax>233</xmax>
      <ymax>375</ymax>
    </bndbox>
  </object>
  <object>
    <name>chair</name>
    <pose>Unspecified</pose>
    <truncated>1</truncated>
    <difficult>1</difficult>
    <bndbox>
      <xmin>252</xmin>
      <ymin>128</ymin>
      <xmax>405</xmax>
      <ymax>335</ymax>
    </bndbox>
  </object>
  <object>
    <name>person</name>
    <pose>Frontal</pose>
    <truncated>1</truncated>
    <difficult>0</difficult>
    <bndbox>
      <xmin>97</xmin>
      <ymin>21</ymin>
      <xmax>405</xmax>
      <ymax>375</ymax>
    </bndbox>
    <part>
      <name>head</name>
      <bndbox>
        <xmin>197.7446</xmin>
        <ymin>20.9973</ymin>
        <xmax>285.1102</xmax>
        <ymax>131.8844</ymax>
      </bndbox>
    </part>
    <part>
      <name>hand</name>
      <bndbox>
        <xmin>330.1371</xmin>
        <ymin>248.1478</ymin>
        <xmax>404.7339</xmax>
        <ymax>318.7124</ymax>
      </bndbox>
    </part>
  </object>
  <object>
    <name>cow</name>
    <pose>Unspecified</pose>
    <truncated>0</truncated>
    <difficult>0</difficult>
    <bndbox>
      <xmin>82</xmin>
      <ymin>167</ymin>
      <xmax>229</xmax>
      <ymax>249</ymax>
    </bndbox>
  </object>
</annotation>
