<annotation>
  <folder>VOC2007</folder>
  <filename>009689.jpg</filename>
  <source>
    <database>The VOC2007 Database</database>
    <annotation>PASCAL VOC2007</annotation>
    <image>flickr</image>
    <flickrid>320654199</flickrid>
  </source>
  <owner>
    <flickrid>afterglew</flickrid>
    <name>Derek MacDonald</name>
  </owner>
  <size>
    <width>500</width>
    <height>375</height>
    <depth>3</depth>
  </size>
  <segmented>0</segmented>
  <object>
    <name>tvmonitor</name>
    <pose>Frontal</pose>
    <truncated>0</truncated>
    <difficult>0</difficult>
    <bndbox>
      <xmin>235</xmin>
      <ymin>53</ymin>
      <xmax>327</xmax>
      <ymax>141</ymax>
    </bndbox>
  </object>
  <object>
    <name>chair</name>
    <pose>Rear</pose>
    <truncated>0</truncated>
    <difficult>0</difficult>
    <bndbox>
      <xmin>257</xmin>
      <ymin>164</ymin>
      <xmax>443</xmax>
      <ymax>373</ymax>
    </bndbox>
  </object>
  <object>
    <name>cow</name>
    <pose>Unspecified</pose>
    <truncated>0</truncated>
    <difficult>0</difficult>
    <bndbox>
      <xmin>325</xmin>
      <ymin>37</ymin>
      <xmax>472</xmax>
      <ymax>119</ymax>
    </bndbox>
  </object>
</annotation>
