<annotation>
  <folder>VOC2007</folder>
  <filename>009760.jpg</filename>
  <source>
    <database>The VOC2007 Database</database>
    <annotation>PASCAL VOC2007</annotation>
    <image>flickr</image>
    <flickrid>337314280</flickrid>
  </source>
  <owner>
    <flickrid>Triotex</flickrid>
    <name>Philipp Naderer</name>
  </owner>
  <size>
    <width>500</width>
    <height>375</height>
    <depth>3</depth>
  </size>
  <segmented>0</segmented>
  <object>
    <name>cow</name>
    <pose>Left</pose>
    <truncated>0</truncated>
    <difficult>0</difficult>
    <bndbox>
      <xmin>50</xmin>
      <ymin>82</ymin>
      <xmax>500</xmax>
      <ymax>367</ymax>
    </bndbox>
  </object>
  <object>
    <name>cow</name>
    <pose>Unspecified</pose>
    <truncated>0</truncated>
    <difficult>0</difficult>
    <bndbox>
      <xmin>131</xmin>
      <ymin>36</ymin>
      <xmax>278</xmax>
      <ymax>118</ymax>
    </bndbox>
  </object>
</annotation>
