<annotation>
  <folder>VOC2007</folder>
  <filename>009742.jpg</filename>
  <source>
    <database>The VOC2007 Database</database>
    <annotation>PASCAL VOC2007</annotation>
    <image>flickr</image>
    <flickrid>336697838</flickrid>
  </source>
  <owner>
    <flickrid>in vino veritas</flickrid>
    <name>Verity Halliday</name>
  </owner>
  <size>
    <width>500</width>
    <height>433</height>
    <depth>3</depth>
  </size>
  <segmented>0</segmented>
  <object>
    <name>chair</name>
    <pose>Unspecified</pose>
    <truncated>1</truncated>
    <difficult>1</difficult>
    <bndbox>
      <xmin>2</xmin>
      <ymin>7</ymin>
      <xmax>143</xmax>
      <ymax>170</ymax>
    </bndbox>
  </object>
  <object>
    <name>diningtable</name>
    <pose>Unspecified</pose>
    <truncated>1</truncated>
    <difficult>0</difficult>
    <bndbox>
      <xmin>2</xmin>
      <ymin>87</ymin>
      <xmax>500</xmax>
      <ymax>433</ymax>
    </bndbox>
  </object>
  <object>
    <name>chair</name>
    <pose>Unspecified</pose>
    <truncated>1</truncated>
    <difficult>1</difficult>
    <bndbox>
      <xmin>415</xmin>
      <ymin>1</ymin>
      <xmax>500</xmax>
      <ymax>119</ymax>
    </bndbox>
  </object>
  <object>
    <name>cow</name>
    <pose>Unspecified</pose>
    <truncated>0</truncated>
    <difficult>0</difficult>
    <bndbox>
      <xmin>39</xmin>
      <ymin>276</ymin>
      <xmax>186</xmax>
      <ymax>358</ymax>
    </bndbox>
  </object>
</annotation>
