<annotation>
  <folder>VOC2007</folder>
  <filename>009812.jpg</filename>
  <source>
    <database>The VOC2007 Database</database>
    <annotation>PASCAL VOC2007</annotation>
    <image>flickr</image>
    <flickrid>301556956</flickrid>
  </source>
  <owner>
    <flickrid>UrbanDorothy</flickrid>
    <name>Kristina Gibb</name>
  </owner>
  <size>
    <width>334</width>
    <height>500</height>
    <depth>3</depth>
  </size>
  <segmented>0</segmented>
  <object>
    <name>sofa</name>
    <pose>Unspecified</pose>
    <truncated>1</truncated>
    <difficult>1</difficult>
    <bndbox>
      <xmin>2</xmin>
      <ymin>308</ymin>
      <xmax>333</xmax>
      <ymax>462</ymax>
    </bndbox>
  </object>
  <object>
    <name>person</name>
    <pose>Unspecified</pose>
    <truncated>1</truncated>
    <difficult>0</difficult>
    <bndbox>
      <xmin>8</xmin>
      <ymin>203</ymin>
      <xmax>186</xmax>
      <ymax>496</ymax>
    </bndbox>
    <part>
      <name>head</name>
      <bndbox>
        <xmin>50.2586</xmin>
        <ymin>204.2931</ymin>
        <xmax>133.0172</xmax>
        <ymax>307.7414</ymax>
      </bndbox>
    </part>
    <part>
      <name>hand</name>
      <bndbox>
        <xmin>139.2241</xmin>
        <ymin>265.6724</ymin>
        <xmax>175.7759</xmax>
        <ymax>299.4655</ymax>
      </bndbox>
    </part>
  </object>
  <object>
    <name>diningtable</name>
    <pose>Unspecified</pose>
    <truncated>1</truncated>
    <difficult>0</difficult>
    <bndbox>
      <xmin>98</xmin>
      <ymin>340</ymin>
      <xmax>333</xmax>
      <ymax>499</ymax>
    </bndbox>
  </object>
  <object>
    <name>cow</name>
    <pose>Unspecified</pose>
    <truncated>0</truncated>
    <difficult>0</difficult>
    <bndbox>
      <xmin>113</xmin>
      <ymin>316</ymin>
      <xmax>260</xmax>
      <ymax>398</ymax>
    </bndbox>
  </object>
</annotation>
