<annotation>
  <folder>VOC2007</folder>
  <filename>009802.jpg</filename>
  <source>
    <database>The VOC2007 Database</database>
    <annotation>PASCAL VOC2007</annotation>
    <image>flickr</image>
    <flickrid>339271812</flickrid>
  </source>
  <owner>
    <flickrid>hippeemommy</flickrid>
    <name>Jenna B</name>
  </owner>
  <size>
    <width>500</width>
    <height>375</height>
    <depth>3</depth>
  </size>
  <segmented>0</segmented>
  <object>
    <name>dog</name>
    <pose>Unspecified</pose>
    <truncated>0</truncated>
    <difficult>0</difficult>
    <bndbox>
      <xmin>47</xmin>
      <ymin>218</ymin>
      <xmax>190</xmax>
      <ymax>375</ymax>
    </bndbox>
  </object>
  <object>
    <name>dog</name>
    <pose>Unspecified</pose>
    <truncated>1</truncated>
    <difficult>0</difficult>
    <bndbox>
      <xmin>76</xmin>
      <ymin>113</ymin>
      <xmax>264</xmax>
      <ymax>255</ymax>
    </bndbox>
  </object>
  <object>
    <name>person</name>
    <pose>Unspecified</pose>
    <truncated>0</truncated>
    <difficult>0</difficult>
    <bndbox>
      <xmin>102</xmin>
      <ymin>25</ymin>
      <xmax>427</xmax>
      <ymax>368</ymax>
    </bndbox>
    <part>
      <name>head</name>
      <bndbox>
        <xmin>243.3177</xmin>
        <ymin>24.4641</ymin>
        <xmax>340.5552</xmax>
        <ymax>116.1768</ymax>
      </bndbox>
    </part>
    <part>
      <name>hand</name>
      <bndbox>
        <xmin>336.6878</xmin>
        <ymin>96.2873</ymin>
        <xmax>377.5718</xmax>
        <ymax>126.674</ymax>
      </bndbox>
    </part>
    <part>
      <name>hand</name>
      <bndbox>
        <xmin>99.6713</xmin>
        <ymin>200.1547</ymin>
        <xmax>157.6823</xmax>
        <ymax>232.1989</ymax>
      </bndbox>
    </part>
    <part>
      <name>foot</name>
      <bndbox>
        <xmin>202.9862</xmin>
        <ymin>310.0994</ymin>
        <xmax>238.3453</xmax>
        <ymax>362.5856</ymax>
      </bndbox>
    </part>
    <part>
      <name>foot</name>
      <bndbox>
        <xmin>170.942</xmin>
        <ymin>320.5967</ymin>
        <xmax>207.9586</xmax>
        <ymax>368.1105</ymax>
      </bndbox>
    </part>
  </object>
  <object>
    <name>chair</name>
    <pose>Frontal</pose>
    <truncated>1</truncated>
    <difficult>0</difficult>
    <bndbox>
      <xmin>1</xmin>
      <ymin>1</ymin>
      <xmax>461</xmax>
      <ymax>375</ymax>
    </bndbox>
  </object>
  <object>
    <name>cow</name>
    <pose>Unspecified</pose>
    <truncated>0</truncated>
    <difficult>0</difficult>
    <bndbox>
      <xmin>108</xmin>
      <ymin>79</ymin>
      <xmax>255</xmax>
      <ymax>161</ymax>
    </bndbox>
  </object>
</annotation>
