<annotation>
  <folder>VOC2007</folder>
  <filename>009891.jpg</filename>
  <source>
    <database>The VOC2007 Database</database>
    <annotation>PASCAL VOC2007</annotation>
    <image>flickr</image>
    <flickrid>326445091</flickrid>
  </source>
  <owner>
    <flickrid>PROFESSOR ?HRISGO</flickrid>
    <name>Chris Thomas</name>
  </owner>
  <size>
    <width>500</width>
    <height>333</height>
    <depth>3</depth>
  </size>
  <segmented>0</segmented>
  <object>
    <name>bottle</name>
    <pose>Unspecified</pose>
    <truncated>1</truncated>
    <difficult>0</difficult>
    <bndbox>
      <xmin>22</xmin>
      <ymin>1</ymin>
      <xmax>125</xmax>
      <ymax>188</ymax>
    </bndbox>
  </object>
  <object>
    <name>cow</name>
    <pose>Unspecified</pose>
    <truncated>0</truncated>
    <difficult>0</difficult>
    <bndbox>
      <xmin>24</xmin>
      <ymin>52</ymin>
      <xmax>171</xmax>
      <ymax>134</ymax>
    </bndbox>
  </object>
</annotation>
