<annotation>
  <folder>VOC2007</folder>
  <filename>009871.jpg</filename>
  <source>
    <database>The VOC2007 Database</database>
    <annotation>PASCAL VOC2007</annotation>
    <image>flickr</image>
    <flickrid>337947828</flickrid>
  </source>
  <owner>
    <flickrid>Nlaspf</flickrid>
    <name>Nic</name>
  </owner>
  <size>
    <width>500</width>
    <height>375</height>
    <depth>3</depth>
  </size>
  <segmented>0</segmented>
  <object>
    <name>person</name>
    <pose>Right</pose>
    <truncated>1</truncated>
    <difficult>0</difficult>
    <bndbox>
      <xmin>177</xmin>
      <ymin>37</ymin>
      <xmax>497</xmax>
      <ymax>375</ymax>
    </bndbox>
    <part>
      <name>head</name>
      <bndbox>
        <xmin>251.605</xmin>
        <ymin>34.9613</ymin>
        <xmax>352.1575</xmax>
        <ymax>153.1934</ymax>
      </bndbox>
    </part>
    <part>
      <name>hand</name>
      <bndbox>
        <xmin>412.3785</xmin>
        <ymin>296.2873</ymin>
        <xmax>462.6547</xmax>
        <ymax>331.6464</ymax>
      </bndbox>
    </part>
    <part>
      <name>hand</name>
      <bndbox>
        <xmin>422.3232</xmin>
        <ymin>339.3812</ymin>
        <xmax>489.174</xmax>
        <ymax>375</ymax>
      </bndbox>
    </part>
  </object>
  <object>
    <name>person</name>
    <pose>Unspecified</pose>
    <truncated>1</truncated>
    <difficult>0</difficult>
    <bndbox>
      <xmin>51</xmin>
      <ymin>82</ymin>
      <xmax>200</xmax>
      <ymax>375</ymax>
    </bndbox>
    <part>
      <name>head</name>
      <bndbox>
        <xmin>86.9641</xmin>
        <ymin>85.2376</ymin>
        <xmax>158.7873</xmax>
        <ymax>168.663</ymax>
      </bndbox>
    </part>
    <part>
      <name>hand</name>
      <bndbox>
        <xmin>174.8094</xmin>
        <ymin>192.4199</ymin>
        <xmax>196.9088</xmax>
        <ymax>225.5691</ymax>
      </bndbox>
    </part>
  </object>
  <object>
    <name>bottle</name>
    <pose>Unspecified</pose>
    <truncated>1</truncated>
    <difficult>0</difficult>
    <bndbox>
      <xmin>396</xmin>
      <ymin>15</ymin>
      <xmax>412</xmax>
      <ymax>75</ymax>
    </bndbox>
  </object>
  <object>
    <name>bottle</name>
    <pose>Unspecified</pose>
    <truncated>1</truncated>
    <difficult>0</difficult>
    <bndbox>
      <xmin>373</xmin>
      <ymin>22</ymin>
      <xmax>402</xmax>
      <ymax>82</ymax>
    </bndbox>
  </object>
  <object>
    <name>cow</name>
    <pose>Unspecified</pose>
    <truncated>0</truncated>
    <difficult>0</difficult>
    <bndbox>
      <xmin>217</xmin>
      <ymin>8</ymin>
      <xmax>364</xmax>
      <ymax>90</ymax>
    </bndbox>
  </object>
</annotation>
