<annotation>
  <folder>VOC2007</folder>
  <filename>009916.jpg</filename>
  <source>
    <database>The VOC2007 Database</database>
    <annotation>PASCAL VOC2007</annotation>
    <image>flickr</image>
    <flickrid>277944652</flickrid>
  </source>
  <owner>
    <flickrid>Room With A View</flickrid>
    <name>Karin</name>
  </owner>
  <size>
    <width>500</width>
    <height>375</height>
    <depth>3</depth>
  </size>
  <segmented>0</segmented>
  <object>
    <name>chair</name>
    <pose>Unspecified</pose>
    <truncated>1</truncated>
    <difficult>0</difficult>
    <bndbox>
      <xmin>217</xmin>
      <ymin>84</ymin>
      <xmax>271</xmax>
      <ymax>166</ymax>
    </bndbox>
  </object>
  <object>
    <name>sofa</name>
    <pose>Frontal</pose>
    <truncated>0</truncated>
    <difficult>0</difficult>
    <bndbox>
      <xmin>17</xmin>
      <ymin>96</ymin>
      <xmax>256</xmax>
      <ymax>250</ymax>
    </bndbox>
  </object>
  <object>
    <name>chair</name>
    <pose>Left</pose>
    <truncated>0</truncated>
    <difficult>0</difficult>
    <bndbox>
      <xmin>278</xmin>
      <ymin>110</ymin>
      <xmax>439</xmax>
      <ymax>269</ymax>
    </bndbox>
  </object>
  <object>
    <name>cow</name>
    <pose>Unspecified</pose>
    <truncated>0</truncated>
    <difficult>0</difficult>
    <bndbox>
      <xmin>166</xmin>
      <ymin>8</ymin>
      <xmax>313</xmax>
      <ymax>90</ymax>
    </bndbox>
  </object>
</annotation>
