<annotation>
  <folder>VOC2007</folder>
  <filename>009914.jpg</filename>
  <source>
    <database>The VOC2007 Database</database>
    <annotation>PASCAL VOC2007</annotation>
    <image>flickr</image>
    <flickrid>173622615</flickrid>
  </source>
  <owner>
    <flickrid>ScottD_Arch</flickrid>
    <name>Scott</name>
  </owner>
  <size>
    <width>500</width>
    <height>375</height>
    <depth>3</depth>
  </size>
  <segmented>0</segmented>
  <object>
    <name>tvmonitor</name>
    <pose>Unspecified</pose>
    <truncated>0</truncated>
    <difficult>1</difficult>
    <bndbox>
      <xmin>276</xmin>
      <ymin>224</ymin>
      <xmax>314</xmax>
      <ymax>255</ymax>
    </bndbox>
  </object>
  <object>
    <name>tvmonitor</name>
    <pose>Unspecified</pose>
    <truncated>0</truncated>
    <difficult>1</difficult>
    <bndbox>
      <xmin>313</xmin>
      <ymin>223</ymin>
      <xmax>353</xmax>
      <ymax>255</ymax>
    </bndbox>
  </object>
  <object>
    <name>chair</name>
    <pose>Left</pose>
    <truncated>0</truncated>
    <difficult>0</difficult>
    <bndbox>
      <xmin>305</xmin>
      <ymin>253</ymin>
      <xmax>365</xmax>
      <ymax>340</ymax>
    </bndbox>
  </object>
  <object>
    <name>cow</name>
    <pose>Unspecified</pose>
    <truncated>0</truncated>
    <difficult>0</difficult>
    <bndbox>
      <xmin>187</xmin>
      <ymin>183</ymin>
      <xmax>334</xmax>
      <ymax>265</ymax>
    </bndbox>
  </object>
</annotation>
