<annotation>
  <folder>VOC2007</folder>
  <filename>009962.jpg</filename>
  <source>
    <database>The VOC2007 Database</database>
    <annotation>PASCAL VOC2007</annotation>
    <image>flickr</image>
    <flickrid>246788553</flickrid>
  </source>
  <owner>
    <flickrid>Tool - Wroclaw</flickrid>
    <name>Milosz J.</name>
  </owner>
  <size>
    <width>500</width>
    <height>375</height>
    <depth>3</depth>
  </size>
  <segmented>0</segmented>
  <object>
    <name>chair</name>
    <pose>Right</pose>
    <truncated>1</truncated>
    <difficult>0</difficult>
    <bndbox>
      <xmin>211</xmin>
      <ymin>192</ymin>
      <xmax>324</xmax>
      <ymax>326</ymax>
    </bndbox>
  </object>
  <object>
    <name>person</name>
    <pose>Unspecified</pose>
    <truncated>1</truncated>
    <difficult>0</difficult>
    <bndbox>
      <xmin>162</xmin>
      <ymin>72</ymin>
      <xmax>273</xmax>
      <ymax>248</ymax>
    </bndbox>
  </object>
  <object>
    <name>person</name>
    <pose>Right</pose>
    <truncated>1</truncated>
    <difficult>0</difficult>
    <bndbox>
      <xmin>250</xmin>
      <ymin>68</ymin>
      <xmax>473</xmax>
      <ymax>312</ymax>
    </bndbox>
  </object>
  <object>
    <name>person</name>
    <pose>Right</pose>
    <truncated>1</truncated>
    <difficult>0</difficult>
    <bndbox>
      <xmin>4</xmin>
      <ymin>2</ymin>
      <xmax>253</xmax>
      <ymax>374</ymax>
    </bndbox>
  </object>
  <object>
    <name>diningtable</name>
    <pose>Unspecified</pose>
    <truncated>1</truncated>
    <difficult>1</difficult>
    <bndbox>
      <xmin>358</xmin>
      <ymin>216</ymin>
      <xmax>500</xmax>
      <ymax>375</ymax>
    </bndbox>
  </object>
  <object>
    <name>cow</name>
    <pose>Unspecified</pose>
    <truncated>0</truncated>
    <difficult>0</difficult>
    <bndbox>
      <xmin>295</xmin>
      <ymin>188</ymin>
      <xmax>442</xmax>
      <ymax>270</ymax>
    </bndbox>
  </object>
</annotation>
