<annotation>
  <folder>VOC2007</folder>
  <filename>009929.jpg</filename>
  <source>
    <database>The VOC2007 Database</database>
    <annotation>PASCAL VOC2007</annotation>
    <image>flickr</image>
    <flickrid>330839574</flickrid>
  </source>
  <owner>
    <flickrid>M R Fletcher</flickrid>
    <name>Mark Fletcher</name>
  </owner>
  <size>
    <width>357</width>
    <height>500</height>
    <depth>3</depth>
  </size>
  <segmented>0</segmented>
  <object>
    <name>bottle</name>
    <pose>Unspecified</pose>
    <truncated>1</truncated>
    <difficult>0</difficult>
    <bndbox>
      <xmin>1</xmin>
      <ymin>125</ymin>
      <xmax>356</xmax>
      <ymax>395</ymax>
    </bndbox>
  </object>
  <object>
    <name>cow</name>
    <pose>Unspecified</pose>
    <truncated>0</truncated>
    <difficult>0</difficult>
    <bndbox>
      <xmin>114</xmin>
      <ymin>186</ymin>
      <xmax>261</xmax>
      <ymax>268</ymax>
    </bndbox>
  </object>
</annotation>
