<annotation>
	<folder>VOC2007</folder>
	<filename>000277.jpg</filename>
	<source>
		<database>The VOC2007 Database</database>
		<annotation>PASCAL VOC2007</annotation>
		<image>flickr</image>
		<flickrid>327590530</flickrid>
	</source>
	<owner>
		<flickrid>sequitography</flickrid>
		<name>Seth Rasmussen</name>
	</owner>
	<size>
		<width>500</width>
		<height>375</height>
		<depth>3</depth>
	</size>
	<segmented>0</segmented>
	<object>
		<name>sofa</name>
		<pose>Frontal</pose>
		<truncated>0</truncated>
		<difficult>0</difficult>
		<bndbox>
			<xmin>14</xmin>
			<ymin>104</ymin>
			<xmax>479</xmax>
			<ymax>321</ymax>
		</bndbox>
	</object>
	<object>
		<name>bottle</name>
		<pose>Unspecified</pose>
		<truncated>1</truncated>
		<difficult>1</difficult>
		<bndbox>
			<xmin>394</xmin>
			<ymin>337</ymin>
			<xmax>434</xmax>
			<ymax>375</ymax>
		</bndbox>
	</object>
</annotation>
