<annotation>
	<folder>VOC2007</folder>
	<filename>000994.jpg</filename>
	<source>
		<database>The VOC2007 Database</database>
		<annotation>PASCAL VOC2007</annotation>
		<image>flickr</image>
		<flickrid>328382774</flickrid>
	</source>
	<owner>
		<flickrid>timstepford</flickrid>
		<name>Timothy Minneci</name>
	</owner>
	<size>
		<width>500</width>
		<height>375</height>
		<depth>3</depth>
	</size>
	<segmented>0</segmented>
	<object>
		<name>tvmonitor</name>
		<pose>Unspecified</pose>
		<truncated>0</truncated>
		<difficult>0</difficult>
		<bndbox>
			<xmin>47</xmin>
			<ymin>124</ymin>
			<xmax>153</xmax>
			<ymax>213</ymax>
		</bndbox>
	</object>
	<object>
		<name>chair</name>
		<pose>Left</pose>
		<truncated>1</truncated>
		<difficult>0</difficult>
		<bndbox>
			<xmin>310</xmin>
			<ymin>147</ymin>
			<xmax>419</xmax>
			<ymax>236</ymax>
		</bndbox>
	</object>
	<object>
		<name>sofa</name>
		<pose>Rear</pose>
		<truncated>0</truncated>
		<difficult>0</difficult>
		<bndbox>
			<xmin>210</xmin>
			<ymin>188</ymin>
			<xmax>472</xmax>
			<ymax>374</ymax>
		</bndbox>
	</object>
</annotation>
