<annotation>
	<folder>VOC2007</folder>
	<filename>001055.jpg</filename>
	<source>
		<database>The VOC2007 Database</database>
		<annotation>PASCAL VOC2007</annotation>
		<image>flickr</image>
		<flickrid>339828907</flickrid>
	</source>
	<owner>
		<flickrid>Marc V. Genre</flickrid>
		<name>Marc Genre</name>
	</owner>
	<size>
		<width>500</width>
		<height>334</height>
		<depth>3</depth>
	</size>
	<segmented>0</segmented>
	<object>
		<name>person</name>
		<pose>Frontal</pose>
		<truncated>1</truncated>
		<difficult>0</difficult>
		<bndbox>
			<xmin>139</xmin>
			<ymin>102</ymin>
			<xmax>440</xmax>
			<ymax>334</ymax>
		</bndbox>
	</object>
	<object>
		<name>chair</name>
		<pose>Frontal</pose>
		<truncated>1</truncated>
		<difficult>0</difficult>
		<bndbox>
			<xmin>136</xmin>
			<ymin>123</ymin>
			<xmax>500</xmax>
			<ymax>334</ymax>
		</bndbox>
	</object>
</annotation>
