<annotation>
	<folder>VOC2007</folder>
	<filename>001139.jpg</filename>
	<source>
		<database>The VOC2007 Database</database>
		<annotation>PASCAL VOC2007</annotation>
		<image>flickr</image>
		<flickrid>338953089</flickrid>
	</source>
	<owner>
		<flickrid>Blue Swallow Handmade</flickrid>
		<name>Amy</name>
	</owner>
	<size>
		<width>500</width>
		<height>375</height>
		<depth>3</depth>
	</size>
	<segmented>0</segmented>
	<object>
		<name>chair</name>
		<pose>Unspecified</pose>
		<truncated>0</truncated>
		<difficult>0</difficult>
		<bndbox>
			<xmin>1</xmin>
			<ymin>153</ymin>
			<xmax>111</xmax>
			<ymax>359</ymax>
		</bndbox>
	</object>
	<object>
		<name>chair</name>
		<pose>Unspecified</pose>
		<truncated>0</truncated>
		<difficult>0</difficult>
		<bndbox>
			<xmin>52</xmin>
			<ymin>128</ymin>
			<xmax>157</xmax>
			<ymax>318</ymax>
		</bndbox>
	</object>
</annotation>
