<annotation>
	<folder>VOC2007</folder>
	<filename>001120.jpg</filename>
	<source>
		<database>The VOC2007 Database</database>
		<annotation>PASCAL VOC2007</annotation>
		<image>flickr</image>
		<flickrid>330509643</flickrid>
	</source>
	<owner>
		<flickrid>thewolf05</flickrid>
		<name>The Wolf</name>
	</owner>
	<size>
		<width>500</width>
		<height>319</height>
		<depth>3</depth>
	</size>
	<segmented>0</segmented>
	<object>
		<name>cow</name>
		<pose>Right</pose>
		<truncated>0</truncated>
		<difficult>0</difficult>
		<bndbox>
			<xmin>9</xmin>
			<ymin>124</ymin>
			<xmax>44</xmax>
			<ymax>152</ymax>
		</bndbox>
	</object>
	<object>
		<name>cow</name>
		<pose>Right</pose>
		<truncated>0</truncated>
		<difficult>0</difficult>
		<bndbox>
			<xmin>119</xmin>
			<ymin>159</ymin>
			<xmax>169</xmax>
			<ymax>193</ymax>
		</bndbox>
	</object>
	<object>
		<name>cow</name>
		<pose>Right</pose>
		<truncated>0</truncated>
		<difficult>0</difficult>
		<bndbox>
			<xmin>217</xmin>
			<ymin>186</ymin>
			<xmax>281</xmax>
			<ymax>234</ymax>
		</bndbox>
	</object>
	<object>
		<name>cow</name>
		<pose>Right</pose>
		<truncated>0</truncated>
		<difficult>0</difficult>
		<bndbox>
			<xmin>284</xmin>
			<ymin>193</ymin>
			<xmax>352</xmax>
			<ymax>241</ymax>
		</bndbox>
	</object>
	<object>
		<name>cow</name>
		<pose>Right</pose>
		<truncated>0</truncated>
		<difficult>0</difficult>
		<bndbox>
			<xmin>409</xmin>
			<ymin>210</ymin>
			<xmax>468</xmax>
			<ymax>259</ymax>
		</bndbox>
	</object>
</annotation>
