<annotation>
	<folder>VOC2007</folder>
	<filename>001295.jpg</filename>
	<source>
		<database>The VOC2007 Database</database>
		<annotation>PASCAL VOC2007</annotation>
		<image>flickr</image>
		<flickrid>330948096</flickrid>
	</source>
	<owner>
		<flickrid>blair christensen</flickrid>
		<name>blair</name>
	</owner>
	<size>
		<width>375</width>
		<height>500</height>
		<depth>3</depth>
	</size>
	<segmented>0</segmented>
	<object>
		<name>bottle</name>
		<pose>Unspecified</pose>
		<truncated>0</truncated>
		<difficult>0</difficult>
		<bndbox>
			<xmin>75</xmin>
			<ymin>4</ymin>
			<xmax>315</xmax>
			<ymax>498</ymax>
		</bndbox>
	</object>
</annotation>
