<annotation>
	<folder>VOC2007</folder>
	<filename>001246.jpg</filename>
	<source>
		<database>The VOC2007 Database</database>
		<annotation>PASCAL VOC2007</annotation>
		<image>flickr</image>
		<flickrid>325181727</flickrid>
	</source>
	<owner>
		<flickrid>Danila and Christian</flickrid>
		<name>?</name>
	</owner>
	<size>
		<width>500</width>
		<height>376</height>
		<depth>3</depth>
	</size>
	<segmented>0</segmented>
	<object>
		<name>chair</name>
		<pose>Left</pose>
		<truncated>1</truncated>
		<difficult>0</difficult>
		<bndbox>
			<xmin>178</xmin>
			<ymin>202</ymin>
			<xmax>473</xmax>
			<ymax>376</ymax>
		</bndbox>
	</object>
</annotation>
