<annotation>
	<folder>VOC2007</folder>
	<filename>001349.jpg</filename>
	<source>
		<database>The VOC2007 Database</database>
		<annotation>PASCAL VOC2007</annotation>
		<image>flickr</image>
		<flickrid>330644237</flickrid>
	</source>
	<owner>
		<flickrid>supertwerp</flickrid>
		<name>?</name>
	</owner>
	<size>
		<width>500</width>
		<height>375</height>
		<depth>3</depth>
	</size>
	<segmented>0</segmented>
	<object>
		<name>bottle</name>
		<pose>Unspecified</pose>
		<truncated>1</truncated>
		<difficult>0</difficult>
		<bndbox>
			<xmin>86</xmin>
			<ymin>323</ymin>
			<xmax>134</xmax>
			<ymax>375</ymax>
		</bndbox>
	</object>
</annotation>
