<annotation>
	<folder>VOC2007</folder>
	<filename>001471.jpg</filename>
	<source>
		<database>The VOC2007 Database</database>
		<annotation>PASCAL VOC2007</annotation>
		<image>flickr</image>
		<flickrid>327847806</flickrid>
	</source>
	<owner>
		<flickrid>entwederoder</flickrid>
		<name>Ann Mc Cormick</name>
	</owner>
	<size>
		<width>375</width>
		<height>500</height>
		<depth>3</depth>
	</size>
	<segmented>0</segmented>
	<object>
		<name>cow</name>
		<pose>Frontal</pose>
		<truncated>0</truncated>
		<difficult>0</difficult>
		<bndbox>
			<xmin>160</xmin>
			<ymin>131</ymin>
			<xmax>312</xmax>
			<ymax>394</ymax>
		</bndbox>
	</object>
</annotation>
