<annotation>
	<folder>VOC2007</folder>
	<filename>001534.jpg</filename>
	<source>
		<database>The VOC2007 Database</database>
		<annotation>PASCAL VOC2007</annotation>
		<image>flickr</image>
		<flickrid>309889496</flickrid>
	</source>
	<owner>
		<flickrid>LondonAidan</flickrid>
		<name>Aidan O'Connor</name>
	</owner>
	<size>
		<width>500</width>
		<height>375</height>
		<depth>3</depth>
	</size>
	<segmented>0</segmented>
	<object>
		<name>diningtable</name>
		<pose>Unspecified</pose>
		<truncated>1</truncated>
		<difficult>0</difficult>
		<bndbox>
			<xmin>1</xmin>
			<ymin>305</ymin>
			<xmax>327</xmax>
			<ymax>375</ymax>
		</bndbox>
	</object>
	<object>
		<name>chair</name>
		<pose>Unspecified</pose>
		<truncated>1</truncated>
		<difficult>1</difficult>
		<bndbox>
			<xmin>251</xmin>
			<ymin>274</ymin>
			<xmax>341</xmax>
			<ymax>358</ymax>
		</bndbox>
	</object>
	<object>
		<name>chair</name>
		<pose>Unspecified</pose>
		<truncated>1</truncated>
		<difficult>1</difficult>
		<bndbox>
			<xmin>82</xmin>
			<ymin>267</ymin>
			<xmax>170</xmax>
			<ymax>325</ymax>
		</bndbox>
	</object>
	<object>
		<name>chair</name>
		<pose>Unspecified</pose>
		<truncated>1</truncated>
		<difficult>1</difficult>
		<bndbox>
			<xmin>1</xmin>
			<ymin>270</ymin>
			<xmax>81</xmax>
			<ymax>314</ymax>
		</bndbox>
	</object>
	<object>
		<name>chair</name>
		<pose>Left</pose>
		<truncated>0</truncated>
		<difficult>0</difficult>
		<bndbox>
			<xmin>166</xmin>
			<ymin>199</ymin>
			<xmax>241</xmax>
			<ymax>281</ymax>
		</bndbox>
	</object>
	<object>
		<name>chair</name>
		<pose>Right</pose>
		<truncated>0</truncated>
		<difficult>0</difficult>
		<bndbox>
			<xmin>113</xmin>
			<ymin>184</ymin>
			<xmax>167</xmax>
			<ymax>242</ymax>
		</bndbox>
	</object>
	<object>
		<name>sofa</name>
		<pose>Frontal</pose>
		<truncated>1</truncated>
		<difficult>0</difficult>
		<bndbox>
			<xmin>186</xmin>
			<ymin>194</ymin>
			<xmax>285</xmax>
			<ymax>241</ymax>
		</bndbox>
	</object>
</annotation>
