<annotation>
	<folder>VOC2007</folder>
	<filename>001519.jpg</filename>
	<source>
		<database>The VOC2007 Database</database>
		<annotation>PASCAL VOC2007</annotation>
		<image>flickr</image>
		<flickrid>329332594</flickrid>
	</source>
	<owner>
		<flickrid>Hominy Jones</flickrid>
		<name>Aron Ahlstrom</name>
	</owner>
	<size>
		<width>333</width>
		<height>500</height>
		<depth>3</depth>
	</size>
	<segmented>0</segmented>
	<object>
		<name>chair</name>
		<pose>Frontal</pose>
		<truncated>0</truncated>
		<difficult>0</difficult>
		<bndbox>
			<xmin>33</xmin>
			<ymin>246</ymin>
			<xmax>132</xmax>
			<ymax>348</ymax>
		</bndbox>
	</object>
	<object>
		<name>sofa</name>
		<pose>Unspecified</pose>
		<truncated>1</truncated>
		<difficult>1</difficult>
		<bndbox>
			<xmin>181</xmin>
			<ymin>277</ymin>
			<xmax>330</xmax>
			<ymax>456</ymax>
		</bndbox>
	</object>
</annotation>
