<annotation>
	<folder>VOC2007</folder>
	<filename>001585.jpg</filename>
	<source>
		<database>The VOC2007 Database</database>
		<annotation>PASCAL VOC2007</annotation>
		<image>flickr</image>
		<flickrid>301823960</flickrid>
	</source>
	<owner>
		<flickrid>f_alias</flickrid>
		<name>Felix Alias</name>
	</owner>
	<size>
		<width>500</width>
		<height>434</height>
		<depth>3</depth>
	</size>
	<segmented>1</segmented>
	<object>
		<name>person</name>
		<pose>Frontal</pose>
		<truncated>0</truncated>
		<difficult>0</difficult>
		<bndbox>
			<xmin>197</xmin>
			<ymin>115</ymin>
			<xmax>328</xmax>
			<ymax>358</ymax>
		</bndbox>
	</object>
	<object>
		<name>sofa</name>
		<pose>Frontal</pose>
		<truncated>1</truncated>
		<difficult>0</difficult>
		<bndbox>
			<xmin>6</xmin>
			<ymin>180</ymin>
			<xmax>425</xmax>
			<ymax>341</ymax>
		</bndbox>
	</object>
	<object>
		<name>bottle</name>
		<pose>Unspecified</pose>
		<truncated>0</truncated>
		<difficult>0</difficult>
		<bndbox>
			<xmin>58</xmin>
			<ymin>158</ymin>
			<xmax>72</xmax>
			<ymax>191</ymax>
		</bndbox>
	</object>
</annotation>
