<annotation>
	<folder>VOC2007</folder>
	<filename>001589.jpg</filename>
	<source>
		<database>The VOC2007 Database</database>
		<annotation>PASCAL VOC2007</annotation>
		<image>flickr</image>
		<flickrid>337402031</flickrid>
	</source>
	<owner>
		<flickrid>Bunny Beats!</flickrid>
		<name>Hector Zarate Rea</name>
	</owner>
	<size>
		<width>500</width>
		<height>323</height>
		<depth>3</depth>
	</size>
	<segmented>0</segmented>
	<object>
		<name>cow</name>
		<pose>Frontal</pose>
		<truncated>0</truncated>
		<difficult>0</difficult>
		<bndbox>
			<xmin>330</xmin>
			<ymin>102</ymin>
			<xmax>441</xmax>
			<ymax>315</ymax>
		</bndbox>
	</object>
	<object>
		<name>cow</name>
		<pose>Frontal</pose>
		<truncated>0</truncated>
		<difficult>0</difficult>
		<bndbox>
			<xmin>40</xmin>
			<ymin>3</ymin>
			<xmax>263</xmax>
			<ymax>323</ymax>
		</bndbox>
	</object>
</annotation>
