<annotation>
	<folder>VOC2007</folder>
	<filename>001697.jpg</filename>
	<source>
		<database>The VOC2007 Database</database>
		<annotation>PASCAL VOC2007</annotation>
		<image>flickr</image>
		<flickrid>335299086</flickrid>
	</source>
	<owner>
		<flickrid>Truus</flickrid>
		<name>Truus Stotteler</name>
	</owner>
	<size>
		<width>500</width>
		<height>299</height>
		<depth>3</depth>
	</size>
	<segmented>0</segmented>
	<object>
		<name>cow</name>
		<pose>Left</pose>
		<truncated>0</truncated>
		<difficult>0</difficult>
		<bndbox>
			<xmin>269</xmin>
			<ymin>221</ymin>
			<xmax>355</xmax>
			<ymax>284</ymax>
		</bndbox>
	</object>
</annotation>
