<annotation>
	<folder>VOC2007</folder>
	<filename>001631.jpg</filename>
	<source>
		<database>The VOC2007 Database</database>
		<annotation>PASCAL VOC2007</annotation>
		<image>flickr</image>
		<flickrid>297725257</flickrid>
	</source>
	<owner>
		<flickrid>HeatherKaiser</flickrid>
		<name>Heather Kaiser</name>
	</owner>
	<size>
		<width>375</width>
		<height>500</height>
		<depth>3</depth>
	</size>
	<segmented>0</segmented>
	<object>
		<name>bottle</name>
		<pose>Unspecified</pose>
		<truncated>0</truncated>
		<difficult>0</difficult>
		<bndbox>
			<xmin>76</xmin>
			<ymin>6</ymin>
			<xmax>201</xmax>
			<ymax>498</ymax>
		</bndbox>
	</object>
	<object>
		<name>pottedplant</name>
		<pose>Unspecified</pose>
		<truncated>1</truncated>
		<difficult>0</difficult>
		<bndbox>
			<xmin>4</xmin>
			<ymin>3</ymin>
			<xmax>373</xmax>
			<ymax>446</ymax>
		</bndbox>
	</object>
</annotation>
