<annotation>
	<folder>VOC2007</folder>
	<filename>001629.jpg</filename>
	<source>
		<database>The VOC2007 Database</database>
		<annotation>PASCAL VOC2007</annotation>
		<image>flickr</image>
		<flickrid>290537488</flickrid>
	</source>
	<owner>
		<flickrid>grahamunlimited</flickrid>
		<name>Graham Unlimited</name>
	</owner>
	<size>
		<width>500</width>
		<height>375</height>
		<depth>3</depth>
	</size>
	<segmented>0</segmented>
	<object>
		<name>chair</name>
		<pose>Unspecified</pose>
		<truncated>1</truncated>
		<difficult>0</difficult>
		<bndbox>
			<xmin>5</xmin>
			<ymin>188</ymin>
			<xmax>135</xmax>
			<ymax>330</ymax>
		</bndbox>
	</object>
	<object>
		<name>sofa</name>
		<pose>Left</pose>
		<truncated>1</truncated>
		<difficult>0</difficult>
		<bndbox>
			<xmin>17</xmin>
			<ymin>228</ymin>
			<xmax>289</xmax>
			<ymax>375</ymax>
		</bndbox>
	</object>
	<object>
		<name>person</name>
		<pose>Unspecified</pose>
		<truncated>1</truncated>
		<difficult>0</difficult>
		<bndbox>
			<xmin>235</xmin>
			<ymin>71</ymin>
			<xmax>500</xmax>
			<ymax>372</ymax>
		</bndbox>
	</object>
</annotation>
