<annotation>
	<folder>VOC2007</folder>
	<filename>001742.jpg</filename>
	<source>
		<database>The VOC2007 Database</database>
		<annotation>PASCAL VOC2007</annotation>
		<image>flickr</image>
		<flickrid>335604943</flickrid>
	</source>
	<owner>
		<flickrid>lilcourt</flickrid>
		<name>Courtney Webb</name>
	</owner>
	<size>
		<width>360</width>
		<height>480</height>
		<depth>3</depth>
	</size>
	<segmented>0</segmented>
	<object>
		<name>tvmonitor</name>
		<pose>Frontal</pose>
		<truncated>0</truncated>
		<difficult>0</difficult>
		<bndbox>
			<xmin>57</xmin>
			<ymin>177</ymin>
			<xmax>148</xmax>
			<ymax>257</ymax>
		</bndbox>
	</object>
	<object>
		<name>chair</name>
		<pose>Rear</pose>
		<truncated>0</truncated>
		<difficult>0</difficult>
		<bndbox>
			<xmin>137</xmin>
			<ymin>251</ymin>
			<xmax>283</xmax>
			<ymax>477</ymax>
		</bndbox>
	</object>
</annotation>
