<annotation>
	<folder>VOC2007</folder>
	<filename>001715.jpg</filename>
	<source>
		<database>The VOC2007 Database</database>
		<annotation>PASCAL VOC2007</annotation>
		<image>flickr</image>
		<flickrid>197499726</flickrid>
	</source>
	<owner>
		<flickrid>liteprnces</flickrid>
		<name>Angela Deschenes</name>
	</owner>
	<size>
		<width>500</width>
		<height>375</height>
		<depth>3</depth>
	</size>
	<segmented>0</segmented>
	<object>
		<name>pottedplant</name>
		<pose>Unspecified</pose>
		<truncated>0</truncated>
		<difficult>0</difficult>
		<bndbox>
			<xmin>316</xmin>
			<ymin>199</ymin>
			<xmax>357</xmax>
			<ymax>280</ymax>
		</bndbox>
	</object>
	<object>
		<name>pottedplant</name>
		<pose>Unspecified</pose>
		<truncated>0</truncated>
		<difficult>0</difficult>
		<bndbox>
			<xmin>189</xmin>
			<ymin>197</ymin>
			<xmax>224</xmax>
			<ymax>270</ymax>
		</bndbox>
	</object>
	<object>
		<name>chair</name>
		<pose>Unspecified</pose>
		<truncated>1</truncated>
		<difficult>1</difficult>
		<bndbox>
			<xmin>249</xmin>
			<ymin>128</ymin>
			<xmax>300</xmax>
			<ymax>206</ymax>
		</bndbox>
	</object>
</annotation>
