<annotation>
	<folder>VOC2007</folder>
	<filename>001868.jpg</filename>
	<source>
		<database>The VOC2007 Database</database>
		<annotation>PASCAL VOC2007</annotation>
		<image>flickr</image>
		<flickrid>324243558</flickrid>
	</source>
	<owner>
		<flickrid>Don Solo</flickrid>
		<name>Don Solo</name>
	</owner>
	<size>
		<width>500</width>
		<height>375</height>
		<depth>3</depth>
	</size>
	<segmented>0</segmented>
	<object>
		<name>sofa</name>
		<pose>Unspecified</pose>
		<truncated>0</truncated>
		<difficult>0</difficult>
		<bndbox>
			<xmin>248</xmin>
			<ymin>185</ymin>
			<xmax>479</xmax>
			<ymax>350</ymax>
		</bndbox>
	</object>
	<object>
		<name>chair</name>
		<pose>Unspecified</pose>
		<truncated>0</truncated>
		<difficult>0</difficult>
		<bndbox>
			<xmin>1</xmin>
			<ymin>201</ymin>
			<xmax>130</xmax>
			<ymax>359</ymax>
		</bndbox>
	</object>
</annotation>
