<annotation>
	<folder>VOC2007</folder>
	<filename>001826.jpg</filename>
	<source>
		<database>The VOC2007 Database</database>
		<annotation>PASCAL VOC2007</annotation>
		<image>flickr</image>
		<flickrid>321905652</flickrid>
	</source>
	<owner>
		<flickrid>pausestill</flickrid>
		<name>alissa robot</name>
	</owner>
	<size>
		<width>500</width>
		<height>375</height>
		<depth>3</depth>
	</size>
	<segmented>0</segmented>
	<object>
		<name>tvmonitor</name>
		<pose>Unspecified</pose>
		<truncated>0</truncated>
		<difficult>1</difficult>
		<bndbox>
			<xmin>451</xmin>
			<ymin>117</ymin>
			<xmax>500</xmax>
			<ymax>176</ymax>
		</bndbox>
	</object>
	<object>
		<name>chair</name>
		<pose>Right</pose>
		<truncated>0</truncated>
		<difficult>0</difficult>
		<bndbox>
			<xmin>387</xmin>
			<ymin>155</ymin>
			<xmax>486</xmax>
			<ymax>304</ymax>
		</bndbox>
	</object>
	<object>
		<name>sofa</name>
		<pose>Right</pose>
		<truncated>1</truncated>
		<difficult>0</difficult>
		<bndbox>
			<xmin>171</xmin>
			<ymin>201</ymin>
			<xmax>341</xmax>
			<ymax>331</ymax>
		</bndbox>
	</object>
</annotation>
