<annotation>
	<folder>VOC2007</folder>
	<filename>001812.jpg</filename>
	<source>
		<database>The VOC2007 Database</database>
		<annotation>PASCAL VOC2007</annotation>
		<image>flickr</image>
		<flickrid>152284121</flickrid>
	</source>
	<owner>
		<flickrid>bowbrick</flickrid>
		<name>Steve  Bowbrick</name>
	</owner>
	<size>
		<width>500</width>
		<height>486</height>
		<depth>3</depth>
	</size>
	<segmented>0</segmented>
	<object>
		<name>pottedplant</name>
		<pose>Unspecified</pose>
		<truncated>1</truncated>
		<difficult>0</difficult>
		<bndbox>
			<xmin>466</xmin>
			<ymin>273</ymin>
			<xmax>500</xmax>
			<ymax>339</ymax>
		</bndbox>
	</object>
	<object>
		<name>pottedplant</name>
		<pose>Unspecified</pose>
		<truncated>0</truncated>
		<difficult>1</difficult>
		<bndbox>
			<xmin>427</xmin>
			<ymin>264</ymin>
			<xmax>465</xmax>
			<ymax>302</ymax>
		</bndbox>
	</object>
	<object>
		<name>pottedplant</name>
		<pose>Unspecified</pose>
		<truncated>0</truncated>
		<difficult>0</difficult>
		<bndbox>
			<xmin>269</xmin>
			<ymin>239</ymin>
			<xmax>362</xmax>
			<ymax>353</ymax>
		</bndbox>
	</object>
	<object>
		<name>person</name>
		<pose>Unspecified</pose>
		<truncated>0</truncated>
		<difficult>0</difficult>
		<bndbox>
			<xmin>238</xmin>
			<ymin>124</ymin>
			<xmax>323</xmax>
			<ymax>296</ymax>
		</bndbox>
	</object>
	<object>
		<name>bottle</name>
		<pose>Unspecified</pose>
		<truncated>0</truncated>
		<difficult>1</difficult>
		<bndbox>
			<xmin>408</xmin>
			<ymin>256</ymin>
			<xmax>422</xmax>
			<ymax>298</ymax>
		</bndbox>
	</object>
	<object>
		<name>pottedplant</name>
		<pose>Unspecified</pose>
		<truncated>1</truncated>
		<difficult>1</difficult>
		<bndbox>
			<xmin>1</xmin>
			<ymin>298</ymin>
			<xmax>40</xmax>
			<ymax>330</ymax>
		</bndbox>
	</object>
</annotation>
