<annotation>
	<folder>VOC2007</folder>
	<filename>001814.jpg</filename>
	<source>
		<database>The VOC2007 Database</database>
		<annotation>PASCAL VOC2007</annotation>
		<image>flickr</image>
		<flickrid>328051177</flickrid>
	</source>
	<owner>
		<flickrid>individual8</flickrid>
		<name>David Schmidt</name>
	</owner>
	<size>
		<width>500</width>
		<height>375</height>
		<depth>3</depth>
	</size>
	<segmented>0</segmented>
	<object>
		<name>chair</name>
		<pose>Unspecified</pose>
		<truncated>0</truncated>
		<difficult>0</difficult>
		<bndbox>
			<xmin>245</xmin>
			<ymin>1</ymin>
			<xmax>415</xmax>
			<ymax>197</ymax>
		</bndbox>
	</object>
</annotation>
