<annotation>
	<folder>VOC2007</folder>
	<filename>001961.jpg</filename>
	<source>
		<database>The VOC2007 Database</database>
		<annotation>PASCAL VOC2007</annotation>
		<image>flickr</image>
		<flickrid>338759033</flickrid>
	</source>
	<owner>
		<flickrid>Adela &amp; Leona</flickrid>
		<name>?</name>
	</owner>
	<size>
		<width>500</width>
		<height>375</height>
		<depth>3</depth>
	</size>
	<segmented>0</segmented>
	<object>
		<name>chair</name>
		<pose>Right</pose>
		<truncated>0</truncated>
		<difficult>0</difficult>
		<bndbox>
			<xmin>7</xmin>
			<ymin>193</ymin>
			<xmax>168</xmax>
			<ymax>347</ymax>
		</bndbox>
	</object>
	<object>
		<name>tvmonitor</name>
		<pose>Frontal</pose>
		<truncated>0</truncated>
		<difficult>0</difficult>
		<bndbox>
			<xmin>43</xmin>
			<ymin>123</ymin>
			<xmax>157</xmax>
			<ymax>194</ymax>
		</bndbox>
	</object>
</annotation>
