<annotation>
	<folder>VOC2007</folder>
	<filename>001949.jpg</filename>
	<source>
		<database>The VOC2007 Database</database>
		<annotation>PASCAL VOC2007</annotation>
		<image>flickr</image>
		<flickrid>334635972</flickrid>
	</source>
	<owner>
		<flickrid>Tales of an LA Addict</flickrid>
		<name>Abby</name>
	</owner>
	<size>
		<width>375</width>
		<height>500</height>
		<depth>3</depth>
	</size>
	<segmented>0</segmented>
	<object>
		<name>chair</name>
		<pose>Unspecified</pose>
		<truncated>1</truncated>
		<difficult>0</difficult>
		<bndbox>
			<xmin>144</xmin>
			<ymin>318</ymin>
			<xmax>316</xmax>
			<ymax>497</ymax>
		</bndbox>
	</object>
	<object>
		<name>chair</name>
		<pose>Unspecified</pose>
		<truncated>1</truncated>
		<difficult>0</difficult>
		<bndbox>
			<xmin>259</xmin>
			<ymin>309</ymin>
			<xmax>374</xmax>
			<ymax>500</ymax>
		</bndbox>
	</object>
	<object>
		<name>chair</name>
		<pose>Unspecified</pose>
		<truncated>1</truncated>
		<difficult>0</difficult>
		<bndbox>
			<xmin>48</xmin>
			<ymin>259</ymin>
			<xmax>151</xmax>
			<ymax>500</ymax>
		</bndbox>
	</object>
	<object>
		<name>chair</name>
		<pose>Unspecified</pose>
		<truncated>1</truncated>
		<difficult>1</difficult>
		<bndbox>
			<xmin>150</xmin>
			<ymin>243</ymin>
			<xmax>233</xmax>
			<ymax>279</ymax>
		</bndbox>
	</object>
	<object>
		<name>diningtable</name>
		<pose>Unspecified</pose>
		<truncated>1</truncated>
		<difficult>0</difficult>
		<bndbox>
			<xmin>35</xmin>
			<ymin>276</ymin>
			<xmax>372</xmax>
			<ymax>500</ymax>
		</bndbox>
	</object>
</annotation>
