<annotation>
	<folder>VOC2007</folder>
	<filename>001914.jpg</filename>
	<source>
		<database>The VOC2007 Database</database>
		<annotation>PASCAL VOC2007</annotation>
		<image>flickr</image>
		<flickrid>332657481</flickrid>
	</source>
	<owner>
		<flickrid>Wynnie Kwok</flickrid>
		<name>Wynnie Kwok</name>
	</owner>
	<size>
		<width>375</width>
		<height>500</height>
		<depth>3</depth>
	</size>
	<segmented>0</segmented>
	<object>
		<name>dog</name>
		<pose>Left</pose>
		<truncated>0</truncated>
		<difficult>0</difficult>
		<bndbox>
			<xmin>202</xmin>
			<ymin>215</ymin>
			<xmax>344</xmax>
			<ymax>476</ymax>
		</bndbox>
	</object>
	<object>
		<name>chair</name>
		<pose>Unspecified</pose>
		<truncated>1</truncated>
		<difficult>1</difficult>
		<bndbox>
			<xmin>262</xmin>
			<ymin>202</ymin>
			<xmax>375</xmax>
			<ymax>329</ymax>
		</bndbox>
	</object>
	<object>
		<name>chair</name>
		<pose>Unspecified</pose>
		<truncated>1</truncated>
		<difficult>1</difficult>
		<bndbox>
			<xmin>3</xmin>
			<ymin>315</ymin>
			<xmax>145</xmax>
			<ymax>481</ymax>
		</bndbox>
	</object>
	<object>
		<name>person</name>
		<pose>Unspecified</pose>
		<truncated>0</truncated>
		<difficult>0</difficult>
		<bndbox>
			<xmin>88</xmin>
			<ymin>27</ymin>
			<xmax>291</xmax>
			<ymax>390</ymax>
		</bndbox>
		<part>
			<name>head</name>
			<bndbox>
				<xmin>165</xmin>
				<ymin>28</ymin>
				<xmax>229</xmax>
				<ymax>119</ymax>
			</bndbox>
		</part>
		<part>
			<name>hand</name>
			<bndbox>
				<xmin>135</xmin>
				<ymin>168</ymin>
				<xmax>174</xmax>
				<ymax>209</ymax>
			</bndbox>
		</part>
		<part>
			<name>foot</name>
			<bndbox>
				<xmin>161</xmin>
				<ymin>354</ymin>
				<xmax>200</xmax>
				<ymax>389</ymax>
			</bndbox>
		</part>
		<part>
			<name>foot</name>
			<bndbox>
				<xmin>195</xmin>
				<ymin>340</ymin>
				<xmax>228</xmax>
				<ymax>386</ymax>
			</bndbox>
		</part>
	</object>
	<object>
		<name>person</name>
		<pose>Unspecified</pose>
		<truncated>1</truncated>
		<difficult>0</difficult>
		<bndbox>
			<xmin>1</xmin>
			<ymin>55</ymin>
			<xmax>246</xmax>
			<ymax>500</ymax>
		</bndbox>
		<part>
			<name>head</name>
			<bndbox>
				<xmin>1</xmin>
				<ymin>58</ymin>
				<xmax>72</xmax>
				<ymax>152</ymax>
			</bndbox>
		</part>
		<part>
			<name>hand</name>
			<bndbox>
				<xmin>30</xmin>
				<ymin>174</ymin>
				<xmax>95</xmax>
				<ymax>221</ymax>
			</bndbox>
		</part>
		<part>
			<name>hand</name>
			<bndbox>
				<xmin>93</xmin>
				<ymin>175</ymin>
				<xmax>128</xmax>
				<ymax>213</ymax>
			</bndbox>
		</part>
		<part>
			<name>foot</name>
			<bndbox>
				<xmin>143</xmin>
				<ymin>400</ymin>
				<xmax>246</xmax>
				<ymax>470</ymax>
			</bndbox>
		</part>
		<part>
			<name>foot</name>
			<bndbox>
				<xmin>93</xmin>
				<ymin>441</ymin>
				<xmax>157</xmax>
				<ymax>500</ymax>
			</bndbox>
		</part>
	</object>
</annotation>
