<annotation>
	<folder>VOC2007</folder>
	<filename>001957.jpg</filename>
	<source>
		<database>The VOC2007 Database</database>
		<annotation>PASCAL VOC2007</annotation>
		<image>flickr</image>
		<flickrid>329674476</flickrid>
	</source>
	<owner>
		<flickrid>normaltoilet</flickrid>
		<name>Normal Toilet</name>
	</owner>
	<size>
		<width>500</width>
		<height>458</height>
		<depth>3</depth>
	</size>
	<segmented>0</segmented>
	<object>
		<name>bottle</name>
		<pose>Unspecified</pose>
		<truncated>1</truncated>
		<difficult>1</difficult>
		<bndbox>
			<xmin>170</xmin>
			<ymin>280</ymin>
			<xmax>212</xmax>
			<ymax>295</ymax>
		</bndbox>
	</object>
	<object>
		<name>bottle</name>
		<pose>Unspecified</pose>
		<truncated>1</truncated>
		<difficult>1</difficult>
		<bndbox>
			<xmin>166</xmin>
			<ymin>259</ymin>
			<xmax>203</xmax>
			<ymax>276</ymax>
		</bndbox>
	</object>
	<object>
		<name>chair</name>
		<pose>Unspecified</pose>
		<truncated>1</truncated>
		<difficult>0</difficult>
		<bndbox>
			<xmin>144</xmin>
			<ymin>18</ymin>
			<xmax>438</xmax>
			<ymax>390</ymax>
		</bndbox>
	</object>
</annotation>
