<annotation>
	<folder>VOC2007</folder>
	<filename>001987.jpg</filename>
	<source>
		<database>The VOC2007 Database</database>
		<annotation>PASCAL VOC2007</annotation>
		<image>flickr</image>
		<flickrid>325959757</flickrid>
	</source>
	<owner>
		<flickrid>swe_baziq</flickrid>
		<name>"Bruno"</name>
	</owner>
	<size>
		<width>500</width>
		<height>333</height>
		<depth>3</depth>
	</size>
	<segmented>0</segmented>
	<object>
		<name>cow</name>
		<pose>Frontal</pose>
		<truncated>0</truncated>
		<difficult>0</difficult>
		<bndbox>
			<xmin>185</xmin>
			<ymin>114</ymin>
			<xmax>300</xmax>
			<ymax>291</ymax>
		</bndbox>
	</object>
</annotation>
