<annotation>
	<folder>VOC2007</folder>
	<filename>001917.jpg</filename>
	<source>
		<database>The VOC2007 Database</database>
		<annotation>PASCAL VOC2007</annotation>
		<image>flickr</image>
		<flickrid>324820143</flickrid>
	</source>
	<owner>
		<flickrid>Absynth27</flickrid>
		<name>Andi Woung</name>
	</owner>
	<size>
		<width>500</width>
		<height>397</height>
		<depth>3</depth>
	</size>
	<segmented>1</segmented>
	<object>
		<name>cow</name>
		<pose>Left</pose>
		<truncated>0</truncated>
		<difficult>0</difficult>
		<bndbox>
			<xmin>191</xmin>
			<ymin>167</ymin>
			<xmax>266</xmax>
			<ymax>210</ymax>
		</bndbox>
	</object>
	<object>
		<name>cow</name>
		<pose>Left</pose>
		<truncated>0</truncated>
		<difficult>0</difficult>
		<bndbox>
			<xmin>416</xmin>
			<ymin>181</ymin>
			<xmax>482</xmax>
			<ymax>217</ymax>
		</bndbox>
	</object>
	<object>
		<name>cow</name>
		<pose>Right</pose>
		<truncated>0</truncated>
		<difficult>0</difficult>
		<bndbox>
			<xmin>341</xmin>
			<ymin>173</ymin>
			<xmax>420</xmax>
			<ymax>220</ymax>
		</bndbox>
	</object>
</annotation>
