<annotation>
	<folder>VOC2007</folder>
	<filename>002081.jpg</filename>
	<source>
		<database>The VOC2007 Database</database>
		<annotation>PASCAL VOC2007</annotation>
		<image>flickr</image>
		<flickrid>313203955</flickrid>
	</source>
	<owner>
		<flickrid>Nisha's Interior Designs</flickrid>
		<name>?</name>
	</owner>
	<size>
		<width>500</width>
		<height>281</height>
		<depth>3</depth>
	</size>
	<segmented>0</segmented>
	<object>
		<name>tvmonitor</name>
		<pose>Frontal</pose>
		<truncated>0</truncated>
		<difficult>0</difficult>
		<bndbox>
			<xmin>211</xmin>
			<ymin>141</ymin>
			<xmax>344</xmax>
			<ymax>252</ymax>
		</bndbox>
	</object>
	<object>
		<name>chair</name>
		<pose>Unspecified</pose>
		<truncated>1</truncated>
		<difficult>0</difficult>
		<bndbox>
			<xmin>1</xmin>
			<ymin>182</ymin>
			<xmax>87</xmax>
			<ymax>281</ymax>
		</bndbox>
	</object>
</annotation>
