<annotation>
	<folder>VOC2007</folder>
	<filename>002065.jpg</filename>
	<source>
		<database>The VOC2007 Database</database>
		<annotation>PASCAL VOC2007</annotation>
		<image>flickr</image>
		<flickrid>329759693</flickrid>
	</source>
	<owner>
		<flickrid>Golden King</flickrid>
		<name>Golden King</name>
	</owner>
	<size>
		<width>500</width>
		<height>377</height>
		<depth>3</depth>
	</size>
	<segmented>0</segmented>
	<object>
		<name>person</name>
		<pose>Frontal</pose>
		<truncated>1</truncated>
		<difficult>0</difficult>
		<part>
			<name>head</name>
			<bndbox>
				<xmin>172</xmin>
				<ymin>43</ymin>
				<xmax>293</xmax>
				<ymax>198</ymax>
			</bndbox>
		</part>
		<part>
			<name>hand</name>
			<bndbox>
				<xmin>343</xmin>
				<ymin>152</ymin>
				<xmax>389</xmax>
				<ymax>211</ymax>
			</bndbox>
		</part>
		<part>
			<name>hand</name>
			<bndbox>
				<xmin>101</xmin>
				<ymin>174</ymin>
				<xmax>169</xmax>
				<ymax>228</ymax>
			</bndbox>
		</part>
		<bndbox>
			<xmin>79</xmin>
			<ymin>39</ymin>
			<xmax>391</xmax>
			<ymax>256</ymax>
		</bndbox>
	</object>
	<object>
		<name>chair</name>
		<pose>Unspecified</pose>
		<truncated>1</truncated>
		<difficult>1</difficult>
		<bndbox>
			<xmin>89</xmin>
			<ymin>22</ymin>
			<xmax>412</xmax>
			<ymax>256</ymax>
		</bndbox>
	</object>
</annotation>
