<annotation>
	<folder>VOC2007</folder>
	<filename>002115.jpg</filename>
	<source>
		<database>The VOC2007 Database</database>
		<annotation>PASCAL VOC2007</annotation>
		<image>flickr</image>
		<flickrid>323083412</flickrid>
	</source>
	<owner>
		<flickrid>ewaeckerle</flickrid>
		<name>emmanuelle waeckerle</name>
	</owner>
	<size>
		<width>500</width>
		<height>326</height>
		<depth>3</depth>
	</size>
	<segmented>0</segmented>
	<object>
		<name>cow</name>
		<pose>Frontal</pose>
		<truncated>0</truncated>
		<difficult>0</difficult>
		<bndbox>
			<xmin>192</xmin>
			<ymin>101</ymin>
			<xmax>280</xmax>
			<ymax>254</ymax>
		</bndbox>
	</object>
	<object>
		<name>cow</name>
		<pose>Frontal</pose>
		<truncated>0</truncated>
		<difficult>0</difficult>
		<bndbox>
			<xmin>343</xmin>
			<ymin>75</ymin>
			<xmax>373</xmax>
			<ymax>113</ymax>
		</bndbox>
	</object>
</annotation>
