<annotation>
	<folder>VOC2007</folder>
	<filename>002240.jpg</filename>
	<source>
		<database>The VOC2007 Database</database>
		<annotation>PASCAL VOC2007</annotation>
		<image>flickr</image>
		<flickrid>305537509</flickrid>
	</source>
	<owner>
		<flickrid>Plaid Ninja</flickrid>
		<name>Rob</name>
	</owner>
	<size>
		<width>375</width>
		<height>500</height>
		<depth>3</depth>
	</size>
	<segmented>0</segmented>
	<object>
		<name>chair</name>
		<pose>Left</pose>
		<truncated>1</truncated>
		<difficult>0</difficult>
		<bndbox>
			<xmin>212</xmin>
			<ymin>28</ymin>
			<xmax>318</xmax>
			<ymax>136</ymax>
		</bndbox>
	</object>
	<object>
		<name>diningtable</name>
		<pose>Unspecified</pose>
		<truncated>0</truncated>
		<difficult>1</difficult>
		<bndbox>
			<xmin>25</xmin>
			<ymin>117</ymin>
			<xmax>374</xmax>
			<ymax>471</ymax>
		</bndbox>
	</object>
	<object>
		<name>pottedplant</name>
		<pose>Unspecified</pose>
		<truncated>0</truncated>
		<difficult>0</difficult>
		<bndbox>
			<xmin>318</xmin>
			<ymin>1</ymin>
			<xmax>368</xmax>
			<ymax>43</ymax>
		</bndbox>
	</object>
</annotation>
