<annotation>
	<folder>VOC2007</folder>
	<filename>002299.jpg</filename>
	<source>
		<database>The VOC2007 Database</database>
		<annotation>PASCAL VOC2007</annotation>
		<image>flickr</image>
		<flickrid>335619640</flickrid>
	</source>
	<owner>
		<flickrid>liilliil</flickrid>
		<name>Paul K.</name>
	</owner>
	<size>
		<width>500</width>
		<height>375</height>
		<depth>3</depth>
	</size>
	<segmented>0</segmented>
	<object>
		<name>cow</name>
		<pose>Right</pose>
		<truncated>1</truncated>
		<difficult>0</difficult>
		<bndbox>
			<xmin>1</xmin>
			<ymin>2</ymin>
			<xmax>441</xmax>
			<ymax>375</ymax>
		</bndbox>
	</object>
</annotation>
