<annotation>
	<folder>VOC2007</folder>
	<filename>002313.jpg</filename>
	<source>
		<database>The VOC2007 Database</database>
		<annotation>PASCAL VOC2007</annotation>
		<image>flickr</image>
		<flickrid>317113519</flickrid>
	</source>
	<owner>
		<flickrid>Pink Pepper Photo</flickrid>
		<name>Judy</name>
	</owner>
	<size>
		<width>500</width>
		<height>428</height>
		<depth>3</depth>
	</size>
	<segmented>0</segmented>
	<object>
		<name>cow</name>
		<pose>Right</pose>
		<truncated>1</truncated>
		<difficult>0</difficult>
		<bndbox>
			<xmin>5</xmin>
			<ymin>62</ymin>
			<xmax>461</xmax>
			<ymax>428</ymax>
		</bndbox>
	</object>
</annotation>
