<annotation>
	<folder>VOC2007</folder>
	<filename>002365.jpg</filename>
	<source>
		<database>The VOC2007 Database</database>
		<annotation>PASCAL VOC2007</annotation>
		<image>flickr</image>
		<flickrid>335055053</flickrid>
	</source>
	<owner>
		<flickrid>Saint Seminole</flickrid>
		<name>Wil Fry</name>
	</owner>
	<size>
		<width>333</width>
		<height>500</height>
		<depth>3</depth>
	</size>
	<segmented>0</segmented>
	<object>
		<name>person</name>
		<pose>Unspecified</pose>
		<truncated>0</truncated>
		<difficult>0</difficult>
		<part>
			<name>hand</name>
			<bndbox>
				<xmin>252</xmin>
				<ymin>197</ymin>
				<xmax>301</xmax>
				<ymax>254</ymax>
			</bndbox>
		</part>
		<part>
			<name>hand</name>
			<bndbox>
				<xmin>40</xmin>
				<ymin>187</ymin>
				<xmax>80</xmax>
				<ymax>233</ymax>
			</bndbox>
		</part>
		<part>
			<name>foot</name>
			<bndbox>
				<xmin>167</xmin>
				<ymin>456</ymin>
				<xmax>190</xmax>
				<ymax>475</ymax>
			</bndbox>
		</part>
		<part>
			<name>foot</name>
			<bndbox>
				<xmin>118</xmin>
				<ymin>437</ymin>
				<xmax>171</xmax>
				<ymax>470</ymax>
			</bndbox>
		</part>
		<part>
			<name>head</name>
			<bndbox>
				<xmin>172</xmin>
				<ymin>34</ymin>
				<xmax>259</xmax>
				<ymax>133</ymax>
			</bndbox>
		</part>
		<bndbox>
			<xmin>40</xmin>
			<ymin>31</ymin>
			<xmax>301</xmax>
			<ymax>477</ymax>
		</bndbox>
	</object>
	<object>
		<name>chair</name>
		<pose>Unspecified</pose>
		<truncated>0</truncated>
		<difficult>0</difficult>
		<bndbox>
			<xmin>45</xmin>
			<ymin>64</ymin>
			<xmax>318</xmax>
			<ymax>443</ymax>
		</bndbox>
	</object>
</annotation>
