<annotation>
	<folder>VOC2007</folder>
	<filename>002510.jpg</filename>
	<source>
		<database>The VOC2007 Database</database>
		<annotation>PASCAL VOC2007</annotation>
		<image>flickr</image>
		<flickrid>275673939</flickrid>
	</source>
	<owner>
		<flickrid>Magda i Bartek</flickrid>
		<name>?</name>
	</owner>
	<size>
		<width>500</width>
		<height>333</height>
		<depth>3</depth>
	</size>
	<segmented>0</segmented>
	<object>
		<name>sofa</name>
		<pose>Frontal</pose>
		<truncated>0</truncated>
		<difficult>0</difficult>
		<bndbox>
			<xmin>174</xmin>
			<ymin>121</ymin>
			<xmax>488</xmax>
			<ymax>329</ymax>
		</bndbox>
	</object>
	<object>
		<name>chair</name>
		<pose>Frontal</pose>
		<truncated>0</truncated>
		<difficult>0</difficult>
		<bndbox>
			<xmin>3</xmin>
			<ymin>127</ymin>
			<xmax>177</xmax>
			<ymax>271</ymax>
		</bndbox>
	</object>
	<object>
		<name>chair</name>
		<pose>Unspecified</pose>
		<truncated>1</truncated>
		<difficult>1</difficult>
		<bndbox>
			<xmin>270</xmin>
			<ymin>101</ymin>
			<xmax>291</xmax>
			<ymax>128</ymax>
		</bndbox>
	</object>
	<object>
		<name>chair</name>
		<pose>Unspecified</pose>
		<truncated>1</truncated>
		<difficult>1</difficult>
		<bndbox>
			<xmin>245</xmin>
			<ymin>90</ymin>
			<xmax>274</xmax>
			<ymax>112</ymax>
		</bndbox>
	</object>
	<object>
		<name>chair</name>
		<pose>Unspecified</pose>
		<truncated>1</truncated>
		<difficult>1</difficult>
		<bndbox>
			<xmin>167</xmin>
			<ymin>91</ymin>
			<xmax>195</xmax>
			<ymax>117</ymax>
		</bndbox>
	</object>
	<object>
		<name>chair</name>
		<pose>Rear</pose>
		<truncated>1</truncated>
		<difficult>0</difficult>
		<bndbox>
			<xmin>178</xmin>
			<ymin>102</ymin>
			<xmax>220</xmax>
			<ymax>183</ymax>
		</bndbox>
	</object>
	<object>
		<name>diningtable</name>
		<pose>Unspecified</pose>
		<truncated>1</truncated>
		<difficult>0</difficult>
		<bndbox>
			<xmin>160</xmin>
			<ymin>102</ymin>
			<xmax>277</xmax>
			<ymax>160</ymax>
		</bndbox>
	</object>
	<object>
		<name>pottedplant</name>
		<pose>Unspecified</pose>
		<truncated>0</truncated>
		<difficult>0</difficult>
		<bndbox>
			<xmin>143</xmin>
			<ymin>4</ymin>
			<xmax>174</xmax>
			<ymax>103</ymax>
		</bndbox>
	</object>
</annotation>
