<annotation>
	<folder>VOC2007</folder>
	<filename>002552.jpg</filename>
	<source>
		<database>The VOC2007 Database</database>
		<annotation>PASCAL VOC2007</annotation>
		<image>flickr</image>
		<flickrid>114295742</flickrid>
	</source>
	<owner>
		<flickrid>white.ranunculus</flickrid>
		<name>Karla</name>
	</owner>
	<size>
		<width>375</width>
		<height>500</height>
		<depth>3</depth>
	</size>
	<segmented>0</segmented>
	<object>
		<name>cat</name>
		<pose>Rear</pose>
		<truncated>0</truncated>
		<difficult>0</difficult>
		<bndbox>
			<xmin>102</xmin>
			<ymin>241</ymin>
			<xmax>170</xmax>
			<ymax>348</ymax>
		</bndbox>
	</object>
	<object>
		<name>chair</name>
		<pose>Unspecified</pose>
		<truncated>1</truncated>
		<difficult>1</difficult>
		<bndbox>
			<xmin>5</xmin>
			<ymin>319</ymin>
			<xmax>330</xmax>
			<ymax>500</ymax>
		</bndbox>
	</object>
</annotation>
