<annotation>
	<folder>VOC2007</folder>
	<filename>002576.jpg</filename>
	<source>
		<database>The VOC2007 Database</database>
		<annotation>PASCAL VOC2007</annotation>
		<image>flickr</image>
		<flickrid>316546328</flickrid>
	</source>
	<owner>
		<flickrid>jduquetr</flickrid>
		<name>Jose Duque</name>
	</owner>
	<size>
		<width>500</width>
		<height>375</height>
		<depth>3</depth>
	</size>
	<segmented>0</segmented>
	<object>
		<name>cow</name>
		<pose>Left</pose>
		<truncated>0</truncated>
		<difficult>0</difficult>
		<bndbox>
			<xmin>154</xmin>
			<ymin>110</ymin>
			<xmax>442</xmax>
			<ymax>315</ymax>
		</bndbox>
	</object>
</annotation>
