<annotation>
	<folder>VOC2007</folder>
	<filename>002644.jpg</filename>
	<source>
		<database>The VOC2007 Database</database>
		<annotation>PASCAL VOC2007</annotation>
		<image>flickr</image>
		<flickrid>320248785</flickrid>
	</source>
	<owner>
		<flickrid>thebaronessinc</flickrid>
		<name>Bethany Schell</name>
	</owner>
	<size>
		<width>268</width>
		<height>360</height>
		<depth>3</depth>
	</size>
	<segmented>0</segmented>
	<object>
		<name>chair</name>
		<pose>Unspecified</pose>
		<truncated>1</truncated>
		<difficult>0</difficult>
		<bndbox>
			<xmin>148</xmin>
			<ymin>197</ymin>
			<xmax>267</xmax>
			<ymax>346</ymax>
		</bndbox>
	</object>
</annotation>
