<annotation>
	<folder>VOC2007</folder>
	<filename>002663.jpg</filename>
	<source>
		<database>The VOC2007 Database</database>
		<annotation>PASCAL VOC2007</annotation>
		<image>flickr</image>
		<flickrid>311757603</flickrid>
	</source>
	<owner>
		<flickrid>esdemig</flickrid>
		<name>?</name>
	</owner>
	<size>
		<width>500</width>
		<height>340</height>
		<depth>3</depth>
	</size>
	<segmented>0</segmented>
	<object>
		<name>dog</name>
		<pose>Unspecified</pose>
		<truncated>1</truncated>
		<difficult>0</difficult>
		<bndbox>
			<xmin>12</xmin>
			<ymin>38</ymin>
			<xmax>346</xmax>
			<ymax>314</ymax>
		</bndbox>
	</object>
	<object>
		<name>chair</name>
		<pose>Frontal</pose>
		<truncated>0</truncated>
		<difficult>0</difficult>
		<bndbox>
			<xmin>286</xmin>
			<ymin>6</ymin>
			<xmax>498</xmax>
			<ymax>270</ymax>
		</bndbox>
	</object>
</annotation>
