<annotation>
	<folder>VOC2007</folder>
	<filename>002770.jpg</filename>
	<source>
		<database>The VOC2007 Database</database>
		<annotation>PASCAL VOC2007</annotation>
		<image>flickr</image>
		<flickrid>338271697</flickrid>
	</source>
	<owner>
		<flickrid>Pummy1</flickrid>
		<name>?</name>
	</owner>
	<size>
		<width>500</width>
		<height>375</height>
		<depth>3</depth>
	</size>
	<segmented>0</segmented>
	<object>
		<name>cow</name>
		<pose>Right</pose>
		<truncated>0</truncated>
		<difficult>0</difficult>
		<bndbox>
			<xmin>73</xmin>
			<ymin>197</ymin>
			<xmax>167</xmax>
			<ymax>259</ymax>
		</bndbox>
	</object>
</annotation>
