<annotation>
	<folder>VOC2007</folder>
	<filename>002753.jpg</filename>
	<source>
		<database>The VOC2007 Database</database>
		<annotation>PASCAL VOC2007</annotation>
		<image>flickr</image>
		<flickrid>314630155</flickrid>
	</source>
	<owner>
		<flickrid>QueenBee1230</flickrid>
		<name>Christine</name>
	</owner>
	<size>
		<width>500</width>
		<height>375</height>
		<depth>3</depth>
	</size>
	<segmented>0</segmented>
	<object>
		<name>chair</name>
		<pose>Frontal</pose>
		<truncated>0</truncated>
		<difficult>0</difficult>
		<bndbox>
			<xmin>368</xmin>
			<ymin>206</ymin>
			<xmax>475</xmax>
			<ymax>319</ymax>
		</bndbox>
	</object>
	<object>
		<name>chair</name>
		<pose>Frontal</pose>
		<truncated>0</truncated>
		<difficult>0</difficult>
		<bndbox>
			<xmin>100</xmin>
			<ymin>219</ymin>
			<xmax>230</xmax>
			<ymax>365</ymax>
		</bndbox>
	</object>
	<object>
		<name>pottedplant</name>
		<pose>Unspecified</pose>
		<truncated>0</truncated>
		<difficult>0</difficult>
		<bndbox>
			<xmin>249</xmin>
			<ymin>162</ymin>
			<xmax>317</xmax>
			<ymax>252</ymax>
		</bndbox>
	</object>
</annotation>
