<annotation>
	<folder>VOC2007</folder>
	<filename>002850.jpg</filename>
	<source>
		<database>The VOC2007 Database</database>
		<annotation>PASCAL VOC2007</annotation>
		<image>flickr</image>
		<flickrid>284456378</flickrid>
	</source>
	<owner>
		<flickrid>AzyxA</flickrid>
		<name>DaN Reed</name>
	</owner>
	<size>
		<width>500</width>
		<height>375</height>
		<depth>3</depth>
	</size>
	<segmented>0</segmented>
	<object>
		<name>tvmonitor</name>
		<pose>Unspecified</pose>
		<truncated>0</truncated>
		<difficult>0</difficult>
		<bndbox>
			<xmin>327</xmin>
			<ymin>86</ymin>
			<xmax>481</xmax>
			<ymax>219</ymax>
		</bndbox>
	</object>
	<object>
		<name>tvmonitor</name>
		<pose>Frontal</pose>
		<truncated>0</truncated>
		<difficult>0</difficult>
		<bndbox>
			<xmin>196</xmin>
			<ymin>80</ymin>
			<xmax>314</xmax>
			<ymax>192</ymax>
		</bndbox>
	</object>
	<object>
		<name>chair</name>
		<pose>Rear</pose>
		<truncated>1</truncated>
		<difficult>0</difficult>
		<bndbox>
			<xmin>128</xmin>
			<ymin>226</ymin>
			<xmax>309</xmax>
			<ymax>374</ymax>
		</bndbox>
	</object>
</annotation>
