<annotation>
	<folder>VOC2007</folder>
	<filename>002857.jpg</filename>
	<source>
		<database>The VOC2007 Database</database>
		<annotation>PASCAL VOC2007</annotation>
		<image>flickr</image>
		<flickrid>321873290</flickrid>
	</source>
	<owner>
		<flickrid>blepharisma</flickrid>
		<name>Stephanie</name>
	</owner>
	<size>
		<width>375</width>
		<height>500</height>
		<depth>3</depth>
	</size>
	<segmented>0</segmented>
	<object>
		<name>bottle</name>
		<pose>Unspecified</pose>
		<truncated>0</truncated>
		<difficult>0</difficult>
		<bndbox>
			<xmin>43</xmin>
			<ymin>171</ymin>
			<xmax>114</xmax>
			<ymax>394</ymax>
		</bndbox>
	</object>
	<object>
		<name>person</name>
		<pose>Unspecified</pose>
		<truncated>1</truncated>
		<difficult>0</difficult>
		<bndbox>
			<xmin>1</xmin>
			<ymin>47</ymin>
			<xmax>374</xmax>
			<ymax>500</ymax>
		</bndbox>
		<part>
			<name>hand</name>
			<bndbox>
				<xmin>24</xmin>
				<ymin>179</ymin>
				<xmax>111</xmax>
				<ymax>274</ymax>
			</bndbox>
		</part>
		<part>
			<name>hand</name>
			<bndbox>
				<xmin>33</xmin>
				<ymin>343</ymin>
				<xmax>170</xmax>
				<ymax>488</ymax>
			</bndbox>
		</part>
		<part>
			<name>head</name>
			<bndbox>
				<xmin>128</xmin>
				<ymin>46</ymin>
				<xmax>270</xmax>
				<ymax>233</ymax>
			</bndbox>
		</part>
	</object>
</annotation>
