<annotation>
	<folder>VOC2007</folder>
	<filename>002885.jpg</filename>
	<source>
		<database>The VOC2007 Database</database>
		<annotation>PASCAL VOC2007</annotation>
		<image>flickr</image>
		<flickrid>335217789</flickrid>
	</source>
	<owner>
		<flickrid>plymouth55cruiser</flickrid>
		<name>Dan &amp; Ila</name>
	</owner>
	<size>
		<width>500</width>
		<height>375</height>
		<depth>3</depth>
	</size>
	<segmented>0</segmented>
	<object>
		<name>sofa</name>
		<pose>Unspecified</pose>
		<truncated>1</truncated>
		<difficult>0</difficult>
		<bndbox>
			<xmin>171</xmin>
			<ymin>63</ymin>
			<xmax>500</xmax>
			<ymax>256</ymax>
		</bndbox>
	</object>
	<object>
		<name>person</name>
		<pose>Unspecified</pose>
		<truncated>1</truncated>
		<difficult>0</difficult>
		<bndbox>
			<xmin>373</xmin>
			<ymin>1</ymin>
			<xmax>500</xmax>
			<ymax>298</ymax>
		</bndbox>
	</object>
	<object>
		<name>person</name>
		<pose>Unspecified</pose>
		<truncated>1</truncated>
		<difficult>0</difficult>
		<bndbox>
			<xmin>92</xmin>
			<ymin>66</ymin>
			<xmax>177</xmax>
			<ymax>238</ymax>
		</bndbox>
	</object>
	<object>
		<name>chair</name>
		<pose>Rear</pose>
		<truncated>0</truncated>
		<difficult>0</difficult>
		<bndbox>
			<xmin>122</xmin>
			<ymin>204</ymin>
			<xmax>323</xmax>
			<ymax>375</ymax>
		</bndbox>
	</object>
</annotation>
