<annotation>
	<folder>VOC2007</folder>
	<filename>002928.jpg</filename>
	<source>
		<database>The VOC2007 Database</database>
		<annotation>PASCAL VOC2007</annotation>
		<image>flickr</image>
		<flickrid>329180616</flickrid>
	</source>
	<owner>
		<flickrid>kajaki2</flickrid>
		<name>?</name>
	</owner>
	<size>
		<width>500</width>
		<height>329</height>
		<depth>3</depth>
	</size>
	<segmented>0</segmented>
	<object>
		<name>chair</name>
		<pose>Unspecified</pose>
		<truncated>0</truncated>
		<difficult>0</difficult>
		<bndbox>
			<xmin>93</xmin>
			<ymin>55</ymin>
			<xmax>373</xmax>
			<ymax>292</ymax>
		</bndbox>
	</object>
</annotation>
