<annotation>
	<folder>VOC2007</folder>
	<filename>002907.jpg</filename>
	<source>
		<database>The VOC2007 Database</database>
		<annotation>PASCAL VOC2007</annotation>
		<image>flickr</image>
		<flickrid>307149004</flickrid>
	</source>
	<owner>
		<flickrid>Chris Paladino</flickrid>
		<name>Chris Paladino</name>
	</owner>
	<size>
		<width>500</width>
		<height>375</height>
		<depth>3</depth>
	</size>
	<segmented>0</segmented>
	<object>
		<name>chair</name>
		<pose>Left</pose>
		<truncated>1</truncated>
		<difficult>0</difficult>
		<bndbox>
			<xmin>3</xmin>
			<ymin>236</ymin>
			<xmax>112</xmax>
			<ymax>375</ymax>
		</bndbox>
	</object>
</annotation>
