<annotation>
	<folder>VOC2007</folder>
	<filename>002903.jpg</filename>
	<source>
		<database>The VOC2007 Database</database>
		<annotation>PASCAL VOC2007</annotation>
		<image>flickr</image>
		<flickrid>316233491</flickrid>
	</source>
	<owner>
		<flickrid>~Dezz~</flickrid>
		<name>Desirae</name>
	</owner>
	<size>
		<width>500</width>
		<height>376</height>
		<depth>3</depth>
	</size>
	<segmented>1</segmented>
	<object>
		<name>cow</name>
		<pose>Frontal</pose>
		<truncated>1</truncated>
		<difficult>0</difficult>
		<bndbox>
			<xmin>16</xmin>
			<ymin>19</ymin>
			<xmax>480</xmax>
			<ymax>376</ymax>
		</bndbox>
	</object>
</annotation>
