<annotation>
	<folder>VOC2007</folder>
	<filename>003068.jpg</filename>
	<source>
		<database>The VOC2007 Database</database>
		<annotation>PASCAL VOC2007</annotation>
		<image>flickr</image>
		<flickrid>335168491</flickrid>
	</source>
	<owner>
		<flickrid>Bor Borren</flickrid>
		<name>Bor Borren</name>
	</owner>
	<size>
		<width>500</width>
		<height>381</height>
		<depth>3</depth>
	</size>
	<segmented>0</segmented>
	<object>
		<name>cow</name>
		<pose>Left</pose>
		<truncated>0</truncated>
		<difficult>0</difficult>
		<bndbox>
			<xmin>75</xmin>
			<ymin>98</ymin>
			<xmax>422</xmax>
			<ymax>326</ymax>
		</bndbox>
	</object>
</annotation>
