<annotation>
	<folder>VOC2007</folder>
	<filename>003071.jpg</filename>
	<source>
		<database>The VOC2007 Database</database>
		<annotation>PASCAL VOC2007</annotation>
		<image>flickr</image>
		<flickrid>338906811</flickrid>
	</source>
	<owner>
		<flickrid>Melissa Schneider</flickrid>
		<name>Melissa Schneider</name>
	</owner>
	<size>
		<width>328</width>
		<height>500</height>
		<depth>3</depth>
	</size>
	<segmented>0</segmented>
	<object>
		<name>bottle</name>
		<pose>Unspecified</pose>
		<truncated>0</truncated>
		<difficult>0</difficult>
		<bndbox>
			<xmin>179</xmin>
			<ymin>10</ymin>
			<xmax>295</xmax>
			<ymax>469</ymax>
		</bndbox>
	</object>
</annotation>
