<annotation>
	<folder>VOC2007</folder>
	<filename>003030.jpg</filename>
	<source>
		<database>The VOC2007 Database</database>
		<annotation>PASCAL VOC2007</annotation>
		<image>flickr</image>
		<flickrid>317502051</flickrid>
	</source>
	<owner>
		<flickrid>A guy with A camera</flickrid>
		<name>Wolfgang Schlegl</name>
	</owner>
	<size>
		<width>500</width>
		<height>376</height>
		<depth>3</depth>
	</size>
	<segmented>0</segmented>
	<object>
		<name>cow</name>
		<pose>Frontal</pose>
		<truncated>1</truncated>
		<difficult>0</difficult>
		<bndbox>
			<xmin>123</xmin>
			<ymin>1</ymin>
			<xmax>421</xmax>
			<ymax>349</ymax>
		</bndbox>
	</object>
</annotation>
