<annotation>
	<folder>VOC2007</folder>
	<filename>003288.jpg</filename>
	<source>
		<database>The VOC2007 Database</database>
		<annotation>PASCAL VOC2007</annotation>
		<image>flickr</image>
		<flickrid>311424690</flickrid>
	</source>
	<owner>
		<flickrid>tbs250ml</flickrid>
		<name>?</name>
	</owner>
	<size>
		<width>500</width>
		<height>375</height>
		<depth>3</depth>
	</size>
	<segmented>0</segmented>
	<object>
		<name>cow</name>
		<pose>Left</pose>
		<truncated>0</truncated>
		<difficult>0</difficult>
		<bndbox>
			<xmin>111</xmin>
			<ymin>247</ymin>
			<xmax>227</xmax>
			<ymax>311</ymax>
		</bndbox>
	</object>
</annotation>
