<annotation>
	<folder>VOC2007</folder>
	<filename>003206.jpg</filename>
	<source>
		<database>The VOC2007 Database</database>
		<annotation>PASCAL VOC2007</annotation>
		<image>flickr</image>
		<flickrid>287487254</flickrid>
	</source>
	<owner>
		<flickrid>abi_huynh</flickrid>
		<name>Abi Huynh</name>
	</owner>
	<size>
		<width>500</width>
		<height>375</height>
		<depth>3</depth>
	</size>
	<segmented>0</segmented>
	<object>
		<name>person</name>
		<pose>Frontal</pose>
		<truncated>0</truncated>
		<difficult>0</difficult>
		<bndbox>
			<xmin>157</xmin>
			<ymin>94</ymin>
			<xmax>218</xmax>
			<ymax>205</ymax>
		</bndbox>
	</object>
	<object>
		<name>chair</name>
		<pose>Unspecified</pose>
		<truncated>1</truncated>
		<difficult>0</difficult>
		<bndbox>
			<xmin>144</xmin>
			<ymin>139</ymin>
			<xmax>230</xmax>
			<ymax>275</ymax>
		</bndbox>
	</object>
</annotation>
