<annotation>
	<folder>VOC2007</folder>
	<filename>003245.jpg</filename>
	<source>
		<database>The VOC2007 Database</database>
		<annotation>PASCAL VOC2007</annotation>
		<image>flickr</image>
		<flickrid>323397381</flickrid>
	</source>
	<owner>
		<flickrid>sethne</flickrid>
		<name>Fredrik Sethne-Anderse</name>
	</owner>
	<size>
		<width>500</width>
		<height>332</height>
		<depth>3</depth>
	</size>
	<segmented>0</segmented>
	<object>
		<name>chair</name>
		<pose>Frontal</pose>
		<truncated>0</truncated>
		<difficult>0</difficult>
		<bndbox>
			<xmin>33</xmin>
			<ymin>191</ymin>
			<xmax>101</xmax>
			<ymax>291</ymax>
		</bndbox>
	</object>
	<object>
		<name>chair</name>
		<pose>Frontal</pose>
		<truncated>0</truncated>
		<difficult>0</difficult>
		<bndbox>
			<xmin>152</xmin>
			<ymin>199</ymin>
			<xmax>222</xmax>
			<ymax>306</ymax>
		</bndbox>
	</object>
	<object>
		<name>chair</name>
		<pose>Frontal</pose>
		<truncated>0</truncated>
		<difficult>0</difficult>
		<bndbox>
			<xmin>327</xmin>
			<ymin>195</ymin>
			<xmax>390</xmax>
			<ymax>298</ymax>
		</bndbox>
	</object>
	<object>
		<name>chair</name>
		<pose>Unspecified</pose>
		<truncated>1</truncated>
		<difficult>1</difficult>
		<bndbox>
			<xmin>153</xmin>
			<ymin>162</ymin>
			<xmax>213</xmax>
			<ymax>207</ymax>
		</bndbox>
	</object>
	<object>
		<name>chair</name>
		<pose>Unspecified</pose>
		<truncated>0</truncated>
		<difficult>1</difficult>
		<bndbox>
			<xmin>320</xmin>
			<ymin>162</ymin>
			<xmax>387</xmax>
			<ymax>250</ymax>
		</bndbox>
	</object>
	<object>
		<name>person</name>
		<pose>Frontal</pose>
		<truncated>0</truncated>
		<difficult>0</difficult>
		<bndbox>
			<xmin>392</xmin>
			<ymin>98</ymin>
			<xmax>450</xmax>
			<ymax>311</ymax>
		</bndbox>
		<part>
			<name>head</name>
			<bndbox>
				<xmin>409.1694</xmin>
				<ymin>99.9677</ymin>
				<xmax>428.121</xmax>
				<ymax>126.9839</ymax>
			</bndbox>
		</part>
		<part>
			<name>hand</name>
			<bndbox>
				<xmin>392.6371</xmin>
				<ymin>203.5968</ymin>
				<xmax>408.3629</xmax>
				<ymax>222.1452</ymax>
			</bndbox>
		</part>
		<part>
			<name>hand</name>
			<bndbox>
				<xmin>428.9274</xmin>
				<ymin>205.2097</ymin>
				<xmax>442.2339</xmax>
				<ymax>222.5484</ymax>
			</bndbox>
		</part>
		<part>
			<name>foot</name>
			<bndbox>
				<xmin>402.3145</xmin>
				<ymin>295.9355</ymin>
				<xmax>418.8468</xmax>
				<ymax>305.2097</ymax>
			</bndbox>
		</part>
		<part>
			<name>foot</name>
			<bndbox>
				<xmin>429.7339</xmin>
				<ymin>297.1452</ymin>
				<xmax>441.8306</xmax>
				<ymax>308.0323</ymax>
			</bndbox>
		</part>
	</object>
	<object>
		<name>person</name>
		<pose>Frontal</pose>
		<truncated>0</truncated>
		<difficult>0</difficult>
		<bndbox>
			<xmin>238</xmin>
			<ymin>91</ymin>
			<xmax>297</xmax>
			<ymax>316</ymax>
		</bndbox>
		<part>
			<name>head</name>
			<bndbox>
				<xmin>253.121</xmin>
				<ymin>93.5161</ymin>
				<xmax>275.7016</xmax>
				<ymax>125.371</ymax>
			</bndbox>
		</part>
		<part>
			<name>hand</name>
			<bndbox>
				<xmin>238.6048</xmin>
				<ymin>205.6129</ymin>
				<xmax>246.2661</xmax>
				<ymax>225.371</ymax>
			</bndbox>
		</part>
		<part>
			<name>hand</name>
			<bndbox>
				<xmin>280.5403</xmin>
				<ymin>206.4194</ymin>
				<xmax>294.6532</xmax>
				<ymax>224.1613</ymax>
			</bndbox>
		</part>
		<part>
			<name>foot</name>
			<bndbox>
				<xmin>271.2661</xmin>
				<ymin>303.1935</ymin>
				<xmax>282.5565</xmax>
				<ymax>314.4839</ymax>
			</bndbox>
		</part>
		<part>
			<name>foot</name>
			<bndbox>
				<xmin>257.9597</xmin>
				<ymin>304.8065</ymin>
				<xmax>270.0565</xmax>
				<ymax>314.4839</ymax>
			</bndbox>
		</part>
	</object>
	<object>
		<name>person</name>
		<pose>Frontal</pose>
		<truncated>0</truncated>
		<difficult>0</difficult>
		<bndbox>
			<xmin>89</xmin>
			<ymin>80</ymin>
			<xmax>152</xmax>
			<ymax>297</ymax>
		</bndbox>
		<part>
			<name>head</name>
			<bndbox>
				<xmin>103.9274</xmin>
				<ymin>82.2258</ymin>
				<xmax>124.0887</xmax>
				<ymax>112.871</ymax>
			</bndbox>
		</part>
		<part>
			<name>hand</name>
			<bndbox>
				<xmin>141.4274</xmin>
				<ymin>191.5</ymin>
				<xmax>150.2984</xmax>
				<ymax>210.4516</ymax>
			</bndbox>
		</part>
		<part>
			<name>hand</name>
			<bndbox>
				<xmin>89.0081</xmin>
				<ymin>191.9032</ymin>
				<xmax>95.4597</xmax>
				<ymax>208.8387</ymax>
			</bndbox>
		</part>
		<part>
			<name>foot</name>
			<bndbox>
				<xmin>116.8306</xmin>
				<ymin>285.8548</ymin>
				<xmax>131.3468</xmax>
				<ymax>296.7419</ymax>
			</bndbox>
		</part>
		<part>
			<name>foot</name>
			<bndbox>
				<xmin>108.3629</xmin>
				<ymin>285.4516</ymin>
				<xmax>122.879</xmax>
				<ymax>295.9355</ymax>
			</bndbox>
		</part>
	</object>
</annotation>
