<annotation>
	<folder>VOC2007</folder>
	<filename>003201.jpg</filename>
	<source>
		<database>The VOC2007 Database</database>
		<annotation>PASCAL VOC2007</annotation>
		<image>flickr</image>
		<flickrid>339475340</flickrid>
	</source>
	<owner>
		<flickrid>bencstuart</flickrid>
		<name>?</name>
	</owner>
	<size>
		<width>500</width>
		<height>315</height>
		<depth>3</depth>
	</size>
	<segmented>1</segmented>
	<object>
		<name>cow</name>
		<pose>Frontal</pose>
		<truncated>0</truncated>
		<difficult>0</difficult>
		<bndbox>
			<xmin>1</xmin>
			<ymin>53</ymin>
			<xmax>166</xmax>
			<ymax>260</ymax>
		</bndbox>
	</object>
	<object>
		<name>cow</name>
		<pose>Left</pose>
		<truncated>0</truncated>
		<difficult>0</difficult>
		<bndbox>
			<xmin>137</xmin>
			<ymin>25</ymin>
			<xmax>416</xmax>
			<ymax>298</ymax>
		</bndbox>
	</object>
	<object>
		<name>cow</name>
		<pose>Unspecified</pose>
		<truncated>1</truncated>
		<difficult>0</difficult>
		<bndbox>
			<xmin>320</xmin>
			<ymin>30</ymin>
			<xmax>500</xmax>
			<ymax>261</ymax>
		</bndbox>
	</object>
</annotation>
