<annotation>
	<folder>VOC2007</folder>
	<filename>003394.jpg</filename>
	<source>
		<database>The VOC2007 Database</database>
		<annotation>PASCAL VOC2007</annotation>
		<image>flickr</image>
		<flickrid>325349281</flickrid>
	</source>
	<owner>
		<flickrid>Chris And Sharon in NZ</flickrid>
		<name>?</name>
	</owner>
	<size>
		<width>500</width>
		<height>375</height>
		<depth>3</depth>
	</size>
	<segmented>0</segmented>
	<object>
		<name>cow</name>
		<pose>Unspecified</pose>
		<truncated>0</truncated>
		<difficult>0</difficult>
		<bndbox>
			<xmin>35</xmin>
			<ymin>26</ymin>
			<xmax>371</xmax>
			<ymax>375</ymax>
		</bndbox>
	</object>
	<object>
		<name>cow</name>
		<pose>Unspecified</pose>
		<truncated>1</truncated>
		<difficult>1</difficult>
		<bndbox>
			<xmin>330</xmin>
			<ymin>82</ymin>
			<xmax>500</xmax>
			<ymax>178</ymax>
		</bndbox>
	</object>
</annotation>
