<annotation>
	<folder>VOC2007</folder>
	<filename>003341.jpg</filename>
	<source>
		<database>The VOC2007 Database</database>
		<annotation>PASCAL VOC2007</annotation>
		<image>flickr</image>
		<flickrid>245271421</flickrid>
	</source>
	<owner>
		<flickrid>Max Tam</flickrid>
		<name>?</name>
	</owner>
	<size>
		<width>500</width>
		<height>375</height>
		<depth>3</depth>
	</size>
	<segmented>0</segmented>
	<object>
		<name>sofa</name>
		<pose>Unspecified</pose>
		<truncated>0</truncated>
		<difficult>1</difficult>
		<bndbox>
			<xmin>40</xmin>
			<ymin>142</ymin>
			<xmax>394</xmax>
			<ymax>276</ymax>
		</bndbox>
	</object>
	<object>
		<name>chair</name>
		<pose>Unspecified</pose>
		<truncated>1</truncated>
		<difficult>0</difficult>
		<bndbox>
			<xmin>404</xmin>
			<ymin>148</ymin>
			<xmax>500</xmax>
			<ymax>255</ymax>
		</bndbox>
	</object>
	<object>
		<name>person</name>
		<pose>Unspecified</pose>
		<truncated>0</truncated>
		<difficult>0</difficult>
		<bndbox>
			<xmin>26</xmin>
			<ymin>14</ymin>
			<xmax>147</xmax>
			<ymax>330</ymax>
		</bndbox>
		<part>
			<name>head</name>
			<bndbox>
				<xmin>65</xmin>
				<ymin>17</ymin>
				<xmax>106</xmax>
				<ymax>65</ymax>
			</bndbox>
		</part>
		<part>
			<name>hand</name>
			<bndbox>
				<xmin>69</xmin>
				<ymin>169</ymin>
				<xmax>97</xmax>
				<ymax>197</ymax>
			</bndbox>
		</part>
		<part>
			<name>foot</name>
			<bndbox>
				<xmin>57</xmin>
				<ymin>299</ymin>
				<xmax>93</xmax>
				<ymax>329</ymax>
			</bndbox>
		</part>
		<part>
			<name>foot</name>
			<bndbox>
				<xmin>99</xmin>
				<ymin>292</ymin>
				<xmax>146</xmax>
				<ymax>320</ymax>
			</bndbox>
		</part>
	</object>
	<object>
		<name>person</name>
		<pose>Unspecified</pose>
		<truncated>0</truncated>
		<difficult>0</difficult>
		<bndbox>
			<xmin>119</xmin>
			<ymin>85</ymin>
			<xmax>215</xmax>
			<ymax>318</ymax>
		</bndbox>
		<part>
			<name>head</name>
			<bndbox>
				<xmin>140</xmin>
				<ymin>87</ymin>
				<xmax>176</xmax>
				<ymax>130</ymax>
			</bndbox>
		</part>
		<part>
			<name>foot</name>
			<bndbox>
				<xmin>152</xmin>
				<ymin>284</ymin>
				<xmax>187</xmax>
				<ymax>313</ymax>
			</bndbox>
		</part>
		<part>
			<name>foot</name>
			<bndbox>
				<xmin>183</xmin>
				<ymin>285</ymin>
				<xmax>211</xmax>
				<ymax>313</ymax>
			</bndbox>
		</part>
	</object>
	<object>
		<name>person</name>
		<pose>Unspecified</pose>
		<truncated>0</truncated>
		<difficult>0</difficult>
		<bndbox>
			<xmin>189</xmin>
			<ymin>94</ymin>
			<xmax>284</xmax>
			<ymax>315</ymax>
		</bndbox>
		<part>
			<name>head</name>
			<bndbox>
				<xmin>210</xmin>
				<ymin>95</ymin>
				<xmax>242</xmax>
				<ymax>136</ymax>
			</bndbox>
		</part>
		<part>
			<name>foot</name>
			<bndbox>
				<xmin>243</xmin>
				<ymin>282</ymin>
				<xmax>266</xmax>
				<ymax>307</ymax>
			</bndbox>
		</part>
		<part>
			<name>foot</name>
			<bndbox>
				<xmin>262</xmin>
				<ymin>280</ymin>
				<xmax>282</xmax>
				<ymax>305</ymax>
			</bndbox>
		</part>
		<part>
			<name>hand</name>
			<bndbox>
				<xmin>244</xmin>
				<ymin>179</ymin>
				<xmax>262</xmax>
				<ymax>198</ymax>
			</bndbox>
		</part>
		<part>
			<name>hand</name>
			<bndbox>
				<xmin>236</xmin>
				<ymin>177</ymin>
				<xmax>252</xmax>
				<ymax>199</ymax>
			</bndbox>
		</part>
	</object>
	<object>
		<name>person</name>
		<pose>Unspecified</pose>
		<truncated>0</truncated>
		<difficult>0</difficult>
		<bndbox>
			<xmin>275</xmin>
			<ymin>92</ymin>
			<xmax>355</xmax>
			<ymax>298</ymax>
		</bndbox>
		<part>
			<name>head</name>
			<bndbox>
				<xmin>288</xmin>
				<ymin>93</ymin>
				<xmax>324</xmax>
				<ymax>134</ymax>
			</bndbox>
		</part>
		<part>
			<name>hand</name>
			<bndbox>
				<xmin>292</xmin>
				<ymin>157</ymin>
				<xmax>306</xmax>
				<ymax>176</ymax>
			</bndbox>
		</part>
		<part>
			<name>foot</name>
			<bndbox>
				<xmin>309</xmin>
				<ymin>278</ymin>
				<xmax>331</xmax>
				<ymax>295</ymax>
			</bndbox>
		</part>
		<part>
			<name>foot</name>
			<bndbox>
				<xmin>327</xmin>
				<ymin>276</ymin>
				<xmax>353</xmax>
				<ymax>294</ymax>
			</bndbox>
		</part>
	</object>
	<object>
		<name>person</name>
		<pose>Unspecified</pose>
		<truncated>0</truncated>
		<difficult>0</difficult>
		<bndbox>
			<xmin>316</xmin>
			<ymin>131</ymin>
			<xmax>422</xmax>
			<ymax>328</ymax>
		</bndbox>
		<part>
			<name>head</name>
			<bndbox>
				<xmin>338</xmin>
				<ymin>132</ymin>
				<xmax>373</xmax>
				<ymax>177</ymax>
			</bndbox>
		</part>
		<part>
			<name>hand</name>
			<bndbox>
				<xmin>338</xmin>
				<ymin>204</ymin>
				<xmax>358</xmax>
				<ymax>220</ymax>
			</bndbox>
		</part>
		<part>
			<name>hand</name>
			<bndbox>
				<xmin>361</xmin>
				<ymin>231</ymin>
				<xmax>378</xmax>
				<ymax>251</ymax>
			</bndbox>
		</part>
		<part>
			<name>foot</name>
			<bndbox>
				<xmin>368</xmin>
				<ymin>297</ymin>
				<xmax>421</xmax>
				<ymax>328</ymax>
			</bndbox>
		</part>
	</object>
	<object>
		<name>person</name>
		<pose>Unspecified</pose>
		<truncated>0</truncated>
		<difficult>0</difficult>
		<bndbox>
			<xmin>259</xmin>
			<ymin>38</ymin>
			<xmax>453</xmax>
			<ymax>312</ymax>
		</bndbox>
		<part>
			<name>head</name>
			<bndbox>
				<xmin>321</xmin>
				<ymin>41</ymin>
				<xmax>353</xmax>
				<ymax>82</ymax>
			</bndbox>
		</part>
		<part>
			<name>hand</name>
			<bndbox>
				<xmin>387</xmin>
				<ymin>156</ymin>
				<xmax>403</xmax>
				<ymax>179</ymax>
			</bndbox>
		</part>
		<part>
			<name>foot</name>
			<bndbox>
				<xmin>411</xmin>
				<ymin>278</ymin>
				<xmax>452</xmax>
				<ymax>298</ymax>
			</bndbox>
		</part>
	</object>
	<object>
		<name>person</name>
		<pose>Unspecified</pose>
		<truncated>0</truncated>
		<difficult>0</difficult>
		<bndbox>
			<xmin>377</xmin>
			<ymin>27</ymin>
			<xmax>486</xmax>
			<ymax>273</ymax>
		</bndbox>
		<part>
			<name>head</name>
			<bndbox>
				<xmin>386</xmin>
				<ymin>36</ymin>
				<xmax>419</xmax>
				<ymax>75</ymax>
			</bndbox>
		</part>
		<part>
			<name>hand</name>
			<bndbox>
				<xmin>444</xmin>
				<ymin>173</ymin>
				<xmax>468</xmax>
				<ymax>200</ymax>
			</bndbox>
		</part>
		<part>
			<name>foot</name>
			<bndbox>
				<xmin>455</xmin>
				<ymin>254</ymin>
				<xmax>477</xmax>
				<ymax>274</ymax>
			</bndbox>
		</part>
	</object>
</annotation>
