<annotation>
	<folder>VOC2007</folder>
	<filename>003582.jpg</filename>
	<source>
		<database>The VOC2007 Database</database>
		<annotation>PASCAL VOC2007</annotation>
		<image>flickr</image>
		<flickrid>332791999</flickrid>
	</source>
	<owner>
		<flickrid>amber ruby</flickrid>
		<name>Amber Ruby</name>
	</owner>
	<size>
		<width>500</width>
		<height>216</height>
		<depth>3</depth>
	</size>
	<segmented>0</segmented>
	<object>
		<name>chair</name>
		<pose>Frontal</pose>
		<truncated>0</truncated>
		<difficult>0</difficult>
		<bndbox>
			<xmin>323</xmin>
			<ymin>115</ymin>
			<xmax>397</xmax>
			<ymax>204</ymax>
		</bndbox>
	</object>
</annotation>
