<annotation>
	<folder>VOC2007</folder>
	<filename>003544.jpg</filename>
	<source>
		<database>The VOC2007 Database</database>
		<annotation>PASCAL VOC2007</annotation>
		<image>flickr</image>
		<flickrid>331428806</flickrid>
	</source>
	<owner>
		<flickrid>AmyCle</flickrid>
		<name>Chris</name>
	</owner>
	<size>
		<width>500</width>
		<height>375</height>
		<depth>3</depth>
	</size>
	<segmented>0</segmented>
	<object>
		<name>bottle</name>
		<pose>Unspecified</pose>
		<truncated>0</truncated>
		<difficult>1</difficult>
		<bndbox>
			<xmin>422</xmin>
			<ymin>153</ymin>
			<xmax>430</xmax>
			<ymax>177</ymax>
		</bndbox>
	</object>
	<object>
		<name>bottle</name>
		<pose>Unspecified</pose>
		<truncated>0</truncated>
		<difficult>1</difficult>
		<bndbox>
			<xmin>403</xmin>
			<ymin>151</ymin>
			<xmax>412</xmax>
			<ymax>178</ymax>
		</bndbox>
	</object>
	<object>
		<name>sofa</name>
		<pose>Left</pose>
		<truncated>1</truncated>
		<difficult>0</difficult>
		<bndbox>
			<xmin>366</xmin>
			<ymin>184</ymin>
			<xmax>500</xmax>
			<ymax>375</ymax>
		</bndbox>
	</object>
</annotation>
