<annotation>
	<folder>VOC2007</folder>
	<filename>003526.jpg</filename>
	<source>
		<database>The VOC2007 Database</database>
		<annotation>PASCAL VOC2007</annotation>
		<image>flickr</image>
		<flickrid>335199995</flickrid>
	</source>
	<owner>
		<flickrid>mavjop</flickrid>
		<name>?</name>
	</owner>
	<size>
		<width>500</width>
		<height>375</height>
		<depth>3</depth>
	</size>
	<segmented>0</segmented>
	<object>
		<name>chair</name>
		<pose>Rear</pose>
		<truncated>0</truncated>
		<difficult>0</difficult>
		<bndbox>
			<xmin>376</xmin>
			<ymin>160</ymin>
			<xmax>419</xmax>
			<ymax>234</ymax>
		</bndbox>
	</object>
</annotation>
