<annotation>
	<folder>VOC2007</folder>
	<filename>003650.jpg</filename>
	<source>
		<database>The VOC2007 Database</database>
		<annotation>PASCAL VOC2007</annotation>
		<image>flickr</image>
		<flickrid>333032551</flickrid>
	</source>
	<owner>
		<flickrid>MacPhersons</flickrid>
		<name>?</name>
	</owner>
	<size>
		<width>500</width>
		<height>371</height>
		<depth>3</depth>
	</size>
	<segmented>0</segmented>
	<object>
		<name>person</name>
		<pose>Unspecified</pose>
		<truncated>0</truncated>
		<difficult>0</difficult>
		<bndbox>
			<xmin>192</xmin>
			<ymin>67</ymin>
			<xmax>371</xmax>
			<ymax>228</ymax>
		</bndbox>
		<part>
			<name>head</name>
			<bndbox>
				<xmin>250.7077</xmin>
				<ymin>68.0112</ymin>
				<xmax>304.3012</xmax>
				<ymax>138.6383</ymax>
			</bndbox>
		</part>
		<part>
			<name>hand</name>
			<bndbox>
				<xmin>314.6876</xmin>
				<ymin>207.6036</ymin>
				<xmax>338.7839</xmax>
				<ymax>222.9754</ymax>
			</bndbox>
		</part>
		<part>
			<name>hand</name>
			<bndbox>
				<xmin>192.9597</xmin>
				<ymin>210.9272</ymin>
				<xmax>217.4714</xmax>
				<ymax>221.3135</ymax>
			</bndbox>
		</part>
	</object>
	<object>
		<name>chair</name>
		<pose>Frontal</pose>
		<truncated>1</truncated>
		<difficult>0</difficult>
		<bndbox>
			<xmin>277</xmin>
			<ymin>1</ymin>
			<xmax>425</xmax>
			<ymax>124</ymax>
		</bndbox>
	</object>
	<object>
		<name>sofa</name>
		<pose>Unspecified</pose>
		<truncated>1</truncated>
		<difficult>1</difficult>
		<bndbox>
			<xmin>1</xmin>
			<ymin>1</ymin>
			<xmax>121</xmax>
			<ymax>204</ymax>
		</bndbox>
	</object>
</annotation>
