<annotation>
	<folder>VOC2007</folder>
	<filename>003697.jpg</filename>
	<source>
		<database>The VOC2007 Database</database>
		<annotation>PASCAL VOC2007</annotation>
		<image>flickr</image>
		<flickrid>317288049</flickrid>
	</source>
	<owner>
		<flickrid>bclibgeek</flickrid>
		<name>Beth Carpenter</name>
	</owner>
	<size>
		<width>500</width>
		<height>375</height>
		<depth>3</depth>
	</size>
	<segmented>0</segmented>
	<object>
		<name>bottle</name>
		<pose>Unspecified</pose>
		<truncated>1</truncated>
		<difficult>0</difficult>
		<bndbox>
			<xmin>213</xmin>
			<ymin>195</ymin>
			<xmax>336</xmax>
			<ymax>375</ymax>
		</bndbox>
	</object>
	<object>
		<name>bottle</name>
		<pose>Unspecified</pose>
		<truncated>1</truncated>
		<difficult>0</difficult>
		<bndbox>
			<xmin>91</xmin>
			<ymin>189</ymin>
			<xmax>217</xmax>
			<ymax>342</ymax>
		</bndbox>
	</object>
	<object>
		<name>bottle</name>
		<pose>Unspecified</pose>
		<truncated>1</truncated>
		<difficult>0</difficult>
		<bndbox>
			<xmin>58</xmin>
			<ymin>132</ymin>
			<xmax>219</xmax>
			<ymax>375</ymax>
		</bndbox>
	</object>
</annotation>
