<annotation>
	<folder>VOC2007</folder>
	<filename>003668.jpg</filename>
	<source>
		<database>The VOC2007 Database</database>
		<annotation>PASCAL VOC2007</annotation>
		<image>flickr</image>
		<flickrid>337898318</flickrid>
	</source>
	<owner>
		<flickrid>sbjuengst</flickrid>
		<name>Shannon Juengst</name>
	</owner>
	<size>
		<width>500</width>
		<height>333</height>
		<depth>3</depth>
	</size>
	<segmented>1</segmented>
	<object>
		<name>diningtable</name>
		<pose>Unspecified</pose>
		<truncated>1</truncated>
		<difficult>0</difficult>
		<bndbox>
			<xmin>27</xmin>
			<ymin>157</ymin>
			<xmax>376</xmax>
			<ymax>333</ymax>
		</bndbox>
	</object>
</annotation>
