<annotation>
	<folder>VOC2007</folder>
	<filename>003600.jpg</filename>
	<source>
		<database>The VOC2007 Database</database>
		<annotation>PASCAL VOC2007</annotation>
		<image>flickr</image>
		<flickrid>338048392</flickrid>
	</source>
	<owner>
		<flickrid>Jeff Mills and Family</flickrid>
		<name>?</name>
	</owner>
	<size>
		<width>500</width>
		<height>390</height>
		<depth>3</depth>
	</size>
	<segmented>0</segmented>
	<object>
		<name>chair</name>
		<pose>Unspecified</pose>
		<truncated>1</truncated>
		<difficult>1</difficult>
		<bndbox>
			<xmin>1</xmin>
			<ymin>200</ymin>
			<xmax>90</xmax>
			<ymax>390</ymax>
		</bndbox>
	</object>
	<object>
		<name>chair</name>
		<pose>Left</pose>
		<truncated>0</truncated>
		<difficult>0</difficult>
		<bndbox>
			<xmin>244</xmin>
			<ymin>98</ymin>
			<xmax>450</xmax>
			<ymax>350</ymax>
		</bndbox>
	</object>
	<object>
		<name>person</name>
		<pose>Unspecified</pose>
		<truncated>0</truncated>
		<difficult>0</difficult>
		<bndbox>
			<xmin>197</xmin>
			<ymin>32</ymin>
			<xmax>362</xmax>
			<ymax>367</ymax>
		</bndbox>
		<part>
			<name>head</name>
			<bndbox>
				<xmin>277.3589</xmin>
				<ymin>33.4731</ymin>
				<xmax>338.5011</xmax>
				<ymax>109.0274</ymax>
			</bndbox>
		</part>
		<part>
			<name>hand</name>
			<bndbox>
				<xmin>205.2984</xmin>
				<ymin>135.668</ymin>
				<xmax>235.8695</xmax>
				<ymax>159.2514</ymax>
			</bndbox>
		</part>
		<part>
			<name>hand</name>
			<bndbox>
				<xmin>242.8572</xmin>
				<ymin>207.7284</ymin>
				<xmax>275.612</xmax>
				<ymax>233.4955</ymax>
			</bndbox>
		</part>
		<part>
			<name>foot</name>
			<bndbox>
				<xmin>199.6209</xmin>
				<ymin>295.0745</ymin>
				<xmax>241.1103</xmax>
				<ymax>319.9681</ymax>
			</bndbox>
		</part>
		<part>
			<name>foot</name>
			<bndbox>
				<xmin>208.3555</xmin>
				<ymin>329.1394</ymin>
				<xmax>276.9222</xmax>
				<ymax>367.5717</ymax>
			</bndbox>
		</part>
	</object>
</annotation>
