<annotation>
	<folder>VOC2007</folder>
	<filename>003775.jpg</filename>
	<source>
		<database>The VOC2007 Database</database>
		<annotation>PASCAL VOC2007</annotation>
		<image>flickr</image>
		<flickrid>323485040</flickrid>
	</source>
	<owner>
		<flickrid>jacksonista</flickrid>
		<name>Patricia Wiley</name>
	</owner>
	<size>
		<width>500</width>
		<height>333</height>
		<depth>3</depth>
	</size>
	<segmented>0</segmented>
	<object>
		<name>chair</name>
		<pose>Unspecified</pose>
		<truncated>1</truncated>
		<difficult>0</difficult>
		<bndbox>
			<xmin>321</xmin>
			<ymin>1</ymin>
			<xmax>407</xmax>
			<ymax>84</ymax>
		</bndbox>
	</object>
	<object>
		<name>chair</name>
		<pose>Frontal</pose>
		<truncated>0</truncated>
		<difficult>0</difficult>
		<bndbox>
			<xmin>75</xmin>
			<ymin>11</ymin>
			<xmax>436</xmax>
			<ymax>331</ymax>
		</bndbox>
	</object>
</annotation>
