<annotation>
	<folder>VOC2007</folder>
	<filename>003736.jpg</filename>
	<source>
		<database>The VOC2007 Database</database>
		<annotation>PASCAL VOC2007</annotation>
		<image>flickr</image>
		<flickrid>334468851</flickrid>
	</source>
	<owner>
		<flickrid>Clarkwoods</flickrid>
		<name>E. Christopher Clark</name>
	</owner>
	<size>
		<width>500</width>
		<height>375</height>
		<depth>3</depth>
	</size>
	<segmented>0</segmented>
	<object>
		<name>chair</name>
		<pose>Frontal</pose>
		<truncated>1</truncated>
		<difficult>0</difficult>
		<bndbox>
			<xmin>84</xmin>
			<ymin>58</ymin>
			<xmax>392</xmax>
			<ymax>375</ymax>
		</bndbox>
	</object>
	<object>
		<name>chair</name>
		<pose>Frontal</pose>
		<truncated>1</truncated>
		<difficult>0</difficult>
		<bndbox>
			<xmin>393</xmin>
			<ymin>153</ymin>
			<xmax>500</xmax>
			<ymax>375</ymax>
		</bndbox>
	</object>
	<object>
		<name>person</name>
		<pose>Unspecified</pose>
		<truncated>1</truncated>
		<difficult>0</difficult>
		<bndbox>
			<xmin>134</xmin>
			<ymin>59</ymin>
			<xmax>340</xmax>
			<ymax>375</ymax>
		</bndbox>
		<part>
			<name>head</name>
			<bndbox>
				<xmin>210</xmin>
				<ymin>60</ymin>
				<xmax>294</xmax>
				<ymax>149</ymax>
			</bndbox>
		</part>
		<part>
			<name>hand</name>
			<bndbox>
				<xmin>134</xmin>
				<ymin>181</ymin>
				<xmax>170</xmax>
				<ymax>219</ymax>
			</bndbox>
		</part>
		<part>
			<name>hand</name>
			<bndbox>
				<xmin>255</xmin>
				<ymin>287</ymin>
				<xmax>294</xmax>
				<ymax>331</ymax>
			</bndbox>
		</part>
	</object>
	<object>
		<name>bottle</name>
		<pose>Unspecified</pose>
		<truncated>0</truncated>
		<difficult>0</difficult>
		<bndbox>
			<xmin>145</xmin>
			<ymin>181</ymin>
			<xmax>205</xmax>
			<ymax>274</ymax>
		</bndbox>
	</object>
</annotation>
