<annotation>
	<folder>VOC2007</folder>
	<filename>003841.jpg</filename>
	<source>
		<database>The VOC2007 Database</database>
		<annotation>PASCAL VOC2007</annotation>
		<image>flickr</image>
		<flickrid>325672711</flickrid>
	</source>
	<owner>
		<flickrid>RowdyReptile</flickrid>
		<name>?</name>
	</owner>
	<size>
		<width>500</width>
		<height>446</height>
		<depth>3</depth>
	</size>
	<segmented>1</segmented>
	<object>
		<name>cow</name>
		<pose>Unspecified</pose>
		<truncated>1</truncated>
		<difficult>0</difficult>
		<bndbox>
			<xmin>2</xmin>
			<ymin>9</ymin>
			<xmax>408</xmax>
			<ymax>445</ymax>
		</bndbox>
	</object>
</annotation>
