<annotation>
	<folder>VOC2007</folder>
	<filename>003842.jpg</filename>
	<source>
		<database>The VOC2007 Database</database>
		<annotation>PASCAL VOC2007</annotation>
		<image>flickr</image>
		<flickrid>307211842</flickrid>
	</source>
	<owner>
		<flickrid>:: Wendy ::</flickrid>
		<name>Wendy House</name>
	</owner>
	<size>
		<width>224</width>
		<height>500</height>
		<depth>3</depth>
	</size>
	<segmented>0</segmented>
	<object>
		<name>bottle</name>
		<pose>Unspecified</pose>
		<truncated>0</truncated>
		<difficult>0</difficult>
		<bndbox>
			<xmin>44</xmin>
			<ymin>15</ymin>
			<xmax>201</xmax>
			<ymax>497</ymax>
		</bndbox>
	</object>
</annotation>
