<annotation>
	<folder>VOC2007</folder>
	<filename>003802.jpg</filename>
	<source>
		<database>The VOC2007 Database</database>
		<annotation>PASCAL VOC2007</annotation>
		<image>flickr</image>
		<flickrid>161151817</flickrid>
	</source>
	<owner>
		<flickrid>susy.lily</flickrid>
		<name>Susy Doyle</name>
	</owner>
	<size>
		<width>500</width>
		<height>375</height>
		<depth>3</depth>
	</size>
	<segmented>0</segmented>
	<object>
		<name>bottle</name>
		<pose>Unspecified</pose>
		<truncated>0</truncated>
		<difficult>0</difficult>
		<bndbox>
			<xmin>241</xmin>
			<ymin>24</ymin>
			<xmax>268</xmax>
			<ymax>116</ymax>
		</bndbox>
	</object>
</annotation>
