<annotation>
	<folder>VOC2007</folder>
	<filename>003944.jpg</filename>
	<source>
		<database>The VOC2007 Database</database>
		<annotation>PASCAL VOC2007</annotation>
		<image>flickr</image>
		<flickrid>312320313</flickrid>
	</source>
	<owner>
		<flickrid>bec.w</flickrid>
		<name>?</name>
	</owner>
	<size>
		<width>500</width>
		<height>375</height>
		<depth>3</depth>
	</size>
	<segmented>0</segmented>
	<object>
		<name>sofa</name>
		<pose>Frontal</pose>
		<truncated>1</truncated>
		<difficult>0</difficult>
		<bndbox>
			<xmin>3</xmin>
			<ymin>153</ymin>
			<xmax>500</xmax>
			<ymax>374</ymax>
		</bndbox>
	</object>
	<object>
		<name>bottle</name>
		<pose>Unspecified</pose>
		<truncated>0</truncated>
		<difficult>0</difficult>
		<bndbox>
			<xmin>68</xmin>
			<ymin>240</ymin>
			<xmax>97</xmax>
			<ymax>301</ymax>
		</bndbox>
	</object>
	<object>
		<name>person</name>
		<pose>Unspecified</pose>
		<truncated>1</truncated>
		<difficult>0</difficult>
		<bndbox>
			<xmin>203</xmin>
			<ymin>29</ymin>
			<xmax>500</xmax>
			<ymax>374</ymax>
		</bndbox>
		<part>
			<name>head</name>
			<bndbox>
				<xmin>332.1769</xmin>
				<ymin>30.9451</ymin>
				<xmax>407.7648</xmax>
				<ymax>125.0101</ymax>
			</bndbox>
		</part>
		<part>
			<name>hand</name>
			<bndbox>
				<xmin>432.9608</xmin>
				<ymin>224.5342</ymin>
				<xmax>473.2744</xmax>
				<ymax>261.0683</ymax>
			</bndbox>
		</part>
		<part>
			<name>hand</name>
			<bndbox>
				<xmin>205.3572</xmin>
				<ymin>224.9541</ymin>
				<xmax>263.308</xmax>
				<ymax>261.4882</ymax>
			</bndbox>
		</part>
	</object>
</annotation>
