<annotation>
	<folder>VOC2007</folder>
	<filename>003906.jpg</filename>
	<source>
		<database>The VOC2007 Database</database>
		<annotation>PASCAL VOC2007</annotation>
		<image>flickr</image>
		<flickrid>338147585</flickrid>
	</source>
	<owner>
		<flickrid>Bitey</flickrid>
		<name>Chad Mutchler</name>
	</owner>
	<size>
		<width>500</width>
		<height>333</height>
		<depth>3</depth>
	</size>
	<segmented>0</segmented>
	<object>
		<name>cat</name>
		<pose>Frontal</pose>
		<truncated>0</truncated>
		<difficult>0</difficult>
		<bndbox>
			<xmin>150</xmin>
			<ymin>1</ymin>
			<xmax>394</xmax>
			<ymax>332</ymax>
		</bndbox>
	</object>
	<object>
		<name>bottle</name>
		<pose>Unspecified</pose>
		<truncated>1</truncated>
		<difficult>0</difficult>
		<bndbox>
			<xmin>392</xmin>
			<ymin>142</ymin>
			<xmax>493</xmax>
			<ymax>333</ymax>
		</bndbox>
	</object>
</annotation>
