<annotation>
	<folder>VOC2007</folder>
	<filename>003950.jpg</filename>
	<source>
		<database>The VOC2007 Database</database>
		<annotation>PASCAL VOC2007</annotation>
		<image>flickr</image>
		<flickrid>338874364</flickrid>
	</source>
	<owner>
		<flickrid>Ilhuicamina</flickrid>
		<name>Thomas Aleto</name>
	</owner>
	<size>
		<width>500</width>
		<height>320</height>
		<depth>3</depth>
	</size>
	<segmented>0</segmented>
	<object>
		<name>chair</name>
		<pose>Unspecified</pose>
		<truncated>0</truncated>
		<difficult>1</difficult>
		<bndbox>
			<xmin>201</xmin>
			<ymin>173</ymin>
			<xmax>243</xmax>
			<ymax>268</ymax>
		</bndbox>
	</object>
	<object>
		<name>chair</name>
		<pose>Unspecified</pose>
		<truncated>0</truncated>
		<difficult>0</difficult>
		<bndbox>
			<xmin>150</xmin>
			<ymin>187</ymin>
			<xmax>203</xmax>
			<ymax>282</ymax>
		</bndbox>
	</object>
	<object>
		<name>chair</name>
		<pose>Unspecified</pose>
		<truncated>1</truncated>
		<difficult>1</difficult>
		<bndbox>
			<xmin>107</xmin>
			<ymin>186</ymin>
			<xmax>150</xmax>
			<ymax>279</ymax>
		</bndbox>
	</object>
	<object>
		<name>chair</name>
		<pose>Unspecified</pose>
		<truncated>0</truncated>
		<difficult>1</difficult>
		<bndbox>
			<xmin>80</xmin>
			<ymin>180</ymin>
			<xmax>117</xmax>
			<ymax>261</ymax>
		</bndbox>
	</object>
	<object>
		<name>chair</name>
		<pose>Unspecified</pose>
		<truncated>1</truncated>
		<difficult>1</difficult>
		<bndbox>
			<xmin>108</xmin>
			<ymin>171</ymin>
			<xmax>140</xmax>
			<ymax>198</ymax>
		</bndbox>
	</object>
	<object>
		<name>chair</name>
		<pose>Unspecified</pose>
		<truncated>0</truncated>
		<difficult>1</difficult>
		<bndbox>
			<xmin>206</xmin>
			<ymin>172</ymin>
			<xmax>230</xmax>
			<ymax>217</ymax>
		</bndbox>
	</object>
</annotation>
