<annotation>
	<folder>VOC2007</folder>
	<filename>003982.jpg</filename>
	<source>
		<database>The VOC2007 Database</database>
		<annotation>PASCAL VOC2007</annotation>
		<image>flickr</image>
		<flickrid>325464771</flickrid>
	</source>
	<owner>
		<flickrid>theprint</flickrid>
		<name>Rasmus Rasmussen</name>
	</owner>
	<size>
		<width>500</width>
		<height>333</height>
		<depth>3</depth>
	</size>
	<segmented>0</segmented>
	<object>
		<name>cow</name>
		<pose>Left</pose>
		<truncated>0</truncated>
		<difficult>0</difficult>
		<bndbox>
			<xmin>236</xmin>
			<ymin>192</ymin>
			<xmax>295</xmax>
			<ymax>230</ymax>
		</bndbox>
	</object>
	<object>
		<name>cow</name>
		<pose>Unspecified</pose>
		<truncated>0</truncated>
		<difficult>1</difficult>
		<bndbox>
			<xmin>341</xmin>
			<ymin>193</ymin>
			<xmax>391</xmax>
			<ymax>234</ymax>
		</bndbox>
	</object>
	<object>
		<name>cow</name>
		<pose>Unspecified</pose>
		<truncated>0</truncated>
		<difficult>1</difficult>
		<bndbox>
			<xmin>121</xmin>
			<ymin>196</ymin>
			<xmax>168</xmax>
			<ymax>234</ymax>
		</bndbox>
	</object>
</annotation>
