<annotation>
	<folder>VOC2007</folder>
	<filename>004032.jpg</filename>
	<source>
		<database>The VOC2007 Database</database>
		<annotation>PASCAL VOC2007</annotation>
		<image>flickr</image>
		<flickrid>340246657</flickrid>
	</source>
	<owner>
		<flickrid>RobertCMoeller</flickrid>
		<name>Robert Moeller</name>
	</owner>
	<size>
		<width>500</width>
		<height>375</height>
		<depth>3</depth>
	</size>
	<segmented>0</segmented>
	<object>
		<name>diningtable</name>
		<pose>Unspecified</pose>
		<truncated>1</truncated>
		<difficult>0</difficult>
		<bndbox>
			<xmin>43</xmin>
			<ymin>1</ymin>
			<xmax>461</xmax>
			<ymax>364</ymax>
		</bndbox>
	</object>
	<object>
		<name>bottle</name>
		<pose>Unspecified</pose>
		<truncated>1</truncated>
		<difficult>1</difficult>
		<bndbox>
			<xmin>287</xmin>
			<ymin>2</ymin>
			<xmax>344</xmax>
			<ymax>31</ymax>
		</bndbox>
	</object>
</annotation>
