<annotation>
	<folder>VOC2007</folder>
	<filename>004022.jpg</filename>
	<source>
		<database>The VOC2007 Database</database>
		<annotation>PASCAL VOC2007</annotation>
		<image>flickr</image>
		<flickrid>326364166</flickrid>
	</source>
	<owner>
		<flickrid>waytootall</flickrid>
		<name>Spencer</name>
	</owner>
	<size>
		<width>500</width>
		<height>375</height>
		<depth>3</depth>
	</size>
	<segmented>0</segmented>
	<object>
		<name>cow</name>
		<pose>Right</pose>
		<truncated>1</truncated>
		<difficult>0</difficult>
		<bndbox>
			<xmin>458</xmin>
			<ymin>149</ymin>
			<xmax>500</xmax>
			<ymax>189</ymax>
		</bndbox>
	</object>
	<object>
		<name>cow</name>
		<pose>Unspecified</pose>
		<truncated>0</truncated>
		<difficult>0</difficult>
		<bndbox>
			<xmin>210</xmin>
			<ymin>162</ymin>
			<xmax>240</xmax>
			<ymax>213</ymax>
		</bndbox>
	</object>
	<object>
		<name>cow</name>
		<pose>Unspecified</pose>
		<truncated>0</truncated>
		<difficult>1</difficult>
		<bndbox>
			<xmin>81</xmin>
			<ymin>157</ymin>
			<xmax>108</xmax>
			<ymax>184</ymax>
		</bndbox>
	</object>
	<object>
		<name>cow</name>
		<pose>Unspecified</pose>
		<truncated>0</truncated>
		<difficult>1</difficult>
		<bndbox>
			<xmin>58</xmin>
			<ymin>188</ymin>
			<xmax>89</xmax>
			<ymax>215</ymax>
		</bndbox>
	</object>
	<object>
		<name>cow</name>
		<pose>Left</pose>
		<truncated>0</truncated>
		<difficult>0</difficult>
		<bndbox>
			<xmin>44</xmin>
			<ymin>216</ymin>
			<xmax>125</xmax>
			<ymax>269</ymax>
		</bndbox>
	</object>
</annotation>
