<annotation>
	<folder>VOC2007</folder>
	<filename>004068.jpg</filename>
	<source>
		<database>The VOC2007 Database</database>
		<annotation>PASCAL VOC2007</annotation>
		<image>flickr</image>
		<flickrid>337205983</flickrid>
	</source>
	<owner>
		<flickrid>Rohit Chaturvedi</flickrid>
		<name>?</name>
	</owner>
	<size>
		<width>500</width>
		<height>375</height>
		<depth>3</depth>
	</size>
	<segmented>0</segmented>
	<object>
		<name>bottle</name>
		<pose>Unspecified</pose>
		<truncated>0</truncated>
		<difficult>0</difficult>
		<bndbox>
			<xmin>306</xmin>
			<ymin>184</ymin>
			<xmax>348</xmax>
			<ymax>328</ymax>
		</bndbox>
	</object>
	<object>
		<name>bottle</name>
		<pose>Unspecified</pose>
		<truncated>1</truncated>
		<difficult>0</difficult>
		<bndbox>
			<xmin>270</xmin>
			<ymin>172</ymin>
			<xmax>305</xmax>
			<ymax>241</ymax>
		</bndbox>
	</object>
	<object>
		<name>person</name>
		<pose>Unspecified</pose>
		<truncated>1</truncated>
		<difficult>0</difficult>
		<bndbox>
			<xmin>260</xmin>
			<ymin>18</ymin>
			<xmax>430</xmax>
			<ymax>259</ymax>
		</bndbox>
		<part>
			<name>head</name>
			<bndbox>
				<xmin>304.8813</xmin>
				<ymin>19.187</ymin>
				<xmax>367.4513</xmax>
				<ymax>100.234</ymax>
			</bndbox>
		</part>
		<part>
			<name>hand</name>
			<bndbox>
				<xmin>296.0627</xmin>
				<ymin>148.1064</ymin>
				<xmax>319.5789</xmax>
				<ymax>171.2027</ymax>
			</bndbox>
		</part>
		<part>
			<name>hand</name>
			<bndbox>
				<xmin>318.7391</xmin>
				<ymin>151.4658</ymin>
				<xmax>353.1736</xmax>
				<ymax>176.2419</ymax>
			</bndbox>
		</part>
	</object>
	<object>
		<name>sofa</name>
		<pose>Unspecified</pose>
		<truncated>1</truncated>
		<difficult>1</difficult>
		<bndbox>
			<xmin>197</xmin>
			<ymin>120</ymin>
			<xmax>500</xmax>
			<ymax>354</ymax>
		</bndbox>
	</object>
	<object>
		<name>chair</name>
		<pose>Unspecified</pose>
		<truncated>1</truncated>
		<difficult>0</difficult>
		<bndbox>
			<xmin>86</xmin>
			<ymin>22</ymin>
			<xmax>195</xmax>
			<ymax>151</ymax>
		</bndbox>
	</object>
	<object>
		<name>chair</name>
		<pose>Unspecified</pose>
		<truncated>1</truncated>
		<difficult>0</difficult>
		<bndbox>
			<xmin>1</xmin>
			<ymin>38</ymin>
			<xmax>112</xmax>
			<ymax>138</ymax>
		</bndbox>
	</object>
</annotation>
