<annotation>
	<folder>VOC2007</folder>
	<filename>004040.jpg</filename>
	<source>
		<database>The VOC2007 Database</database>
		<annotation>PASCAL VOC2007</annotation>
		<image>flickr</image>
		<flickrid>334535679</flickrid>
	</source>
	<owner>
		<flickrid>ihelpednola</flickrid>
		<name>Brian Lane</name>
	</owner>
	<size>
		<width>375</width>
		<height>500</height>
		<depth>3</depth>
	</size>
	<segmented>0</segmented>
	<object>
		<name>chair</name>
		<pose>Unspecified</pose>
		<truncated>0</truncated>
		<difficult>0</difficult>
		<bndbox>
			<xmin>51</xmin>
			<ymin>234</ymin>
			<xmax>138</xmax>
			<ymax>356</ymax>
		</bndbox>
	</object>
	<object>
		<name>chair</name>
		<pose>Unspecified</pose>
		<truncated>0</truncated>
		<difficult>0</difficult>
		<bndbox>
			<xmin>139</xmin>
			<ymin>212</ymin>
			<xmax>195</xmax>
			<ymax>298</ymax>
		</bndbox>
	</object>
	<object>
		<name>tvmonitor</name>
		<pose>Unspecified</pose>
		<truncated>0</truncated>
		<difficult>0</difficult>
		<bndbox>
			<xmin>198</xmin>
			<ymin>188</ymin>
			<xmax>333</xmax>
			<ymax>311</ymax>
		</bndbox>
	</object>
</annotation>
