<annotation>
	<folder>VOC2007</folder>
	<filename>004056.jpg</filename>
	<source>
		<database>The VOC2007 Database</database>
		<annotation>PASCAL VOC2007</annotation>
		<image>flickr</image>
		<flickrid>333675733</flickrid>
	</source>
	<owner>
		<flickrid>splatwriter</flickrid>
		<name>Steve Patterson</name>
	</owner>
	<size>
		<width>500</width>
		<height>364</height>
		<depth>3</depth>
	</size>
	<segmented>0</segmented>
	<object>
		<name>bottle</name>
		<pose>Unspecified</pose>
		<truncated>0</truncated>
		<difficult>0</difficult>
		<bndbox>
			<xmin>160</xmin>
			<ymin>209</ymin>
			<xmax>205</xmax>
			<ymax>309</ymax>
		</bndbox>
	</object>
	<object>
		<name>bottle</name>
		<pose>Unspecified</pose>
		<truncated>0</truncated>
		<difficult>0</difficult>
		<bndbox>
			<xmin>218</xmin>
			<ymin>209</ymin>
			<xmax>256</xmax>
			<ymax>308</ymax>
		</bndbox>
	</object>
	<object>
		<name>bottle</name>
		<pose>Unspecified</pose>
		<truncated>0</truncated>
		<difficult>0</difficult>
		<bndbox>
			<xmin>257</xmin>
			<ymin>203</ymin>
			<xmax>293</xmax>
			<ymax>309</ymax>
		</bndbox>
	</object>
</annotation>
