<annotation>
	<folder>VOC2007</folder>
	<filename>004139.jpg</filename>
	<source>
		<database>The VOC2007 Database</database>
		<annotation>PASCAL VOC2007</annotation>
		<image>flickr</image>
		<flickrid>339997314</flickrid>
	</source>
	<owner>
		<flickrid>dede_rom</flickrid>
		<name>adva rom</name>
	</owner>
	<size>
		<width>500</width>
		<height>375</height>
		<depth>3</depth>
	</size>
	<segmented>0</segmented>
	<object>
		<name>chair</name>
		<pose>Left</pose>
		<truncated>0</truncated>
		<difficult>0</difficult>
		<bndbox>
			<xmin>42</xmin>
			<ymin>63</ymin>
			<xmax>461</xmax>
			<ymax>373</ymax>
		</bndbox>
	</object>
	<object>
		<name>chair</name>
		<pose>Unspecified</pose>
		<truncated>1</truncated>
		<difficult>1</difficult>
		<bndbox>
			<xmin>360</xmin>
			<ymin>22</ymin>
			<xmax>430</xmax>
			<ymax>135</ymax>
		</bndbox>
	</object>
	<object>
		<name>chair</name>
		<pose>Unspecified</pose>
		<truncated>1</truncated>
		<difficult>1</difficult>
		<bndbox>
			<xmin>429</xmin>
			<ymin>30</ymin>
			<xmax>500</xmax>
			<ymax>233</ymax>
		</bndbox>
	</object>
</annotation>
