<annotation>
	<folder>VOC2007</folder>
	<filename>004181.jpg</filename>
	<source>
		<database>The VOC2007 Database</database>
		<annotation>PASCAL VOC2007</annotation>
		<image>flickr</image>
		<flickrid>323220205</flickrid>
	</source>
	<owner>
		<flickrid>Girl Journalist</flickrid>
		<name>Staci Martin-Wolfe</name>
	</owner>
	<size>
		<width>500</width>
		<height>315</height>
		<depth>3</depth>
	</size>
	<segmented>0</segmented>
	<object>
		<name>cow</name>
		<pose>Left</pose>
		<truncated>0</truncated>
		<difficult>0</difficult>
		<bndbox>
			<xmin>8</xmin>
			<ymin>8</ymin>
			<xmax>500</xmax>
			<ymax>311</ymax>
		</bndbox>
	</object>
</annotation>
