<annotation>
	<folder>VOC2007</folder>
	<filename>004233.jpg</filename>
	<source>
		<database>The VOC2007 Database</database>
		<annotation>PASCAL VOC2007</annotation>
		<image>flickr</image>
		<flickrid>317222067</flickrid>
	</source>
	<owner>
		<flickrid>Sumerset</flickrid>
		<name>Sumer</name>
	</owner>
	<size>
		<width>500</width>
		<height>375</height>
		<depth>3</depth>
	</size>
	<segmented>0</segmented>
	<object>
		<name>cow</name>
		<pose>Left</pose>
		<truncated>0</truncated>
		<difficult>0</difficult>
		<bndbox>
			<xmin>123</xmin>
			<ymin>144</ymin>
			<xmax>415</xmax>
			<ymax>348</ymax>
		</bndbox>
	</object>
	<object>
		<name>cow</name>
		<pose>Unspecified</pose>
		<truncated>0</truncated>
		<difficult>1</difficult>
		<bndbox>
			<xmin>352</xmin>
			<ymin>111</ymin>
			<xmax>377</xmax>
			<ymax>148</ymax>
		</bndbox>
	</object>
	<object>
		<name>cow</name>
		<pose>Rear</pose>
		<truncated>0</truncated>
		<difficult>0</difficult>
		<bndbox>
			<xmin>75</xmin>
			<ymin>111</ymin>
			<xmax>107</xmax>
			<ymax>152</ymax>
		</bndbox>
	</object>
</annotation>
