<annotation>
	<folder>VOC2007</folder>
	<filename>004262.jpg</filename>
	<source>
		<database>The VOC2007 Database</database>
		<annotation>PASCAL VOC2007</annotation>
		<image>flickr</image>
		<flickrid>307191347</flickrid>
	</source>
	<owner>
		<flickrid>mary-ann &amp; andrew</flickrid>
		<name>?</name>
	</owner>
	<size>
		<width>375</width>
		<height>500</height>
		<depth>3</depth>
	</size>
	<segmented>0</segmented>
	<object>
		<name>chair</name>
		<pose>Left</pose>
		<truncated>0</truncated>
		<difficult>0</difficult>
		<bndbox>
			<xmin>156</xmin>
			<ymin>258</ymin>
			<xmax>240</xmax>
			<ymax>352</ymax>
		</bndbox>
	</object>
</annotation>
