<annotation>
	<folder>VOC2007</folder>
	<filename>004375.jpg</filename>
	<source>
		<database>The VOC2007 Database</database>
		<annotation>PASCAL VOC2007</annotation>
		<image>flickr</image>
		<flickrid>336831566</flickrid>
	</source>
	<owner>
		<flickrid>Dominic Mitchell</flickrid>
		<name>Dominic Mitchell</name>
	</owner>
	<size>
		<width>500</width>
		<height>375</height>
		<depth>3</depth>
	</size>
	<segmented>0</segmented>
	<object>
		<name>cow</name>
		<pose>Frontal</pose>
		<truncated>0</truncated>
		<difficult>0</difficult>
		<bndbox>
			<xmin>342</xmin>
			<ymin>135</ymin>
			<xmax>403</xmax>
			<ymax>206</ymax>
		</bndbox>
	</object>
	<object>
		<name>cow</name>
		<pose>Unspecified</pose>
		<truncated>0</truncated>
		<difficult>0</difficult>
		<bndbox>
			<xmin>110</xmin>
			<ymin>156</ymin>
			<xmax>178</xmax>
			<ymax>226</ymax>
		</bndbox>
	</object>
</annotation>
