<annotation>
	<folder>VOC2007</folder>
	<filename>004311.jpg</filename>
	<source>
		<database>The VOC2007 Database</database>
		<annotation>PASCAL VOC2007</annotation>
		<image>flickr</image>
		<flickrid>336775868</flickrid>
	</source>
	<owner>
		<flickrid>rcadd</flickrid>
		<name>Rob Cadd</name>
	</owner>
	<size>
		<width>500</width>
		<height>497</height>
		<depth>3</depth>
	</size>
	<segmented>0</segmented>
	<object>
		<name>bottle</name>
		<pose>Unspecified</pose>
		<truncated>0</truncated>
		<difficult>1</difficult>
		<bndbox>
			<xmin>221</xmin>
			<ymin>146</ymin>
			<xmax>241</xmax>
			<ymax>205</ymax>
		</bndbox>
	</object>
	<object>
		<name>bottle</name>
		<pose>Unspecified</pose>
		<truncated>0</truncated>
		<difficult>0</difficult>
		<bndbox>
			<xmin>253</xmin>
			<ymin>166</ymin>
			<xmax>271</xmax>
			<ymax>204</ymax>
		</bndbox>
	</object>
	<object>
		<name>bottle</name>
		<pose>Unspecified</pose>
		<truncated>0</truncated>
		<difficult>0</difficult>
		<bndbox>
			<xmin>271</xmin>
			<ymin>158</ymin>
			<xmax>284</xmax>
			<ymax>202</ymax>
		</bndbox>
	</object>
	<object>
		<name>bottle</name>
		<pose>Unspecified</pose>
		<truncated>0</truncated>
		<difficult>1</difficult>
		<bndbox>
			<xmin>284</xmin>
			<ymin>176</ymin>
			<xmax>296</xmax>
			<ymax>202</ymax>
		</bndbox>
	</object>
	<object>
		<name>pottedplant</name>
		<pose>Unspecified</pose>
		<truncated>0</truncated>
		<difficult>0</difficult>
		<bndbox>
			<xmin>281</xmin>
			<ymin>115</ymin>
			<xmax>355</xmax>
			<ymax>196</ymax>
		</bndbox>
	</object>
	<object>
		<name>person</name>
		<pose>Frontal</pose>
		<truncated>0</truncated>
		<difficult>0</difficult>
		<bndbox>
			<xmin>71</xmin>
			<ymin>44</ymin>
			<xmax>221</xmax>
			<ymax>487</ymax>
		</bndbox>
		<part>
			<name>head</name>
			<bndbox>
				<xmin>121.6585</xmin>
				<ymin>45.8589</ymin>
				<xmax>170.6349</xmax>
				<ymax>110.9754</ymax>
			</bndbox>
		</part>
		<part>
			<name>hand</name>
			<bndbox>
				<xmin>183.4356</xmin>
				<ymin>271.8186</ymin>
				<xmax>205.6976</xmax>
				<ymax>306.3247</ymax>
			</bndbox>
		</part>
		<part>
			<name>hand</name>
			<bndbox>
				<xmin>119.4323</xmin>
				<ymin>220.6159</ymin>
				<xmax>144.477</xmax>
				<ymax>245.1041</ymax>
			</bndbox>
		</part>
		<part>
			<name>foot</name>
			<bndbox>
				<xmin>84.3695</xmin>
				<ymin>459.9328</ymin>
				<xmax>126.6674</xmax>
				<ymax>487.7604</ymax>
			</bndbox>
		</part>
		<part>
			<name>foot</name>
			<bndbox>
				<xmin>150.5991</xmin>
				<ymin>457.1501</ymin>
				<xmax>172.3046</xmax>
				<ymax>481.0817</ymax>
			</bndbox>
		</part>
	</object>
</annotation>
