<annotation>
	<folder>VOC2007</folder>
	<filename>004348.jpg</filename>
	<source>
		<database>The VOC2007 Database</database>
		<annotation>PASCAL VOC2007</annotation>
		<image>flickr</image>
		<flickrid>338811810</flickrid>
	</source>
	<owner>
		<flickrid>rickystanley76</flickrid>
		<name>?</name>
	</owner>
	<size>
		<width>500</width>
		<height>380</height>
		<depth>3</depth>
	</size>
	<segmented>0</segmented>
	<object>
		<name>bottle</name>
		<pose>Unspecified</pose>
		<truncated>1</truncated>
		<difficult>1</difficult>
		<bndbox>
			<xmin>471</xmin>
			<ymin>1</ymin>
			<xmax>500</xmax>
			<ymax>64</ymax>
		</bndbox>
	</object>
	<object>
		<name>chair</name>
		<pose>Unspecified</pose>
		<truncated>1</truncated>
		<difficult>1</difficult>
		<bndbox>
			<xmin>135</xmin>
			<ymin>1</ymin>
			<xmax>380</xmax>
			<ymax>140</ymax>
		</bndbox>
	</object>
	<object>
		<name>diningtable</name>
		<pose>Unspecified</pose>
		<truncated>1</truncated>
		<difficult>0</difficult>
		<bndbox>
			<xmin>1</xmin>
			<ymin>48</ymin>
			<xmax>500</xmax>
			<ymax>380</ymax>
		</bndbox>
	</object>
</annotation>
