<annotation>
	<folder>VOC2007</folder>
	<filename>004399.jpg</filename>
	<source>
		<database>The VOC2007 Database</database>
		<annotation>PASCAL VOC2007</annotation>
		<image>flickr</image>
		<flickrid>327556153</flickrid>
	</source>
	<owner>
		<flickrid>orangebrompton</flickrid>
		<name>?</name>
	</owner>
	<size>
		<width>500</width>
		<height>368</height>
		<depth>3</depth>
	</size>
	<segmented>0</segmented>
	<object>
		<name>cow</name>
		<pose>Right</pose>
		<truncated>0</truncated>
		<difficult>0</difficult>
		<bndbox>
			<xmin>240</xmin>
			<ymin>150</ymin>
			<xmax>361</xmax>
			<ymax>229</ymax>
		</bndbox>
	</object>
	<object>
		<name>cow</name>
		<pose>Unspecified</pose>
		<truncated>0</truncated>
		<difficult>1</difficult>
		<bndbox>
			<xmin>166</xmin>
			<ymin>119</ymin>
			<xmax>222</xmax>
			<ymax>206</ymax>
		</bndbox>
	</object>
</annotation>
