<annotation>
	<folder>VOC2007</folder>
	<filename>004332.jpg</filename>
	<source>
		<database>The VOC2007 Database</database>
		<annotation>PASCAL VOC2007</annotation>
		<image>flickr</image>
		<flickrid>334089391</flickrid>
	</source>
	<owner>
		<flickrid>Atlas76</flickrid>
		<name>Ste</name>
	</owner>
	<size>
		<width>334</width>
		<height>500</height>
		<depth>3</depth>
	</size>
	<segmented>0</segmented>
	<object>
		<name>cow</name>
		<pose>Unspecified</pose>
		<truncated>0</truncated>
		<difficult>0</difficult>
		<bndbox>
			<xmin>157</xmin>
			<ymin>328</ymin>
			<xmax>299</xmax>
			<ymax>470</ymax>
		</bndbox>
	</object>
</annotation>
