<annotation>
	<folder>VOC2007</folder>
	<filename>004546.jpg</filename>
	<source>
		<database>The VOC2007 Database</database>
		<annotation>PASCAL VOC2007</annotation>
		<image>flickr</image>
		<flickrid>339308139</flickrid>
	</source>
	<owner>
		<flickrid>callme_crochet</flickrid>
		<name>Penny</name>
	</owner>
	<size>
		<width>500</width>
		<height>375</height>
		<depth>3</depth>
	</size>
	<segmented>0</segmented>
	<object>
		<name>bottle</name>
		<pose>Unspecified</pose>
		<truncated>0</truncated>
		<difficult>0</difficult>
		<bndbox>
			<xmin>161</xmin>
			<ymin>201</ymin>
			<xmax>215</xmax>
			<ymax>374</ymax>
		</bndbox>
	</object>
	<object>
		<name>bottle</name>
		<pose>Unspecified</pose>
		<truncated>1</truncated>
		<difficult>0</difficult>
		<bndbox>
			<xmin>52</xmin>
			<ymin>153</ymin>
			<xmax>152</xmax>
			<ymax>375</ymax>
		</bndbox>
	</object>
</annotation>
