<annotation>
	<folder>VOC2007</folder>
	<filename>004506.jpg</filename>
	<source>
		<database>The VOC2007 Database</database>
		<annotation>PASCAL VOC2007</annotation>
		<image>flickr</image>
		<flickrid>338335132</flickrid>
	</source>
	<owner>
		<flickrid>Melissa, Lis, Mob, Mel...</flickrid>
		<name>Melissa O'Brien</name>
	</owner>
	<size>
		<width>375</width>
		<height>500</height>
		<depth>3</depth>
	</size>
	<segmented>0</segmented>
	<object>
		<name>chair</name>
		<pose>Frontal</pose>
		<truncated>0</truncated>
		<difficult>0</difficult>
		<bndbox>
			<xmin>90</xmin>
			<ymin>82</ymin>
			<xmax>330</xmax>
			<ymax>470</ymax>
		</bndbox>
	</object>
</annotation>
