<annotation>
	<folder>VOC2007</folder>
	<filename>004635.jpg</filename>
	<source>
		<database>The VOC2007 Database</database>
		<annotation>PASCAL VOC2007</annotation>
		<image>flickr</image>
		<flickrid>324246996</flickrid>
	</source>
	<owner>
		<flickrid>Timothy State</flickrid>
		<name>Timothy State</name>
	</owner>
	<size>
		<width>500</width>
		<height>332</height>
		<depth>3</depth>
	</size>
	<segmented>0</segmented>
	<object>
		<name>cow</name>
		<pose>Unspecified</pose>
		<truncated>1</truncated>
		<difficult>0</difficult>
		<bndbox>
			<xmin>230</xmin>
			<ymin>128</ymin>
			<xmax>392</xmax>
			<ymax>251</ymax>
		</bndbox>
	</object>
	<object>
		<name>bird</name>
		<pose>Right</pose>
		<truncated>0</truncated>
		<difficult>0</difficult>
		<bndbox>
			<xmin>160</xmin>
			<ymin>196</ymin>
			<xmax>213</xmax>
			<ymax>242</ymax>
		</bndbox>
	</object>
</annotation>
