<annotation>
	<folder>VOC2007</folder>
	<filename>004677.jpg</filename>
	<source>
		<database>The VOC2007 Database</database>
		<annotation>PASCAL VOC2007</annotation>
		<image>flickr</image>
		<flickrid>254737126</flickrid>
	</source>
	<owner>
		<flickrid>IlaIsApunkRocker</flickrid>
		<name>iLa</name>
	</owner>
	<size>
		<width>375</width>
		<height>500</height>
		<depth>3</depth>
	</size>
	<segmented>0</segmented>
	<object>
		<name>chair</name>
		<pose>Right</pose>
		<truncated>0</truncated>
		<difficult>0</difficult>
		<bndbox>
			<xmin>115</xmin>
			<ymin>203</ymin>
			<xmax>227</xmax>
			<ymax>470</ymax>
		</bndbox>
	</object>
	<object>
		<name>cat</name>
		<pose>Unspecified</pose>
		<truncated>0</truncated>
		<difficult>0</difficult>
		<bndbox>
			<xmin>154</xmin>
			<ymin>196</ymin>
			<xmax>215</xmax>
			<ymax>293</ymax>
		</bndbox>
	</object>
</annotation>
