<annotation>
	<folder>VOC2007</folder>
	<filename>004620.jpg</filename>
	<source>
		<database>The VOC2007 Database</database>
		<annotation>PASCAL VOC2007</annotation>
		<image>flickr</image>
		<flickrid>339111082</flickrid>
	</source>
	<owner>
		<flickrid>maharogers</flickrid>
		<name>Mark Rogers</name>
	</owner>
	<size>
		<width>500</width>
		<height>333</height>
		<depth>3</depth>
	</size>
	<segmented>0</segmented>
	<object>
		<name>dog</name>
		<pose>Left</pose>
		<truncated>0</truncated>
		<difficult>0</difficult>
		<bndbox>
			<xmin>146</xmin>
			<ymin>63</ymin>
			<xmax>500</xmax>
			<ymax>234</ymax>
		</bndbox>
	</object>
	<object>
		<name>chair</name>
		<pose>Frontal</pose>
		<truncated>1</truncated>
		<difficult>0</difficult>
		<bndbox>
			<xmin>11</xmin>
			<ymin>1</ymin>
			<xmax>196</xmax>
			<ymax>229</ymax>
		</bndbox>
	</object>
	<object>
		<name>chair</name>
		<pose>Unspecified</pose>
		<truncated>1</truncated>
		<difficult>1</difficult>
		<bndbox>
			<xmin>426</xmin>
			<ymin>1</ymin>
			<xmax>500</xmax>
			<ymax>240</ymax>
		</bndbox>
	</object>
</annotation>
