<annotation>
	<folder>VOC2007</folder>
	<filename>004661.jpg</filename>
	<source>
		<database>The VOC2007 Database</database>
		<annotation>PASCAL VOC2007</annotation>
		<image>flickr</image>
		<flickrid>337107000</flickrid>
	</source>
	<owner>
		<flickrid>doryexmachina</flickrid>
		<name>Mike Dory</name>
	</owner>
	<size>
		<width>500</width>
		<height>375</height>
		<depth>3</depth>
	</size>
	<segmented>0</segmented>
	<object>
		<name>person</name>
		<pose>Unspecified</pose>
		<truncated>1</truncated>
		<difficult>0</difficult>
		<bndbox>
			<xmin>93</xmin>
			<ymin>92</ymin>
			<xmax>489</xmax>
			<ymax>375</ymax>
		</bndbox>
	</object>
	<object>
		<name>person</name>
		<pose>Left</pose>
		<truncated>1</truncated>
		<difficult>0</difficult>
		<bndbox>
			<xmin>1</xmin>
			<ymin>138</ymin>
			<xmax>212</xmax>
			<ymax>312</ymax>
		</bndbox>
	</object>
	<object>
		<name>chair</name>
		<pose>Left</pose>
		<truncated>1</truncated>
		<difficult>0</difficult>
		<bndbox>
			<xmin>107</xmin>
			<ymin>139</ymin>
			<xmax>500</xmax>
			<ymax>373</ymax>
		</bndbox>
	</object>
	<object>
		<name>chair</name>
		<pose>Left</pose>
		<truncated>1</truncated>
		<difficult>0</difficult>
		<bndbox>
			<xmin>74</xmin>
			<ymin>120</ymin>
			<xmax>282</xmax>
			<ymax>292</ymax>
		</bndbox>
	</object>
</annotation>
