<annotation>
	<folder>VOC2007</folder>
	<filename>004772.jpg</filename>
	<source>
		<database>The VOC2007 Database</database>
		<annotation>PASCAL VOC2007</annotation>
		<image>flickr</image>
		<flickrid>329675399</flickrid>
	</source>
	<owner>
		<flickrid>derrickting</flickrid>
		<name>?</name>
	</owner>
	<size>
		<width>500</width>
		<height>375</height>
		<depth>3</depth>
	</size>
	<segmented>0</segmented>
	<object>
		<name>cow</name>
		<pose>Right</pose>
		<truncated>0</truncated>
		<difficult>0</difficult>
		<bndbox>
			<xmin>53</xmin>
			<ymin>133</ymin>
			<xmax>401</xmax>
			<ymax>262</ymax>
		</bndbox>
	</object>
</annotation>
