<annotation>
	<folder>VOC2007</folder>
	<filename>004744.jpg</filename>
	<source>
		<database>The VOC2007 Database</database>
		<annotation>PASCAL VOC2007</annotation>
		<image>flickr</image>
		<flickrid>337877623</flickrid>
	</source>
	<owner>
		<flickrid>ringmaster</flickrid>
		<name>Owen Winkler</name>
	</owner>
	<size>
		<width>500</width>
		<height>333</height>
		<depth>3</depth>
	</size>
	<segmented>0</segmented>
	<object>
		<name>person</name>
		<pose>Unspecified</pose>
		<truncated>1</truncated>
		<difficult>0</difficult>
		<part>
			<name>head</name>
			<bndbox>
				<xmin>4</xmin>
				<ymin>31</ymin>
				<xmax>171</xmax>
				<ymax>251</ymax>
			</bndbox>
		</part>
		<part>
			<name>hand</name>
			<bndbox>
				<xmin>128</xmin>
				<ymin>214</ymin>
				<xmax>214</xmax>
				<ymax>302</ymax>
			</bndbox>
		</part>
		<part>
			<name>hand</name>
			<bndbox>
				<xmin>207</xmin>
				<ymin>265</ymin>
				<xmax>247</xmax>
				<ymax>302</ymax>
			</bndbox>
		</part>
		<bndbox>
			<xmin>1</xmin>
			<ymin>26</ymin>
			<xmax>247</xmax>
			<ymax>333</ymax>
		</bndbox>
	</object>
	<object>
		<name>person</name>
		<pose>Unspecified</pose>
		<truncated>1</truncated>
		<difficult>0</difficult>
		<part>
			<name>hand</name>
			<bndbox>
				<xmin>358</xmin>
				<ymin>126</ymin>
				<xmax>397</xmax>
				<ymax>182</ymax>
			</bndbox>
		</part>
		<part>
			<name>hand</name>
			<bndbox>
				<xmin>410</xmin>
				<ymin>129</ymin>
				<xmax>463</xmax>
				<ymax>167</ymax>
			</bndbox>
		</part>
		<part>
			<name>head</name>
			<bndbox>
				<xmin>322</xmin>
				<ymin>60</ymin>
				<xmax>418</xmax>
				<ymax>173</ymax>
			</bndbox>
		</part>
		<bndbox>
			<xmin>283</xmin>
			<ymin>56</ymin>
			<xmax>480</xmax>
			<ymax>238</ymax>
		</bndbox>
	</object>
	<object>
		<name>chair</name>
		<pose>Unspecified</pose>
		<truncated>1</truncated>
		<difficult>1</difficult>
		<bndbox>
			<xmin>174</xmin>
			<ymin>155</ymin>
			<xmax>344</xmax>
			<ymax>265</ymax>
		</bndbox>
	</object>
</annotation>
