<annotation>
	<folder>VOC2007</folder>
	<filename>004733.jpg</filename>
	<source>
		<database>The VOC2007 Database</database>
		<annotation>PASCAL VOC2007</annotation>
		<image>flickr</image>
		<flickrid>338047911</flickrid>
	</source>
	<owner>
		<flickrid>mattdawgpro</flickrid>
		<name>?</name>
	</owner>
	<size>
		<width>333</width>
		<height>500</height>
		<depth>3</depth>
	</size>
	<segmented>0</segmented>
	<object>
		<name>chair</name>
		<pose>Unspecified</pose>
		<truncated>1</truncated>
		<difficult>0</difficult>
		<bndbox>
			<xmin>21</xmin>
			<ymin>186</ymin>
			<xmax>283</xmax>
			<ymax>500</ymax>
		</bndbox>
	</object>
</annotation>
