<annotation>
	<folder>VOC2007</folder>
	<filename>004775.jpg</filename>
	<source>
		<database>The VOC2007 Database</database>
		<annotation>PASCAL VOC2007</annotation>
		<image>flickr</image>
		<flickrid>324383071</flickrid>
	</source>
	<owner>
		<flickrid>Elsa Ng</flickrid>
		<name>elsa ng</name>
	</owner>
	<size>
		<width>500</width>
		<height>333</height>
		<depth>3</depth>
	</size>
	<segmented>0</segmented>
	<object>
		<name>cow</name>
		<pose>Frontal</pose>
		<truncated>1</truncated>
		<difficult>0</difficult>
		<bndbox>
			<xmin>47</xmin>
			<ymin>2</ymin>
			<xmax>446</xmax>
			<ymax>332</ymax>
		</bndbox>
	</object>
</annotation>
