<annotation>
	<folder>VOC2007</folder>
	<filename>004880.jpg</filename>
	<source>
		<database>The VOC2007 Database</database>
		<annotation>PASCAL VOC2007</annotation>
		<image>flickr</image>
		<flickrid>334734497</flickrid>
	</source>
	<owner>
		<flickrid>garymccormick</flickrid>
		<name>?</name>
	</owner>
	<size>
		<width>500</width>
		<height>332</height>
		<depth>3</depth>
	</size>
	<segmented>0</segmented>
	<object>
		<name>bottle</name>
		<pose>Unspecified</pose>
		<truncated>0</truncated>
		<difficult>0</difficult>
		<bndbox>
			<xmin>397</xmin>
			<ymin>211</ymin>
			<xmax>419</xmax>
			<ymax>284</ymax>
		</bndbox>
	</object>
	<object>
		<name>bottle</name>
		<pose>Unspecified</pose>
		<truncated>0</truncated>
		<difficult>0</difficult>
		<bndbox>
			<xmin>387</xmin>
			<ymin>215</ymin>
			<xmax>402</xmax>
			<ymax>271</ymax>
		</bndbox>
	</object>
</annotation>
