<annotation>
	<folder>VOC2007</folder>
	<filename>004881.jpg</filename>
	<source>
		<database>The VOC2007 Database</database>
		<annotation>PASCAL VOC2007</annotation>
		<image>flickr</image>
		<flickrid>331934911</flickrid>
	</source>
	<owner>
		<flickrid>see-through faith</flickrid>
		<name>Lorna Koskela</name>
	</owner>
	<size>
		<width>500</width>
		<height>375</height>
		<depth>3</depth>
	</size>
	<segmented>0</segmented>
	<object>
		<name>diningtable</name>
		<pose>Unspecified</pose>
		<truncated>1</truncated>
		<difficult>0</difficult>
		<bndbox>
			<xmin>1</xmin>
			<ymin>168</ymin>
			<xmax>499</xmax>
			<ymax>375</ymax>
		</bndbox>
	</object>
	<object>
		<name>chair</name>
		<pose>Unspecified</pose>
		<truncated>1</truncated>
		<difficult>1</difficult>
		<bndbox>
			<xmin>7</xmin>
			<ymin>128</ymin>
			<xmax>175</xmax>
			<ymax>191</ymax>
		</bndbox>
	</object>
	<object>
		<name>chair</name>
		<pose>Unspecified</pose>
		<truncated>1</truncated>
		<difficult>1</difficult>
		<bndbox>
			<xmin>181</xmin>
			<ymin>146</ymin>
			<xmax>381</xmax>
			<ymax>208</ymax>
		</bndbox>
	</object>
	<object>
		<name>chair</name>
		<pose>Unspecified</pose>
		<truncated>1</truncated>
		<difficult>1</difficult>
		<bndbox>
			<xmin>404</xmin>
			<ymin>121</ymin>
			<xmax>500</xmax>
			<ymax>228</ymax>
		</bndbox>
	</object>
</annotation>
