<annotation>
	<folder>VOC2007</folder>
	<filename>004820.jpg</filename>
	<source>
		<database>The VOC2007 Database</database>
		<annotation>PASCAL VOC2007</annotation>
		<image>flickr</image>
		<flickrid>295313764</flickrid>
	</source>
	<owner>
		<flickrid>yusheng</flickrid>
		<name>??</name>
	</owner>
	<size>
		<width>367</width>
		<height>500</height>
		<depth>3</depth>
	</size>
	<segmented>0</segmented>
	<object>
		<name>chair</name>
		<pose>Left</pose>
		<truncated>1</truncated>
		<difficult>0</difficult>
		<bndbox>
			<xmin>2</xmin>
			<ymin>352</ymin>
			<xmax>65</xmax>
			<ymax>500</ymax>
		</bndbox>
	</object>
</annotation>
