<annotation>
	<folder>VOC2007</folder>
	<filename>004901.jpg</filename>
	<source>
		<database>The VOC2007 Database</database>
		<annotation>PASCAL VOC2007</annotation>
		<image>flickr</image>
		<flickrid>338964590</flickrid>
	</source>
	<owner>
		<flickrid>theofpa</flickrid>
		<name>Theofilos Papapanagiotou</name>
	</owner>
	<size>
		<width>500</width>
		<height>375</height>
		<depth>3</depth>
	</size>
	<segmented>0</segmented>
	<object>
		<name>cow</name>
		<pose>Left</pose>
		<truncated>0</truncated>
		<difficult>0</difficult>
		<bndbox>
			<xmin>111</xmin>
			<ymin>131</ymin>
			<xmax>335</xmax>
			<ymax>318</ymax>
		</bndbox>
	</object>
</annotation>
