<annotation>
	<folder>VOC2007</folder>
	<filename>005080.jpg</filename>
	<source>
		<database>The VOC2007 Database</database>
		<annotation>PASCAL VOC2007</annotation>
		<image>flickr</image>
		<flickrid>335705128</flickrid>
	</source>
	<owner>
		<flickrid>kjmurray</flickrid>
		<name>Katherine Murray</name>
	</owner>
	<size>
		<width>500</width>
		<height>333</height>
		<depth>3</depth>
	</size>
	<segmented>0</segmented>
	<object>
		<name>cow</name>
		<pose>Right</pose>
		<truncated>0</truncated>
		<difficult>0</difficult>
		<bndbox>
			<xmin>71</xmin>
			<ymin>43</ymin>
			<xmax>427</xmax>
			<ymax>309</ymax>
		</bndbox>
	</object>
</annotation>
