<annotation>
	<folder>VOC2007</folder>
	<filename>005103.jpg</filename>
	<source>
		<database>The VOC2007 Database</database>
		<annotation>PASCAL VOC2007</annotation>
		<image>flickr</image>
		<flickrid>339168232</flickrid>
	</source>
	<owner>
		<flickrid>brandi666</flickrid>
		<name>brandi valenza</name>
	</owner>
	<size>
		<width>375</width>
		<height>500</height>
		<depth>3</depth>
	</size>
	<segmented>0</segmented>
	<object>
		<name>person</name>
		<pose>Unspecified</pose>
		<truncated>0</truncated>
		<difficult>0</difficult>
		<bndbox>
			<xmin>122</xmin>
			<ymin>42</ymin>
			<xmax>287</xmax>
			<ymax>461</ymax>
		</bndbox>
		<part>
			<name>head</name>
			<bndbox>
				<xmin>193.3191</xmin>
				<ymin>46.1327</ymin>
				<xmax>244.8309</xmax>
				<ymax>113.8819</ymax>
			</bndbox>
		</part>
		<part>
			<name>hand</name>
			<bndbox>
				<xmin>189.9597</xmin>
				<ymin>118.9211</ymin>
				<xmax>215.7156</xmax>
				<ymax>158.1148</ymax>
			</bndbox>
		</part>
		<part>
			<name>hand</name>
			<bndbox>
				<xmin>153.0056</xmin>
				<ymin>234.8225</ymin>
				<xmax>166.4434</xmax>
				<ymax>262.818</ymax>
			</bndbox>
		</part>
		<part>
			<name>foot</name>
			<bndbox>
				<xmin>199.4782</xmin>
				<ymin>426.3119</ymin>
				<xmax>229.7133</xmax>
				<ymax>461.5862</ymax>
			</bndbox>
		</part>
		<part>
			<name>foot</name>
			<bndbox>
				<xmin>121.0907</xmin>
				<ymin>421.8326</ymin>
				<xmax>175.9619</xmax>
				<ymax>452.6277</ymax>
			</bndbox>
		</part>
	</object>
	<object>
		<name>person</name>
		<pose>Unspecified</pose>
		<truncated>1</truncated>
		<difficult>0</difficult>
		<bndbox>
			<xmin>308</xmin>
			<ymin>111</ymin>
			<xmax>375</xmax>
			<ymax>359</ymax>
		</bndbox>
		<part>
			<name>head</name>
			<bndbox>
				<xmin>350.0941</xmin>
				<ymin>111.0823</ymin>
				<xmax>375</xmax>
				<ymax>155.3152</ymax>
			</bndbox>
		</part>
		<part>
			<name>hand</name>
			<bndbox>
				<xmin>326.0179</xmin>
				<ymin>248.2604</ymin>
				<xmax>338.8959</xmax>
				<ymax>266.7374</ymax>
			</bndbox>
		</part>
		<part>
			<name>foot</name>
			<bndbox>
				<xmin>308.1008</xmin>
				<ymin>338.9658</ymin>
				<xmax>350.654</xmax>
				<ymax>361.9222</ymax>
			</bndbox>
		</part>
	</object>
	<object>
		<name>chair</name>
		<pose>Unspecified</pose>
		<truncated>1</truncated>
		<difficult>1</difficult>
		<bndbox>
			<xmin>128</xmin>
			<ymin>228</ymin>
			<xmax>165</xmax>
			<ymax>355</ymax>
		</bndbox>
	</object>
</annotation>
