<annotation>
	<folder>VOC2007</folder>
	<filename>005193.jpg</filename>
	<source>
		<database>The VOC2007 Database</database>
		<annotation>PASCAL VOC2007</annotation>
		<image>flickr</image>
		<flickrid>323262137</flickrid>
	</source>
	<owner>
		<flickrid>kimberspage</flickrid>
		<name>Kimber Gilbert</name>
	</owner>
	<size>
		<width>500</width>
		<height>375</height>
		<depth>3</depth>
	</size>
	<segmented>0</segmented>
	<object>
		<name>dog</name>
		<pose>Left</pose>
		<truncated>1</truncated>
		<difficult>0</difficult>
		<bndbox>
			<xmin>123</xmin>
			<ymin>138</ymin>
			<xmax>500</xmax>
			<ymax>365</ymax>
		</bndbox>
	</object>
	<object>
		<name>chair</name>
		<pose>Frontal</pose>
		<truncated>1</truncated>
		<difficult>0</difficult>
		<bndbox>
			<xmin>58</xmin>
			<ymin>1</ymin>
			<xmax>286</xmax>
			<ymax>196</ymax>
		</bndbox>
	</object>
</annotation>
