<annotation>
	<folder>VOC2007</folder>
	<filename>005196.jpg</filename>
	<source>
		<database>The VOC2007 Database</database>
		<annotation>PASCAL VOC2007</annotation>
		<image>flickr</image>
		<flickrid>333372379</flickrid>
	</source>
	<owner>
		<flickrid>.damien</flickrid>
		<name>Damien Jones</name>
	</owner>
	<size>
		<width>500</width>
		<height>375</height>
		<depth>3</depth>
	</size>
	<segmented>0</segmented>
	<object>
		<name>pottedplant</name>
		<pose>Unspecified</pose>
		<truncated>0</truncated>
		<difficult>0</difficult>
		<bndbox>
			<xmin>189</xmin>
			<ymin>1</ymin>
			<xmax>317</xmax>
			<ymax>111</ymax>
		</bndbox>
	</object>
	<object>
		<name>cat</name>
		<pose>Unspecified</pose>
		<truncated>0</truncated>
		<difficult>0</difficult>
		<bndbox>
			<xmin>12</xmin>
			<ymin>184</ymin>
			<xmax>164</xmax>
			<ymax>297</ymax>
		</bndbox>
	</object>
	<object>
		<name>person</name>
		<pose>Unspecified</pose>
		<truncated>1</truncated>
		<difficult>0</difficult>
		<bndbox>
			<xmin>1</xmin>
			<ymin>26</ymin>
			<xmax>271</xmax>
			<ymax>375</ymax>
		</bndbox>
		<part>
			<name>head</name>
			<bndbox>
				<xmin>176.3819</xmin>
				<ymin>50.262</ymin>
				<xmax>230.5532</xmax>
				<ymax>124.5901</ymax>
			</bndbox>
		</part>
		<part>
			<name>hand</name>
			<bndbox>
				<xmin>235.5924</xmin>
				<ymin>55.3012</ymin>
				<xmax>268.3471</xmax>
				<ymax>110.7324</ymax>
			</bndbox>
		</part>
		<part>
			<name>hand</name>
			<bndbox>
				<xmin>203.2576</xmin>
				<ymin>279.9653</ymin>
				<xmax>245.6708</xmax>
				<ymax>313.9798</ymax>
			</bndbox>
		</part>
	</object>
	<object>
		<name>person</name>
		<pose>Unspecified</pose>
		<truncated>1</truncated>
		<difficult>0</difficult>
		<bndbox>
			<xmin>225</xmin>
			<ymin>43</ymin>
			<xmax>500</xmax>
			<ymax>375</ymax>
		</bndbox>
		<part>
			<name>head</name>
			<bndbox>
				<xmin>321.2587</xmin>
				<ymin>43.1232</ymin>
				<xmax>388.4479</xmax>
				<ymax>127.5297</ymax>
			</bndbox>
		</part>
		<part>
			<name>foot</name>
			<bndbox>
				<xmin>225.0941</xmin>
				<ymin>323.2184</ymin>
				<xmax>309.9205</xmax>
				<ymax>375</ymax>
			</bndbox>
		</part>
	</object>
	<object>
		<name>sofa</name>
		<pose>Unspecified</pose>
		<truncated>1</truncated>
		<difficult>1</difficult>
		<bndbox>
			<xmin>3</xmin>
			<ymin>99</ymin>
			<xmax>500</xmax>
			<ymax>375</ymax>
		</bndbox>
	</object>
	<object>
		<name>chair</name>
		<pose>Unspecified</pose>
		<truncated>1</truncated>
		<difficult>1</difficult>
		<bndbox>
			<xmin>472</xmin>
			<ymin>72</ymin>
			<xmax>500</xmax>
			<ymax>104</ymax>
		</bndbox>
	</object>
	<object>
		<name>chair</name>
		<pose>Unspecified</pose>
		<truncated>1</truncated>
		<difficult>1</difficult>
		<bndbox>
			<xmin>1</xmin>
			<ymin>58</ymin>
			<xmax>38</xmax>
			<ymax>98</ymax>
		</bndbox>
	</object>
</annotation>
