<annotation>
	<folder>VOC2007</folder>
	<filename>005295.jpg</filename>
	<source>
		<database>The VOC2007 Database</database>
		<annotation>PASCAL VOC2007</annotation>
		<image>flickr</image>
		<flickrid>224862364</flickrid>
	</source>
	<owner>
		<flickrid>Marco Ammannati</flickrid>
		<name>?</name>
	</owner>
	<size>
		<width>500</width>
		<height>375</height>
		<depth>3</depth>
	</size>
	<segmented>0</segmented>
	<object>
		<name>chair</name>
		<pose>Left</pose>
		<truncated>0</truncated>
		<difficult>0</difficult>
		<bndbox>
			<xmin>298</xmin>
			<ymin>203</ymin>
			<xmax>378</xmax>
			<ymax>326</ymax>
		</bndbox>
	</object>
	<object>
		<name>chair</name>
		<pose>Left</pose>
		<truncated>1</truncated>
		<difficult>0</difficult>
		<bndbox>
			<xmin>295</xmin>
			<ymin>186</ymin>
			<xmax>355</xmax>
			<ymax>250</ymax>
		</bndbox>
	</object>
	<object>
		<name>person</name>
		<pose>Unspecified</pose>
		<truncated>0</truncated>
		<difficult>0</difficult>
		<bndbox>
			<xmin>17</xmin>
			<ymin>167</ymin>
			<xmax>162</xmax>
			<ymax>375</ymax>
		</bndbox>
		<part>
			<name>head</name>
			<bndbox>
				<xmin>40.7436</xmin>
				<ymin>167.8432</ymin>
				<xmax>73.9183</xmax>
				<ymax>206.897</ymax>
			</bndbox>
		</part>
		<part>
			<name>hand</name>
			<bndbox>
				<xmin>96.1747</xmin>
				<ymin>295.5028</ymin>
				<xmax>120.9507</xmax>
				<ymax>313.14</ymax>
			</bndbox>
		</part>
		<part>
			<name>foot</name>
			<bndbox>
				<xmin>121.3707</xmin>
				<ymin>347.1545</ymin>
				<xmax>160.0045</xmax>
				<ymax>360.5924</ymax>
			</bndbox>
		</part>
		<part>
			<name>foot</name>
			<bndbox>
				<xmin>114.2318</xmin>
				<ymin>368.5711</ymin>
				<xmax>133.1288</xmax>
				<ymax>375</ymax>
			</bndbox>
		</part>
	</object>
</annotation>
