<annotation>
	<folder>VOC2007</folder>
	<filename>005294.jpg</filename>
	<source>
		<database>The VOC2007 Database</database>
		<annotation>PASCAL VOC2007</annotation>
		<image>flickr</image>
		<flickrid>326299256</flickrid>
	</source>
	<owner>
		<flickrid>Michelle Lyles</flickrid>
		<name>?</name>
	</owner>
	<size>
		<width>500</width>
		<height>375</height>
		<depth>3</depth>
	</size>
	<segmented>1</segmented>
	<object>
		<name>bottle</name>
		<pose>Unspecified</pose>
		<truncated>0</truncated>
		<difficult>0</difficult>
		<bndbox>
			<xmin>135</xmin>
			<ymin>2</ymin>
			<xmax>483</xmax>
			<ymax>375</ymax>
		</bndbox>
	</object>
</annotation>
