<annotation>
	<folder>VOC2007</folder>
	<filename>005279.jpg</filename>
	<source>
		<database>The VOC2007 Database</database>
		<annotation>PASCAL VOC2007</annotation>
		<image>flickr</image>
		<flickrid>271041183</flickrid>
	</source>
	<owner>
		<flickrid>Renataaaaaaa</flickrid>
		<name>Renata</name>
	</owner>
	<size>
		<width>330</width>
		<height>330</height>
		<depth>3</depth>
	</size>
	<segmented>0</segmented>
	<object>
		<name>chair</name>
		<pose>Unspecified</pose>
		<truncated>0</truncated>
		<difficult>0</difficult>
		<bndbox>
			<xmin>28</xmin>
			<ymin>29</ymin>
			<xmax>313</xmax>
			<ymax>302</ymax>
		</bndbox>
	</object>
</annotation>
