<annotation>
	<folder>VOC2007</folder>
	<filename>005216.jpg</filename>
	<source>
		<database>The VOC2007 Database</database>
		<annotation>PASCAL VOC2007</annotation>
		<image>flickr</image>
		<flickrid>312294823</flickrid>
	</source>
	<owner>
		<flickrid>billybackybear</flickrid>
		<name>Backy Vandermast</name>
	</owner>
	<size>
		<width>500</width>
		<height>372</height>
		<depth>3</depth>
	</size>
	<segmented>0</segmented>
	<object>
		<name>bottle</name>
		<pose>Unspecified</pose>
		<truncated>0</truncated>
		<difficult>0</difficult>
		<bndbox>
			<xmin>192</xmin>
			<ymin>48</ymin>
			<xmax>314</xmax>
			<ymax>349</ymax>
		</bndbox>
	</object>
</annotation>
