<annotation>
	<folder>VOC2007</folder>
	<filename>005286.jpg</filename>
	<source>
		<database>The VOC2007 Database</database>
		<annotation>PASCAL VOC2007</annotation>
		<image>flickr</image>
		<flickrid>323538522</flickrid>
	</source>
	<owner>
		<flickrid>LourenH</flickrid>
		<name>Louren Hernandez</name>
	</owner>
	<size>
		<width>500</width>
		<height>375</height>
		<depth>3</depth>
	</size>
	<segmented>0</segmented>
	<object>
		<name>person</name>
		<pose>Frontal</pose>
		<truncated>0</truncated>
		<difficult>0</difficult>
		<bndbox>
			<xmin>104</xmin>
			<ymin>65</ymin>
			<xmax>440</xmax>
			<ymax>372</ymax>
		</bndbox>
		<part>
			<name>head</name>
			<bndbox>
				<xmin>207.037</xmin>
				<ymin>63.6999</ymin>
				<xmax>294.8029</xmax>
				<ymax>163.6439</ymax>
			</bndbox>
		</part>
		<part>
			<name>hand</name>
			<bndbox>
				<xmin>375.8499</xmin>
				<ymin>107.3729</ymin>
				<xmax>430.4412</xmax>
				<ymax>138.028</ymax>
			</bndbox>
		</part>
		<part>
			<name>hand</name>
			<bndbox>
				<xmin>94.9149</xmin>
				<ymin>243.8511</ymin>
				<xmax>126.8298</xmax>
				<ymax>258.9686</ymax>
			</bndbox>
		</part>
		<part>
			<name>foot</name>
			<bndbox>
				<xmin>143.2072</xmin>
				<ymin>307.6809</ymin>
				<xmax>207.8768</xmax>
				<ymax>354.2934</ymax>
			</bndbox>
		</part>
		<part>
			<name>foot</name>
			<bndbox>
				<xmin>317.0594</xmin>
				<ymin>302.6417</ymin>
				<xmax>374.5901</xmax>
				<ymax>368.1512</ymax>
			</bndbox>
		</part>
	</object>
	<object>
		<name>chair</name>
		<pose>Frontal</pose>
		<truncated>1</truncated>
		<difficult>0</difficult>
		<bndbox>
			<xmin>4</xmin>
			<ymin>2</ymin>
			<xmax>433</xmax>
			<ymax>375</ymax>
		</bndbox>
	</object>
</annotation>
