<annotation>
	<folder>VOC2007</folder>
	<filename>005218.jpg</filename>
	<source>
		<database>The VOC2007 Database</database>
		<annotation>PASCAL VOC2007</annotation>
		<image>flickr</image>
		<flickrid>332855641</flickrid>
	</source>
	<owner>
		<flickrid>maklawitter</flickrid>
		<name>Michael Klawitter</name>
	</owner>
	<size>
		<width>500</width>
		<height>375</height>
		<depth>3</depth>
	</size>
	<segmented>0</segmented>
	<object>
		<name>chair</name>
		<pose>Frontal</pose>
		<truncated>0</truncated>
		<difficult>0</difficult>
		<bndbox>
			<xmin>140</xmin>
			<ymin>70</ymin>
			<xmax>401</xmax>
			<ymax>262</ymax>
		</bndbox>
	</object>
	<object>
		<name>person</name>
		<pose>Right</pose>
		<truncated>0</truncated>
		<difficult>0</difficult>
		<bndbox>
			<xmin>114</xmin>
			<ymin>96</ymin>
			<xmax>253</xmax>
			<ymax>357</ymax>
		</bndbox>
		<part>
			<name>head</name>
			<bndbox>
				<xmin>130.6092</xmin>
				<ymin>96.0347</ymin>
				<xmax>197.7984</xmax>
				<ymax>175.8219</ymax>
			</bndbox>
		</part>
		<part>
			<name>hand</name>
			<bndbox>
				<xmin>167.1433</xmin>
				<ymin>227.0538</ymin>
				<xmax>195.2788</xmax>
				<ymax>245.9507</ymax>
			</bndbox>
		</part>
		<part>
			<name>hand</name>
			<bndbox>
				<xmin>180.1613</xmin>
				<ymin>201.4378</ymin>
				<xmax>201.1579</xmax>
				<ymax>216.5554</ymax>
			</bndbox>
		</part>
		<part>
			<name>foot</name>
			<bndbox>
				<xmin>205.3572</xmin>
				<ymin>297.1825</ymin>
				<xmax>251.9698</xmax>
				<ymax>319.8589</ymax>
			</bndbox>
		</part>
		<part>
			<name>foot</name>
			<bndbox>
				<xmin>148.2464</xmin>
				<ymin>336.2363</ymin>
				<xmax>181.841</xmax>
				<ymax>355.9731</ymax>
			</bndbox>
		</part>
	</object>
</annotation>
