<annotation>
	<folder>VOC2007</folder>
	<filename>005313.jpg</filename>
	<source>
		<database>The VOC2007 Database</database>
		<annotation>PASCAL VOC2007</annotation>
		<image>flickr</image>
		<flickrid>306563182</flickrid>
	</source>
	<owner>
		<flickrid>David de Groot</flickrid>
		<name>David de Groot</name>
	</owner>
	<size>
		<width>500</width>
		<height>375</height>
		<depth>3</depth>
	</size>
	<segmented>0</segmented>
	<object>
		<name>tvmonitor</name>
		<pose>Frontal</pose>
		<truncated>0</truncated>
		<difficult>0</difficult>
		<bndbox>
			<xmin>298</xmin>
			<ymin>80</ymin>
			<xmax>379</xmax>
			<ymax>159</ymax>
		</bndbox>
	</object>
	<object>
		<name>chair</name>
		<pose>Frontal</pose>
		<truncated>1</truncated>
		<difficult>0</difficult>
		<bndbox>
			<xmin>1</xmin>
			<ymin>124</ymin>
			<xmax>96</xmax>
			<ymax>333</ymax>
		</bndbox>
	</object>
</annotation>
